[
    {
        "fields": {
            "name": "University of Melbourne"
        },
        "model": "rgmain.university",
        "pk": 1
    },
    {
        "fields": {
            "name": "Imperial College London"
        },
        "model": "rgmain.university",
        "pk": 2
    },
    {
        "fields": {
            "name": "University of New South Wales"
        },
        "model": "rgmain.university",
        "pk": 3
    },
    {
        "fields": {
            "name": "University of Queensland"
        },
        "model": "rgmain.university",
        "pk": 4
    },
    {
        "fields": {
            "name": "University of Adelaide"
        },
        "model": "rgmain.university",
        "pk": 5
    },
    {
        "fields": {
            "name": "University of Western Australia"
        },
        "model": "rgmain.university",
        "pk": 6
    },
    {
        "fields": {
            "name": "RMIT University"
        },
        "model": "rgmain.university",
        "pk": 7
    },
    {
        "fields": {
            "name": "Monash University"
        },
        "model": "rgmain.university",
        "pk": 8
    },
    {
        "fields": {
            "name": "University of Oxford"
        },
        "model": "rgmain.university",
        "pk": 9
    },
    {
        "fields": {
            "name": "Trinity College Dublin"
        },
        "model": "rgmain.university",
        "pk": 10
    },
    {
        "fields": {
            "name": "University of Manchester"
        },
        "model": "rgmain.university",
        "pk": 11
    },
    {
        "fields": {
            "name": "University of Sydney"
        },
        "model": "rgmain.university",
        "pk": 12
    },
    {
        "fields": {
            "name": "Australian Defence Force Academy"
        },
        "model": "rgmain.university",
        "pk": 13
    },
    {
        "fields": {
            "name": "Australian National University"
        },
        "model": "rgmain.university",
        "pk": 14
    },
    {
        "fields": {
            "name": "University of Canberra"
        },
        "model": "rgmain.university",
        "pk": 15
    },
    {
        "fields": {
            "name": "Charles Sturt University"
        },
        "model": "rgmain.university",
        "pk": 16
    },
    {
        "fields": {
            "name": "Macquarie University"
        },
        "model": "rgmain.university",
        "pk": 17
    },
    {
        "fields": {
            "name": "Southern Cross University"
        },
        "model": "rgmain.university",
        "pk": 18
    },
    {
        "fields": {
            "name": "University of New England"
        },
        "model": "rgmain.university",
        "pk": 19
    },
    {
        "fields": {
            "name": "University of Newcastle"
        },
        "model": "rgmain.university",
        "pk": 20
    },
    {
        "fields": {
            "name": "University of Technology Sydney"
        },
        "model": "rgmain.university",
        "pk": 21
    },
    {
        "fields": {
            "name": "University of Western Sydney"
        },
        "model": "rgmain.university",
        "pk": 22
    },
    {
        "fields": {
            "name": "University of Wollongong"
        },
        "model": "rgmain.university",
        "pk": 23
    },
    {
        "fields": {
            "name": "Deakin University"
        },
        "model": "rgmain.university",
        "pk": 24
    },
    {
        "fields": {
            "name": "La Trobe University"
        },
        "model": "rgmain.university",
        "pk": 25
    },
    {
        "fields": {
            "name": "Swinburne University of Technology"
        },
        "model": "rgmain.university",
        "pk": 26
    },
    {
        "fields": {
            "name": "University of Ballarat"
        },
        "model": "rgmain.university",
        "pk": 27
    },
    {
        "fields": {
            "name": "Victoria University"
        },
        "model": "rgmain.university",
        "pk": 28
    },
    {
        "fields": {
            "name": "Bond University"
        },
        "model": "rgmain.university",
        "pk": 29
    },
    {
        "fields": {
            "name": "Central Queensland University"
        },
        "model": "rgmain.university",
        "pk": 30
    },
    {
        "fields": {
            "name": "Griffith University"
        },
        "model": "rgmain.university",
        "pk": 31
    },
    {
        "fields": {
            "name": "James Cook University"
        },
        "model": "rgmain.university",
        "pk": 32
    },
    {
        "fields": {
            "name": "Queensland University of Technology"
        },
        "model": "rgmain.university",
        "pk": 33
    },
    {
        "fields": {
            "name": "University of Southern Queensland"
        },
        "model": "rgmain.university",
        "pk": 34
    },
    {
        "fields": {
            "name": "University of the Sunshine Coast"
        },
        "model": "rgmain.university",
        "pk": 35
    },
    {
        "fields": {
            "name": "Curtin University"
        },
        "model": "rgmain.university",
        "pk": 36
    },
    {
        "fields": {
            "name": "Edith Cowan University"
        },
        "model": "rgmain.university",
        "pk": 37
    },
    {
        "fields": {
            "name": "Murdoch University"
        },
        "model": "rgmain.university",
        "pk": 38
    },
    {
        "fields": {
            "name": "University of Notre Dame Australia"
        },
        "model": "rgmain.university",
        "pk": 39
    },
    {
        "fields": {
            "name": "Heinz College Australia"
        },
        "model": "rgmain.university",
        "pk": 40
    },
    {
        "fields": {
            "name": "University of South Australia"
        },
        "model": "rgmain.university",
        "pk": 41
    },
    {
        "fields": {
            "name": "University of Tasmania"
        },
        "model": "rgmain.university",
        "pk": 42
    },
    {
        "fields": {
            "name": "Charles Darwin University"
        },
        "model": "rgmain.university",
        "pk": 43
    },
    {
        "fields": {
            "name": "University College London"
        },
        "model": "rgmain.university",
        "pk": 44
    },
    {
        "fields": {
            "name": "University of Birmingham"
        },
        "model": "rgmain.university",
        "pk": 45
    },
    {
        "fields": {
            "name": "University of Edinburgh"
        },
        "model": "rgmain.university",
        "pk": 46
    },
    {
        "fields": {
            "name": "University of Glasgow"
        },
        "model": "rgmain.university",
        "pk": 47
    },
    {
        "fields": {
            "name": "University of Nottingham"
        },
        "model": "rgmain.university",
        "pk": 48
    },
    {
        "fields": {
            "name": "London School of Economics"
        },
        "model": "rgmain.university",
        "pk": 49
    },
    {
        "fields": {
            "name": "University of Cambridge"
        },
        "model": "rgmain.university",
        "pk": 50
    },
    {
        "fields": {
            "name": "University of Bristol"
        },
        "model": "rgmain.university",
        "pk": 51
    },
    {
        "fields": {
            "name": "University of Otago"
        },
        "model": "rgmain.university",
        "pk": 52
    },
    {
        "fields": {
            "name": "Otago Polytechnic"
        },
        "model": "rgmain.university",
        "pk": 53
    },
    {
        "fields": {
            "name": "University of Sheffield"
        },
        "model": "rgmain.university",
        "pk": 54
    },
    {
        "fields": {
            "name": "University of Leeds"
        },
        "model": "rgmain.university",
        "pk": 55
    },
    {
        "fields": {
            "name": "TU Delft"
        },
        "model": "rgmain.university",
        "pk": 56
    },
    {
        "fields": {
            "name": "ETH Zurich"
        },
        "model": "rgmain.university",
        "pk": 57
    },
    {
        "fields": {
            "name": "California Institute of Technology"
        },
        "model": "rgmain.university",
        "pk": 58
    },
    {
        "fields": {
            "name": "University of Arizona"
        },
        "model": "rgmain.university",
        "pk": 59
    },
    {
        "fields": {
            "name": "Tokyo Institute of Technology"
        },
        "model": "rgmain.university",
        "pk": 60
    },
    {
        "fields": {
            "name": "Victoria University of Wellington"
        },
        "model": "rgmain.university",
        "pk": 62
    },
    {
        "fields": {
            "name": "Columbia University"
        },
        "model": "rgmain.university",
        "pk": 63
    },
    {
        "fields": {
            "name": "University of Southampton"
        },
        "model": "rgmain.university",
        "pk": 64
    },
    {
        "fields": {
            "name": "University of Cambridge "
        },
        "model": "rgmain.university",
        "pk": 65
    },
    {
        "fields": {
            "name": "University of Southern California"
        },
        "model": "rgmain.university",
        "pk": 66
    },
    {
        "fields": {
            "name": "Harvard University"
        },
        "model": "rgmain.university",
        "pk": 67
    },
    {
        "fields": {
            "name": "Massachusetts Institute of Technology"
        },
        "model": "rgmain.university",
        "pk": 68
    },
    {
        "fields": {
            "name": "York University"
        },
        "model": "rgmain.university",
        "pk": 69
    },
    {
        "fields": {
            "name": "University of Newcastle"
        },
        "model": "rgmain.university",
        "pk": 70
    },
    {
        "fields": {
            "name": "University of Liverpool"
        },
        "model": "rgmain.university",
        "pk": 71
    },
    {
        "fields": {
            "name": "Loughborough University"
        },
        "model": "rgmain.university",
        "pk": 72
    },
    {
        "fields": {
            "name": "University of Auckland"
        },
        "model": "rgmain.university",
        "pk": 73
    },
    {
        "fields": {
            "name": "Queens University"
        },
        "model": "rgmain.university",
        "pk": 74
    },
    {
        "fields": {
            "name": "University of Exeter"
        },
        "model": "rgmain.university",
        "pk": 75
    },
    {
        "fields": {
            "name": "University of Cape Town"
        },
        "model": "rgmain.university",
        "pk": 76
    },
    {
        "fields": {
            "name": "Xavier University"
        },
        "model": "rgmain.university",
        "pk": 77
    },
    {
        "fields": {
            "name": "Monash University "
        },
        "model": "rgmain.university",
        "pk": 78
    },
    {
        "fields": {
            "name": "Peking University"
        },
        "model": "rgmain.university",
        "pk": 79
    },
    {
        "fields": {
            "name": "Fiji National University"
        },
        "model": "rgmain.university",
        "pk": 80
    },
    {
        "fields": {
            "name": "Massachusetts College"
        },
        "model": "rgmain.university",
        "pk": 81
    },
    {
        "fields": {
            "name": "Wellesley College"
        },
        "model": "rgmain.university",
        "pk": 82
    },
    {
        "fields": {
            "name": "University of Sussex"
        },
        "model": "rgmain.university",
        "pk": 83
    },
    {
        "fields": {
            "name": "University of St Andrews"
        },
        "model": "rgmain.university",
        "pk": 84
    },
    {
        "fields": {
            "name": "University of Toronto"
        },
        "model": "rgmain.university",
        "pk": 85
    },
    {
        "fields": {
            "name": "Georgia Institute of Technology"
        },
        "model": "rgmain.university",
        "pk": 86
    },
    {
        "fields": {
            "name": "University of Sussex"
        },
        "model": "rgmain.university",
        "pk": 87
    },
    {
        "fields": {
            "name": "Test University"
        },
        "model": "rgmain.university",
        "pk": 88
    },
    {
        "fields": {
            "name": "Robert Gordon University"
        },
        "model": "rgmain.university",
        "pk": 89
    },
    {
        "fields": {
            "name": "Aberdeen University"
        },
        "model": "rgmain.university",
        "pk": 90
    },
    {
        "fields": {
            "name": "University of Calgary"
        },
        "model": "rgmain.university",
        "pk": 91
    },
    {
        "fields": {
            "name": "Alfaisal University"
        },
        "model": "rgmain.university",
        "pk": 92
    },
    {
        "fields": {
            "name": "McGill University"
        },
        "model": "rgmain.university",
        "pk": 93
    },
    {
        "fields": {
            "name": "University of Nairobi"
        },
        "model": "rgmain.university",
        "pk": 94
    },
    {
        "fields": {
            "name": "Binus International University"
        },
        "model": "rgmain.university",
        "pk": 95
    },
    {
        "fields": {
            "name": "National Institute of Technology, Hakodate College"
        },
        "model": "rgmain.university",
        "pk": 96
    },
    {
        "fields": {
            "name": "National Institute of Technology, Kagoshima College"
        },
        "model": "rgmain.university",
        "pk": 97
    },
    {
        "fields": {
            "name": "London South Bank University"
        },
        "model": "rgmain.university",
        "pk": 98
    },
    {
        "fields": {
            "name": "London South Bank University"
        },
        "model": "rgmain.university",
        "pk": 99
    },
    {
        "fields": {
            "name": "University of Alberta"
        },
        "model": "rgmain.university",
        "pk": 100
    },
    {
        "fields": {
            "country_name": "Andorra"
        },
        "model": "rgmain.country",
        "pk": "AD"
    },
    {
        "fields": {
            "country_name": "United Arab Emirates"
        },
        "model": "rgmain.country",
        "pk": "AE"
    },
    {
        "fields": {
            "country_name": "Afghanistan"
        },
        "model": "rgmain.country",
        "pk": "AF"
    },
    {
        "fields": {
            "country_name": "Antigua and Barbuda"
        },
        "model": "rgmain.country",
        "pk": "AG"
    },
    {
        "fields": {
            "country_name": "Anguilla"
        },
        "model": "rgmain.country",
        "pk": "AI"
    },
    {
        "fields": {
            "country_name": "Albania"
        },
        "model": "rgmain.country",
        "pk": "AL"
    },
    {
        "fields": {
            "country_name": "Armenia"
        },
        "model": "rgmain.country",
        "pk": "AM"
    },
    {
        "fields": {
            "country_name": "Netherlands Antilles"
        },
        "model": "rgmain.country",
        "pk": "AN"
    },
    {
        "fields": {
            "country_name": "Angola"
        },
        "model": "rgmain.country",
        "pk": "AO"
    },
    {
        "fields": {
            "country_name": "Antarctica"
        },
        "model": "rgmain.country",
        "pk": "AQ"
    },
    {
        "fields": {
            "country_name": "Argentina"
        },
        "model": "rgmain.country",
        "pk": "AR"
    },
    {
        "fields": {
            "country_name": "American Samoa"
        },
        "model": "rgmain.country",
        "pk": "AS"
    },
    {
        "fields": {
            "country_name": "Austria"
        },
        "model": "rgmain.country",
        "pk": "AT"
    },
    {
        "fields": {
            "country_name": "Australia"
        },
        "model": "rgmain.country",
        "pk": "AU"
    },
    {
        "fields": {
            "country_name": "Aruba"
        },
        "model": "rgmain.country",
        "pk": "AW"
    },
    {
        "fields": {
            "country_name": "Aland Islands"
        },
        "model": "rgmain.country",
        "pk": "AX"
    },
    {
        "fields": {
            "country_name": "Azerbaijan"
        },
        "model": "rgmain.country",
        "pk": "AZ"
    },
    {
        "fields": {
            "country_name": "Bosnia and Herzegovina"
        },
        "model": "rgmain.country",
        "pk": "BA"
    },
    {
        "fields": {
            "country_name": "Barbados"
        },
        "model": "rgmain.country",
        "pk": "BB"
    },
    {
        "fields": {
            "country_name": "Bangladesh"
        },
        "model": "rgmain.country",
        "pk": "BD"
    },
    {
        "fields": {
            "country_name": "Belgium"
        },
        "model": "rgmain.country",
        "pk": "BE"
    },
    {
        "fields": {
            "country_name": "Burkina Faso"
        },
        "model": "rgmain.country",
        "pk": "BF"
    },
    {
        "fields": {
            "country_name": "Bulgaria"
        },
        "model": "rgmain.country",
        "pk": "BG"
    },
    {
        "fields": {
            "country_name": "Bahrain"
        },
        "model": "rgmain.country",
        "pk": "BH"
    },
    {
        "fields": {
            "country_name": "Burundi"
        },
        "model": "rgmain.country",
        "pk": "BI"
    },
    {
        "fields": {
            "country_name": "Benin"
        },
        "model": "rgmain.country",
        "pk": "BJ"
    },
    {
        "fields": {
            "country_name": "Saint Barthelemy"
        },
        "model": "rgmain.country",
        "pk": "BL"
    },
    {
        "fields": {
            "country_name": "Bermuda"
        },
        "model": "rgmain.country",
        "pk": "BM"
    },
    {
        "fields": {
            "country_name": "Brunei Darussalam"
        },
        "model": "rgmain.country",
        "pk": "BN"
    },
    {
        "fields": {
            "country_name": "Bolivia"
        },
        "model": "rgmain.country",
        "pk": "BO"
    },
    {
        "fields": {
            "country_name": "Brazil"
        },
        "model": "rgmain.country",
        "pk": "BR"
    },
    {
        "fields": {
            "country_name": "Bahamas"
        },
        "model": "rgmain.country",
        "pk": "BS"
    },
    {
        "fields": {
            "country_name": "Bhutan"
        },
        "model": "rgmain.country",
        "pk": "BT"
    },
    {
        "fields": {
            "country_name": "Bouvet Island"
        },
        "model": "rgmain.country",
        "pk": "BV"
    },
    {
        "fields": {
            "country_name": "Botswana"
        },
        "model": "rgmain.country",
        "pk": "BW"
    },
    {
        "fields": {
            "country_name": "Belarus"
        },
        "model": "rgmain.country",
        "pk": "BY"
    },
    {
        "fields": {
            "country_name": "Belize"
        },
        "model": "rgmain.country",
        "pk": "BZ"
    },
    {
        "fields": {
            "country_name": "Canada"
        },
        "model": "rgmain.country",
        "pk": "CA"
    },
    {
        "fields": {
            "country_name": "Cocos (Keeling) Islands"
        },
        "model": "rgmain.country",
        "pk": "CC"
    },
    {
        "fields": {
            "country_name": "Congo (DRC)"
        },
        "model": "rgmain.country",
        "pk": "CD"
    },
    {
        "fields": {
            "country_name": "Central African Republic"
        },
        "model": "rgmain.country",
        "pk": "CF"
    },
    {
        "fields": {
            "country_name": "Congo"
        },
        "model": "rgmain.country",
        "pk": "CG"
    },
    {
        "fields": {
            "country_name": "Switzerland"
        },
        "model": "rgmain.country",
        "pk": "CH"
    },
    {
        "fields": {
            "country_name": "Cote d'Ivoire"
        },
        "model": "rgmain.country",
        "pk": "CI"
    },
    {
        "fields": {
            "country_name": "Cook Islands"
        },
        "model": "rgmain.country",
        "pk": "CK"
    },
    {
        "fields": {
            "country_name": "Chile"
        },
        "model": "rgmain.country",
        "pk": "CL"
    },
    {
        "fields": {
            "country_name": "Cameroon"
        },
        "model": "rgmain.country",
        "pk": "CM"
    },
    {
        "fields": {
            "country_name": "China"
        },
        "model": "rgmain.country",
        "pk": "CN"
    },
    {
        "fields": {
            "country_name": "Colombia"
        },
        "model": "rgmain.country",
        "pk": "CO"
    },
    {
        "fields": {
            "country_name": "Costa Rica"
        },
        "model": "rgmain.country",
        "pk": "CR"
    },
    {
        "fields": {
            "country_name": "Cuba"
        },
        "model": "rgmain.country",
        "pk": "CU"
    },
    {
        "fields": {
            "country_name": "Cape Verde"
        },
        "model": "rgmain.country",
        "pk": "CV"
    },
    {
        "fields": {
            "country_name": "Christmas Island"
        },
        "model": "rgmain.country",
        "pk": "CX"
    },
    {
        "fields": {
            "country_name": "Cyprus"
        },
        "model": "rgmain.country",
        "pk": "CY"
    },
    {
        "fields": {
            "country_name": "Czech Republic"
        },
        "model": "rgmain.country",
        "pk": "CZ"
    },
    {
        "fields": {
            "country_name": "Germany"
        },
        "model": "rgmain.country",
        "pk": "DE"
    },
    {
        "fields": {
            "country_name": "Djibouti"
        },
        "model": "rgmain.country",
        "pk": "DJ"
    },
    {
        "fields": {
            "country_name": "Denmark"
        },
        "model": "rgmain.country",
        "pk": "DK"
    },
    {
        "fields": {
            "country_name": "Dominica"
        },
        "model": "rgmain.country",
        "pk": "DM"
    },
    {
        "fields": {
            "country_name": "Dominican Republic"
        },
        "model": "rgmain.country",
        "pk": "DO"
    },
    {
        "fields": {
            "country_name": "Algeria"
        },
        "model": "rgmain.country",
        "pk": "DZ"
    },
    {
        "fields": {
            "country_name": "Ecuador"
        },
        "model": "rgmain.country",
        "pk": "EC"
    },
    {
        "fields": {
            "country_name": "Estonia"
        },
        "model": "rgmain.country",
        "pk": "EE"
    },
    {
        "fields": {
            "country_name": "Egypt"
        },
        "model": "rgmain.country",
        "pk": "EG"
    },
    {
        "fields": {
            "country_name": "Western Sahara"
        },
        "model": "rgmain.country",
        "pk": "EH"
    },
    {
        "fields": {
            "country_name": "Eritrea"
        },
        "model": "rgmain.country",
        "pk": "ER"
    },
    {
        "fields": {
            "country_name": "Spain"
        },
        "model": "rgmain.country",
        "pk": "ES"
    },
    {
        "fields": {
            "country_name": "Ethiopia"
        },
        "model": "rgmain.country",
        "pk": "ET"
    },
    {
        "fields": {
            "country_name": "Finland"
        },
        "model": "rgmain.country",
        "pk": "FI"
    },
    {
        "fields": {
            "country_name": "Fiji"
        },
        "model": "rgmain.country",
        "pk": "FJ"
    },
    {
        "fields": {
            "country_name": "Falkland Islands"
        },
        "model": "rgmain.country",
        "pk": "FK"
    },
    {
        "fields": {
            "country_name": "Micronesia"
        },
        "model": "rgmain.country",
        "pk": "FM"
    },
    {
        "fields": {
            "country_name": "Faroe Islands"
        },
        "model": "rgmain.country",
        "pk": "FO"
    },
    {
        "fields": {
            "country_name": "France"
        },
        "model": "rgmain.country",
        "pk": "FR"
    },
    {
        "fields": {
            "country_name": "Gabon"
        },
        "model": "rgmain.country",
        "pk": "GA"
    },
    {
        "fields": {
            "country_name": "United Kingdom"
        },
        "model": "rgmain.country",
        "pk": "GB"
    },
    {
        "fields": {
            "country_name": "Grenada"
        },
        "model": "rgmain.country",
        "pk": "GD"
    },
    {
        "fields": {
            "country_name": "Georgia"
        },
        "model": "rgmain.country",
        "pk": "GE"
    },
    {
        "fields": {
            "country_name": "French Guiana"
        },
        "model": "rgmain.country",
        "pk": "GF"
    },
    {
        "fields": {
            "country_name": "Guernsey"
        },
        "model": "rgmain.country",
        "pk": "GG"
    },
    {
        "fields": {
            "country_name": "Ghana"
        },
        "model": "rgmain.country",
        "pk": "GH"
    },
    {
        "fields": {
            "country_name": "Gibraltar"
        },
        "model": "rgmain.country",
        "pk": "GI"
    },
    {
        "fields": {
            "country_name": "Greenland"
        },
        "model": "rgmain.country",
        "pk": "GL"
    },
    {
        "fields": {
            "country_name": "Gambia"
        },
        "model": "rgmain.country",
        "pk": "GM"
    },
    {
        "fields": {
            "country_name": "Guinea"
        },
        "model": "rgmain.country",
        "pk": "GN"
    },
    {
        "fields": {
            "country_name": "Guadeloupe"
        },
        "model": "rgmain.country",
        "pk": "GP"
    },
    {
        "fields": {
            "country_name": "Equatorial Guinea"
        },
        "model": "rgmain.country",
        "pk": "GQ"
    },
    {
        "fields": {
            "country_name": "Greece"
        },
        "model": "rgmain.country",
        "pk": "GR"
    },
    {
        "fields": {
            "country_name": "Guatemala"
        },
        "model": "rgmain.country",
        "pk": "GT"
    },
    {
        "fields": {
            "country_name": "Guam"
        },
        "model": "rgmain.country",
        "pk": "GU"
    },
    {
        "fields": {
            "country_name": "Guinea-Bissau"
        },
        "model": "rgmain.country",
        "pk": "GW"
    },
    {
        "fields": {
            "country_name": "Guyana"
        },
        "model": "rgmain.country",
        "pk": "GY"
    },
    {
        "fields": {
            "country_name": "Hong Kong"
        },
        "model": "rgmain.country",
        "pk": "HK"
    },
    {
        "fields": {
            "country_name": "Heard and McDonald Islands"
        },
        "model": "rgmain.country",
        "pk": "HM"
    },
    {
        "fields": {
            "country_name": "Honduras"
        },
        "model": "rgmain.country",
        "pk": "HN"
    },
    {
        "fields": {
            "country_name": "Croatia"
        },
        "model": "rgmain.country",
        "pk": "HR"
    },
    {
        "fields": {
            "country_name": "Haiti"
        },
        "model": "rgmain.country",
        "pk": "HT"
    },
    {
        "fields": {
            "country_name": "Hungary"
        },
        "model": "rgmain.country",
        "pk": "HU"
    },
    {
        "fields": {
            "country_name": "Indonesia"
        },
        "model": "rgmain.country",
        "pk": "ID"
    },
    {
        "fields": {
            "country_name": "Ireland"
        },
        "model": "rgmain.country",
        "pk": "IE"
    },
    {
        "fields": {
            "country_name": "Israel"
        },
        "model": "rgmain.country",
        "pk": "IL"
    },
    {
        "fields": {
            "country_name": "Isle of Man"
        },
        "model": "rgmain.country",
        "pk": "IM"
    },
    {
        "fields": {
            "country_name": "India"
        },
        "model": "rgmain.country",
        "pk": "IN"
    },
    {
        "fields": {
            "country_name": "British Indian Ocean Territory"
        },
        "model": "rgmain.country",
        "pk": "IO"
    },
    {
        "fields": {
            "country_name": "Iraq"
        },
        "model": "rgmain.country",
        "pk": "IQ"
    },
    {
        "fields": {
            "country_name": "Iran"
        },
        "model": "rgmain.country",
        "pk": "IR"
    },
    {
        "fields": {
            "country_name": "Iceland"
        },
        "model": "rgmain.country",
        "pk": "IS"
    },
    {
        "fields": {
            "country_name": "Italy"
        },
        "model": "rgmain.country",
        "pk": "IT"
    },
    {
        "fields": {
            "country_name": "Jersey"
        },
        "model": "rgmain.country",
        "pk": "JE"
    },
    {
        "fields": {
            "country_name": "Jamaica"
        },
        "model": "rgmain.country",
        "pk": "JM"
    },
    {
        "fields": {
            "country_name": "Jordan"
        },
        "model": "rgmain.country",
        "pk": "JO"
    },
    {
        "fields": {
            "country_name": "Japan"
        },
        "model": "rgmain.country",
        "pk": "JP"
    },
    {
        "fields": {
            "country_name": "Kenya"
        },
        "model": "rgmain.country",
        "pk": "KE"
    },
    {
        "fields": {
            "country_name": "Kyrgyzstan"
        },
        "model": "rgmain.country",
        "pk": "KG"
    },
    {
        "fields": {
            "country_name": "Cambodia"
        },
        "model": "rgmain.country",
        "pk": "KH"
    },
    {
        "fields": {
            "country_name": "Kiribati"
        },
        "model": "rgmain.country",
        "pk": "KI"
    },
    {
        "fields": {
            "country_name": "Comoros"
        },
        "model": "rgmain.country",
        "pk": "KM"
    },
    {
        "fields": {
            "country_name": "Saint Kitts and Nevis"
        },
        "model": "rgmain.country",
        "pk": "KN"
    },
    {
        "fields": {
            "country_name": "Korea (North)"
        },
        "model": "rgmain.country",
        "pk": "KP"
    },
    {
        "fields": {
            "country_name": "Korea (South)"
        },
        "model": "rgmain.country",
        "pk": "KR"
    },
    {
        "fields": {
            "country_name": "Kuwait"
        },
        "model": "rgmain.country",
        "pk": "KW"
    },
    {
        "fields": {
            "country_name": "Cayman Islands"
        },
        "model": "rgmain.country",
        "pk": "KY"
    },
    {
        "fields": {
            "country_name": "Kazakhstan"
        },
        "model": "rgmain.country",
        "pk": "KZ"
    },
    {
        "fields": {
            "country_name": "Laos"
        },
        "model": "rgmain.country",
        "pk": "LA"
    },
    {
        "fields": {
            "country_name": "Lebanon"
        },
        "model": "rgmain.country",
        "pk": "LB"
    },
    {
        "fields": {
            "country_name": "Saint Lucia"
        },
        "model": "rgmain.country",
        "pk": "LC"
    },
    {
        "fields": {
            "country_name": "Liechtenstein"
        },
        "model": "rgmain.country",
        "pk": "LI"
    },
    {
        "fields": {
            "country_name": "Sri Lanka"
        },
        "model": "rgmain.country",
        "pk": "LK"
    },
    {
        "fields": {
            "country_name": "Liberia"
        },
        "model": "rgmain.country",
        "pk": "LR"
    },
    {
        "fields": {
            "country_name": "Lesotho"
        },
        "model": "rgmain.country",
        "pk": "LS"
    },
    {
        "fields": {
            "country_name": "Lithuania"
        },
        "model": "rgmain.country",
        "pk": "LT"
    },
    {
        "fields": {
            "country_name": "Luxembourg"
        },
        "model": "rgmain.country",
        "pk": "LU"
    },
    {
        "fields": {
            "country_name": "Latvia"
        },
        "model": "rgmain.country",
        "pk": "LV"
    },
    {
        "fields": {
            "country_name": "Libya"
        },
        "model": "rgmain.country",
        "pk": "LY"
    },
    {
        "fields": {
            "country_name": "Morocco"
        },
        "model": "rgmain.country",
        "pk": "MA"
    },
    {
        "fields": {
            "country_name": "Monaco"
        },
        "model": "rgmain.country",
        "pk": "MC"
    },
    {
        "fields": {
            "country_name": "Moldova"
        },
        "model": "rgmain.country",
        "pk": "MD"
    },
    {
        "fields": {
            "country_name": "Montenegro"
        },
        "model": "rgmain.country",
        "pk": "ME"
    },
    {
        "fields": {
            "country_name": "Saint Martin"
        },
        "model": "rgmain.country",
        "pk": "MF"
    },
    {
        "fields": {
            "country_name": "Madagascar"
        },
        "model": "rgmain.country",
        "pk": "MG"
    },
    {
        "fields": {
            "country_name": "Marshall Islands"
        },
        "model": "rgmain.country",
        "pk": "MH"
    },
    {
        "fields": {
            "country_name": "Macedonia"
        },
        "model": "rgmain.country",
        "pk": "MK"
    },
    {
        "fields": {
            "country_name": "Mali"
        },
        "model": "rgmain.country",
        "pk": "ML"
    },
    {
        "fields": {
            "country_name": "Myanmar"
        },
        "model": "rgmain.country",
        "pk": "MM"
    },
    {
        "fields": {
            "country_name": "Mongolia"
        },
        "model": "rgmain.country",
        "pk": "MN"
    },
    {
        "fields": {
            "country_name": "Macao"
        },
        "model": "rgmain.country",
        "pk": "MO"
    },
    {
        "fields": {
            "country_name": "Northern Mariana Islands"
        },
        "model": "rgmain.country",
        "pk": "MP"
    },
    {
        "fields": {
            "country_name": "Martinique"
        },
        "model": "rgmain.country",
        "pk": "MQ"
    },
    {
        "fields": {
            "country_name": "Mauritania"
        },
        "model": "rgmain.country",
        "pk": "MR"
    },
    {
        "fields": {
            "country_name": "Montserrat"
        },
        "model": "rgmain.country",
        "pk": "MS"
    },
    {
        "fields": {
            "country_name": "Malta"
        },
        "model": "rgmain.country",
        "pk": "MT"
    },
    {
        "fields": {
            "country_name": "Mauritius"
        },
        "model": "rgmain.country",
        "pk": "MU"
    },
    {
        "fields": {
            "country_name": "Maldives"
        },
        "model": "rgmain.country",
        "pk": "MV"
    },
    {
        "fields": {
            "country_name": "Malawi"
        },
        "model": "rgmain.country",
        "pk": "MW"
    },
    {
        "fields": {
            "country_name": "Mexico"
        },
        "model": "rgmain.country",
        "pk": "MX"
    },
    {
        "fields": {
            "country_name": "Malaysia"
        },
        "model": "rgmain.country",
        "pk": "MY"
    },
    {
        "fields": {
            "country_name": "Mozambique"
        },
        "model": "rgmain.country",
        "pk": "MZ"
    },
    {
        "fields": {
            "country_name": "Namibia"
        },
        "model": "rgmain.country",
        "pk": "NA"
    },
    {
        "fields": {
            "country_name": "New Caledonia"
        },
        "model": "rgmain.country",
        "pk": "NC"
    },
    {
        "fields": {
            "country_name": "Niger"
        },
        "model": "rgmain.country",
        "pk": "NE"
    },
    {
        "fields": {
            "country_name": "Norfolk Island"
        },
        "model": "rgmain.country",
        "pk": "NF"
    },
    {
        "fields": {
            "country_name": "Nigeria"
        },
        "model": "rgmain.country",
        "pk": "NG"
    },
    {
        "fields": {
            "country_name": "Nicaragua"
        },
        "model": "rgmain.country",
        "pk": "NI"
    },
    {
        "fields": {
            "country_name": "Netherlands"
        },
        "model": "rgmain.country",
        "pk": "NL"
    },
    {
        "fields": {
            "country_name": "Norway"
        },
        "model": "rgmain.country",
        "pk": "NO"
    },
    {
        "fields": {
            "country_name": "Nepal"
        },
        "model": "rgmain.country",
        "pk": "NP"
    },
    {
        "fields": {
            "country_name": "Nauru"
        },
        "model": "rgmain.country",
        "pk": "NR"
    },
    {
        "fields": {
            "country_name": "Niue"
        },
        "model": "rgmain.country",
        "pk": "NU"
    },
    {
        "fields": {
            "country_name": "New Zealand"
        },
        "model": "rgmain.country",
        "pk": "NZ"
    },
    {
        "fields": {
            "country_name": "Oman"
        },
        "model": "rgmain.country",
        "pk": "OM"
    },
    {
        "fields": {
            "country_name": "Panama"
        },
        "model": "rgmain.country",
        "pk": "PA"
    },
    {
        "fields": {
            "country_name": "Peru"
        },
        "model": "rgmain.country",
        "pk": "PE"
    },
    {
        "fields": {
            "country_name": "French Polynesia"
        },
        "model": "rgmain.country",
        "pk": "PF"
    },
    {
        "fields": {
            "country_name": "Papua New Guinea"
        },
        "model": "rgmain.country",
        "pk": "PG"
    },
    {
        "fields": {
            "country_name": "Philippines"
        },
        "model": "rgmain.country",
        "pk": "PH"
    },
    {
        "fields": {
            "country_name": "Pakistan"
        },
        "model": "rgmain.country",
        "pk": "PK"
    },
    {
        "fields": {
            "country_name": "Poland"
        },
        "model": "rgmain.country",
        "pk": "PL"
    },
    {
        "fields": {
            "country_name": "Saint Pierre and Miquelon"
        },
        "model": "rgmain.country",
        "pk": "PM"
    },
    {
        "fields": {
            "country_name": "Pitcairn"
        },
        "model": "rgmain.country",
        "pk": "PN"
    },
    {
        "fields": {
            "country_name": "Puerto Rico"
        },
        "model": "rgmain.country",
        "pk": "PR"
    },
    {
        "fields": {
            "country_name": "Palestine"
        },
        "model": "rgmain.country",
        "pk": "PS"
    },
    {
        "fields": {
            "country_name": "Portugal"
        },
        "model": "rgmain.country",
        "pk": "PT"
    },
    {
        "fields": {
            "country_name": "Palau"
        },
        "model": "rgmain.country",
        "pk": "PW"
    },
    {
        "fields": {
            "country_name": "Paraguay"
        },
        "model": "rgmain.country",
        "pk": "PY"
    },
    {
        "fields": {
            "country_name": "Qatar"
        },
        "model": "rgmain.country",
        "pk": "QA"
    },
    {
        "fields": {
            "country_name": "Reunion"
        },
        "model": "rgmain.country",
        "pk": "RE"
    },
    {
        "fields": {
            "country_name": "Romania"
        },
        "model": "rgmain.country",
        "pk": "RO"
    },
    {
        "fields": {
            "country_name": "Serbia"
        },
        "model": "rgmain.country",
        "pk": "RS"
    },
    {
        "fields": {
            "country_name": "Russian Federation"
        },
        "model": "rgmain.country",
        "pk": "RU"
    },
    {
        "fields": {
            "country_name": "Rwanda"
        },
        "model": "rgmain.country",
        "pk": "RW"
    },
    {
        "fields": {
            "country_name": "Saudi Arabia"
        },
        "model": "rgmain.country",
        "pk": "SA"
    },
    {
        "fields": {
            "country_name": "Solomon Islands"
        },
        "model": "rgmain.country",
        "pk": "SB"
    },
    {
        "fields": {
            "country_name": "Seychelles"
        },
        "model": "rgmain.country",
        "pk": "SC"
    },
    {
        "fields": {
            "country_name": "Sudan"
        },
        "model": "rgmain.country",
        "pk": "SD"
    },
    {
        "fields": {
            "country_name": "Sweden"
        },
        "model": "rgmain.country",
        "pk": "SE"
    },
    {
        "fields": {
            "country_name": "Singapore"
        },
        "model": "rgmain.country",
        "pk": "SG"
    },
    {
        "fields": {
            "country_name": "Saint Helena"
        },
        "model": "rgmain.country",
        "pk": "SH"
    },
    {
        "fields": {
            "country_name": "Slovenia"
        },
        "model": "rgmain.country",
        "pk": "SI"
    },
    {
        "fields": {
            "country_name": "Svalbard and Jan Mayen"
        },
        "model": "rgmain.country",
        "pk": "SJ"
    },
    {
        "fields": {
            "country_name": "Slovakia"
        },
        "model": "rgmain.country",
        "pk": "SK"
    },
    {
        "fields": {
            "country_name": "Sierra Leone"
        },
        "model": "rgmain.country",
        "pk": "SL"
    },
    {
        "fields": {
            "country_name": "San Marino"
        },
        "model": "rgmain.country",
        "pk": "SM"
    },
    {
        "fields": {
            "country_name": "Senegal"
        },
        "model": "rgmain.country",
        "pk": "SN"
    },
    {
        "fields": {
            "country_name": "Somalia"
        },
        "model": "rgmain.country",
        "pk": "SO"
    },
    {
        "fields": {
            "country_name": "Suriname"
        },
        "model": "rgmain.country",
        "pk": "SR"
    },
    {
        "fields": {
            "country_name": "Sao Tome and Principe"
        },
        "model": "rgmain.country",
        "pk": "ST"
    },
    {
        "fields": {
            "country_name": "El Salvador"
        },
        "model": "rgmain.country",
        "pk": "SV"
    },
    {
        "fields": {
            "country_name": "Syria"
        },
        "model": "rgmain.country",
        "pk": "SY"
    },
    {
        "fields": {
            "country_name": "Swaziland"
        },
        "model": "rgmain.country",
        "pk": "SZ"
    },
    {
        "fields": {
            "country_name": "Turks and Caicos Islands"
        },
        "model": "rgmain.country",
        "pk": "TC"
    },
    {
        "fields": {
            "country_name": "Chad"
        },
        "model": "rgmain.country",
        "pk": "TD"
    },
    {
        "fields": {
            "country_name": "French Southern Territories"
        },
        "model": "rgmain.country",
        "pk": "TF"
    },
    {
        "fields": {
            "country_name": "Togo"
        },
        "model": "rgmain.country",
        "pk": "TG"
    },
    {
        "fields": {
            "country_name": "Thailand"
        },
        "model": "rgmain.country",
        "pk": "TH"
    },
    {
        "fields": {
            "country_name": "Tajikistan"
        },
        "model": "rgmain.country",
        "pk": "TJ"
    },
    {
        "fields": {
            "country_name": "Tokelau"
        },
        "model": "rgmain.country",
        "pk": "TK"
    },
    {
        "fields": {
            "country_name": "Timor-Leste"
        },
        "model": "rgmain.country",
        "pk": "TL"
    },
    {
        "fields": {
            "country_name": "Turkmenistan"
        },
        "model": "rgmain.country",
        "pk": "TM"
    },
    {
        "fields": {
            "country_name": "Tunisia"
        },
        "model": "rgmain.country",
        "pk": "TN"
    },
    {
        "fields": {
            "country_name": "Tonga"
        },
        "model": "rgmain.country",
        "pk": "TO"
    },
    {
        "fields": {
            "country_name": "Turkey"
        },
        "model": "rgmain.country",
        "pk": "TR"
    },
    {
        "fields": {
            "country_name": "Trinidad and Tobago"
        },
        "model": "rgmain.country",
        "pk": "TT"
    },
    {
        "fields": {
            "country_name": "Tuvalu"
        },
        "model": "rgmain.country",
        "pk": "TV"
    },
    {
        "fields": {
            "country_name": "Taiwan"
        },
        "model": "rgmain.country",
        "pk": "TW"
    },
    {
        "fields": {
            "country_name": "Tanzania"
        },
        "model": "rgmain.country",
        "pk": "TZ"
    },
    {
        "fields": {
            "country_name": "Ukraine"
        },
        "model": "rgmain.country",
        "pk": "UA"
    },
    {
        "fields": {
            "country_name": "Uganda"
        },
        "model": "rgmain.country",
        "pk": "UG"
    },
    {
        "fields": {
            "country_name": "United States of America"
        },
        "model": "rgmain.country",
        "pk": "US"
    },
    {
        "fields": {
            "country_name": "Uruguay"
        },
        "model": "rgmain.country",
        "pk": "UY"
    },
    {
        "fields": {
            "country_name": "Uzbekistan"
        },
        "model": "rgmain.country",
        "pk": "UZ"
    },
    {
        "fields": {
            "country_name": "Vatican City"
        },
        "model": "rgmain.country",
        "pk": "VA"
    },
    {
        "fields": {
            "country_name": "Saint Vincent and the Grenadines"
        },
        "model": "rgmain.country",
        "pk": "VC"
    },
    {
        "fields": {
            "country_name": "Venezuela"
        },
        "model": "rgmain.country",
        "pk": "VE"
    },
    {
        "fields": {
            "country_name": "Virgin Islands, British"
        },
        "model": "rgmain.country",
        "pk": "VG"
    },
    {
        "fields": {
            "country_name": "Virgin Islands, US"
        },
        "model": "rgmain.country",
        "pk": "VI"
    },
    {
        "fields": {
            "country_name": "Vietnam"
        },
        "model": "rgmain.country",
        "pk": "VN"
    },
    {
        "fields": {
            "country_name": "Vanuatu"
        },
        "model": "rgmain.country",
        "pk": "VU"
    },
    {
        "fields": {
            "country_name": "Wallis and Futuna"
        },
        "model": "rgmain.country",
        "pk": "WF"
    },
    {
        "fields": {
            "country_name": "Samoa"
        },
        "model": "rgmain.country",
        "pk": "WS"
    },
    {
        "fields": {
            "country_name": "Yemen"
        },
        "model": "rgmain.country",
        "pk": "YE"
    },
    {
        "fields": {
            "country_name": "Mayotte"
        },
        "model": "rgmain.country",
        "pk": "YT"
    },
    {
        "fields": {
            "country_name": "South Africa"
        },
        "model": "rgmain.country",
        "pk": "ZA"
    },
    {
        "fields": {
            "country_name": "Zambia"
        },
        "model": "rgmain.country",
        "pk": "ZM"
    },
    {
        "fields": {
            "country_name": "Zimbabwe"
        },
        "model": "rgmain.country",
        "pk": "ZW"
    },
    {
        "fields": {
            "code": "NSW",
            "country": "AU",
            "subdivision_name": "New South Wales"
        },
        "model": "rgmain.subdivision",
        "pk": 1
    },
    {
        "fields": {
            "code": "QLD",
            "country": "AU",
            "subdivision_name": "Queensland"
        },
        "model": "rgmain.subdivision",
        "pk": 2
    },
    {
        "fields": {
            "code": "SA",
            "country": "AU",
            "subdivision_name": "South Australia"
        },
        "model": "rgmain.subdivision",
        "pk": 3
    },
    {
        "fields": {
            "code": "TAS",
            "country": "AU",
            "subdivision_name": "Tasmania"
        },
        "model": "rgmain.subdivision",
        "pk": 4
    },
    {
        "fields": {
            "code": "VIC",
            "country": "AU",
            "subdivision_name": "Victoria"
        },
        "model": "rgmain.subdivision",
        "pk": 5
    },
    {
        "fields": {
            "code": "WA",
            "country": "AU",
            "subdivision_name": "Western Australia"
        },
        "model": "rgmain.subdivision",
        "pk": 6
    },
    {
        "fields": {
            "code": "ACT",
            "country": "AU",
            "subdivision_name": "Australian Capital Territory"
        },
        "model": "rgmain.subdivision",
        "pk": 7
    },
    {
        "fields": {
            "code": "NT",
            "country": "AU",
            "subdivision_name": "Northern Territory"
        },
        "model": "rgmain.subdivision",
        "pk": 8
    },
    {
        "fields": {
            "description": "Etc/UTC"
        },
        "model": "rgmain.timezone",
        "pk": 0
    },
    {
        "fields": {
            "description": "GB"
        },
        "model": "rgmain.timezone",
        "pk": 1
    },
    {
        "fields": {
            "description": "NZ"
        },
        "model": "rgmain.timezone",
        "pk": 2
    },
    {
        "fields": {
            "description": "US/Alaska"
        },
        "model": "rgmain.timezone",
        "pk": 3
    },
    {
        "fields": {
            "description": "US/Pacific"
        },
        "model": "rgmain.timezone",
        "pk": 4
    },
    {
        "fields": {
            "description": "US/Hawaii"
        },
        "model": "rgmain.timezone",
        "pk": 5
    },
    {
        "fields": {
            "description": "US/Samoa"
        },
        "model": "rgmain.timezone",
        "pk": 6
    },
    {
        "fields": {
            "description": "US/Michigan"
        },
        "model": "rgmain.timezone",
        "pk": 7
    },
    {
        "fields": {
            "description": "US/Arizona"
        },
        "model": "rgmain.timezone",
        "pk": 8
    },
    {
        "fields": {
            "description": "US/Mountain"
        },
        "model": "rgmain.timezone",
        "pk": 9
    },
    {
        "fields": {
            "description": "US/Central"
        },
        "model": "rgmain.timezone",
        "pk": 10
    },
    {
        "fields": {
            "description": "US/East-Indiana"
        },
        "model": "rgmain.timezone",
        "pk": 11
    },
    {
        "fields": {
            "description": "US/Pacific-New"
        },
        "model": "rgmain.timezone",
        "pk": 12
    },
    {
        "fields": {
            "description": "US/Aleutian"
        },
        "model": "rgmain.timezone",
        "pk": 13
    },
    {
        "fields": {
            "description": "US/Eastern"
        },
        "model": "rgmain.timezone",
        "pk": 14
    },
    {
        "fields": {
            "description": "US/Indiana-Starke"
        },
        "model": "rgmain.timezone",
        "pk": 15
    },
    {
        "fields": {
            "description": "CET"
        },
        "model": "rgmain.timezone",
        "pk": 16
    },
    {
        "fields": {
            "description": "EET"
        },
        "model": "rgmain.timezone",
        "pk": 17
    },
    {
        "fields": {
            "description": "EST"
        },
        "model": "rgmain.timezone",
        "pk": 18
    },
    {
        "fields": {
            "description": "GMT"
        },
        "model": "rgmain.timezone",
        "pk": 19
    },
    {
        "fields": {
            "description": "HST"
        },
        "model": "rgmain.timezone",
        "pk": 20
    },
    {
        "fields": {
            "description": "Etc/GMT"
        },
        "model": "rgmain.timezone",
        "pk": 21
    },
    {
        "fields": {
            "description": "Etc/UCT"
        },
        "model": "rgmain.timezone",
        "pk": 22
    },
    {
        "fields": {
            "description": "Etc/GMT0"
        },
        "model": "rgmain.timezone",
        "pk": 23
    },
    {
        "fields": {
            "description": "Etc/Zulu"
        },
        "model": "rgmain.timezone",
        "pk": 24
    },
    {
        "fields": {
            "description": "Etc/GMT+10"
        },
        "model": "rgmain.timezone",
        "pk": 25
    },
    {
        "fields": {
            "description": "Etc/GMT+11"
        },
        "model": "rgmain.timezone",
        "pk": 26
    },
    {
        "fields": {
            "description": "Etc/GMT+12"
        },
        "model": "rgmain.timezone",
        "pk": 27
    },
    {
        "fields": {
            "description": "Etc/GMT-10"
        },
        "model": "rgmain.timezone",
        "pk": 28
    },
    {
        "fields": {
            "description": "Etc/GMT-11"
        },
        "model": "rgmain.timezone",
        "pk": 29
    },
    {
        "fields": {
            "description": "Etc/GMT-12"
        },
        "model": "rgmain.timezone",
        "pk": 30
    },
    {
        "fields": {
            "description": "Etc/GMT-13"
        },
        "model": "rgmain.timezone",
        "pk": 31
    },
    {
        "fields": {
            "description": "Etc/GMT-14"
        },
        "model": "rgmain.timezone",
        "pk": 32
    },
    {
        "fields": {
            "description": "Etc/Universal"
        },
        "model": "rgmain.timezone",
        "pk": 33
    },
    {
        "fields": {
            "description": "Etc/GMT+0"
        },
        "model": "rgmain.timezone",
        "pk": 34
    },
    {
        "fields": {
            "description": "Etc/GMT+1"
        },
        "model": "rgmain.timezone",
        "pk": 35
    },
    {
        "fields": {
            "description": "Etc/GMT+2"
        },
        "model": "rgmain.timezone",
        "pk": 36
    },
    {
        "fields": {
            "description": "Etc/GMT+3"
        },
        "model": "rgmain.timezone",
        "pk": 37
    },
    {
        "fields": {
            "description": "Etc/GMT+4"
        },
        "model": "rgmain.timezone",
        "pk": 38
    },
    {
        "fields": {
            "description": "Etc/GMT+5"
        },
        "model": "rgmain.timezone",
        "pk": 39
    },
    {
        "fields": {
            "description": "Etc/GMT+6"
        },
        "model": "rgmain.timezone",
        "pk": 40
    },
    {
        "fields": {
            "description": "Etc/GMT+7"
        },
        "model": "rgmain.timezone",
        "pk": 41
    },
    {
        "fields": {
            "description": "Etc/GMT+8"
        },
        "model": "rgmain.timezone",
        "pk": 42
    },
    {
        "fields": {
            "description": "Etc/GMT+9"
        },
        "model": "rgmain.timezone",
        "pk": 43
    },
    {
        "fields": {
            "description": "Etc/GMT-0"
        },
        "model": "rgmain.timezone",
        "pk": 44
    },
    {
        "fields": {
            "description": "Etc/GMT-1"
        },
        "model": "rgmain.timezone",
        "pk": 45
    },
    {
        "fields": {
            "description": "Etc/GMT-2"
        },
        "model": "rgmain.timezone",
        "pk": 46
    },
    {
        "fields": {
            "description": "Etc/GMT-3"
        },
        "model": "rgmain.timezone",
        "pk": 47
    },
    {
        "fields": {
            "description": "Etc/GMT-4"
        },
        "model": "rgmain.timezone",
        "pk": 48
    },
    {
        "fields": {
            "description": "Etc/GMT-5"
        },
        "model": "rgmain.timezone",
        "pk": 49
    },
    {
        "fields": {
            "description": "Etc/GMT-6"
        },
        "model": "rgmain.timezone",
        "pk": 50
    },
    {
        "fields": {
            "description": "Etc/GMT-7"
        },
        "model": "rgmain.timezone",
        "pk": 51
    },
    {
        "fields": {
            "description": "Etc/GMT-8"
        },
        "model": "rgmain.timezone",
        "pk": 52
    },
    {
        "fields": {
            "description": "Etc/GMT-9"
        },
        "model": "rgmain.timezone",
        "pk": 53
    },
    {
        "fields": {
            "description": "Etc/Greenwich"
        },
        "model": "rgmain.timezone",
        "pk": 54
    },
    {
        "fields": {
            "description": "MET"
        },
        "model": "rgmain.timezone",
        "pk": 55
    },
    {
        "fields": {
            "description": "MST"
        },
        "model": "rgmain.timezone",
        "pk": 56
    },
    {
        "fields": {
            "description": "PRC"
        },
        "model": "rgmain.timezone",
        "pk": 57
    },
    {
        "fields": {
            "description": "ROC"
        },
        "model": "rgmain.timezone",
        "pk": 58
    },
    {
        "fields": {
            "description": "ROK"
        },
        "model": "rgmain.timezone",
        "pk": 59
    },
    {
        "fields": {
            "description": "UCT"
        },
        "model": "rgmain.timezone",
        "pk": 60
    },
    {
        "fields": {
            "description": "UTC"
        },
        "model": "rgmain.timezone",
        "pk": 61
    },
    {
        "fields": {
            "description": "WET"
        },
        "model": "rgmain.timezone",
        "pk": 62
    },
    {
        "fields": {
            "description": "Asia/Almaty"
        },
        "model": "rgmain.timezone",
        "pk": 63
    },
    {
        "fields": {
            "description": "Asia/Anadyr"
        },
        "model": "rgmain.timezone",
        "pk": 64
    },
    {
        "fields": {
            "description": "Asia/Aden"
        },
        "model": "rgmain.timezone",
        "pk": 65
    },
    {
        "fields": {
            "description": "Asia/Baku"
        },
        "model": "rgmain.timezone",
        "pk": 66
    },
    {
        "fields": {
            "description": "Asia/Dili"
        },
        "model": "rgmain.timezone",
        "pk": 67
    },
    {
        "fields": {
            "description": "Asia/Beirut"
        },
        "model": "rgmain.timezone",
        "pk": 68
    },
    {
        "fields": {
            "description": "Asia/Gaza"
        },
        "model": "rgmain.timezone",
        "pk": 69
    },
    {
        "fields": {
            "description": "Asia/Hovd"
        },
        "model": "rgmain.timezone",
        "pk": 70
    },
    {
        "fields": {
            "description": "Asia/Omsk"
        },
        "model": "rgmain.timezone",
        "pk": 71
    },
    {
        "fields": {
            "description": "Asia/Oral"
        },
        "model": "rgmain.timezone",
        "pk": 72
    },
    {
        "fields": {
            "description": "Asia/Aqtobe"
        },
        "model": "rgmain.timezone",
        "pk": 73
    },
    {
        "fields": {
            "description": "Asia/Brunei"
        },
        "model": "rgmain.timezone",
        "pk": 74
    },
    {
        "fields": {
            "description": "Asia/Baghdad"
        },
        "model": "rgmain.timezone",
        "pk": 75
    },
    {
        "fields": {
            "description": "Asia/Bahrain"
        },
        "model": "rgmain.timezone",
        "pk": 76
    },
    {
        "fields": {
            "description": "Asia/Bangkok"
        },
        "model": "rgmain.timezone",
        "pk": 77
    },
    {
        "fields": {
            "description": "Asia/Makassar"
        },
        "model": "rgmain.timezone",
        "pk": 78
    },
    {
        "fields": {
            "description": "Asia/Vladivostok"
        },
        "model": "rgmain.timezone",
        "pk": 79
    },
    {
        "fields": {
            "description": "Asia/Harbin"
        },
        "model": "rgmain.timezone",
        "pk": 80
    },
    {
        "fields": {
            "description": "Asia/Amman"
        },
        "model": "rgmain.timezone",
        "pk": 81
    },
    {
        "fields": {
            "description": "Asia/Aqtau"
        },
        "model": "rgmain.timezone",
        "pk": 82
    },
    {
        "fields": {
            "description": "Asia/Dacca"
        },
        "model": "rgmain.timezone",
        "pk": 83
    },
    {
        "fields": {
            "description": "Asia/Dhaka"
        },
        "model": "rgmain.timezone",
        "pk": 84
    },
    {
        "fields": {
            "description": "Asia/Dubai"
        },
        "model": "rgmain.timezone",
        "pk": 85
    },
    {
        "fields": {
            "description": "Asia/Yekaterinburg"
        },
        "model": "rgmain.timezone",
        "pk": 86
    },
    {
        "fields": {
            "description": "Asia/Kabul"
        },
        "model": "rgmain.timezone",
        "pk": 87
    },
    {
        "fields": {
            "description": "Asia/Macao"
        },
        "model": "rgmain.timezone",
        "pk": 88
    },
    {
        "fields": {
            "description": "Asia/Macau"
        },
        "model": "rgmain.timezone",
        "pk": 89
    },
    {
        "fields": {
            "description": "Asia/Calcutta"
        },
        "model": "rgmain.timezone",
        "pk": 90
    },
    {
        "fields": {
            "description": "Asia/Qatar"
        },
        "model": "rgmain.timezone",
        "pk": 91
    },
    {
        "fields": {
            "description": "Asia/Seoul"
        },
        "model": "rgmain.timezone",
        "pk": 92
    },
    {
        "fields": {
            "description": "Asia/Tokyo"
        },
        "model": "rgmain.timezone",
        "pk": 93
    },
    {
        "fields": {
            "description": "Asia/Kuwait"
        },
        "model": "rgmain.timezone",
        "pk": 94
    },
    {
        "fields": {
            "description": "Asia/Manila"
        },
        "model": "rgmain.timezone",
        "pk": 95
    },
    {
        "fields": {
            "description": "Asia/Bishkek"
        },
        "model": "rgmain.timezone",
        "pk": 96
    },
    {
        "fields": {
            "description": "Asia/Ho_Chi_Minh"
        },
        "model": "rgmain.timezone",
        "pk": 97
    },
    {
        "fields": {
            "description": "Asia/Muscat"
        },
        "model": "rgmain.timezone",
        "pk": 98
    },
    {
        "fields": {
            "description": "Asia/Jakarta"
        },
        "model": "rgmain.timezone",
        "pk": 99
    },
    {
        "fields": {
            "description": "Asia/Riyadh"
        },
        "model": "rgmain.timezone",
        "pk": 100
    },
    {
        "fields": {
            "description": "Asia/Saigon"
        },
        "model": "rgmain.timezone",
        "pk": 101
    },
    {
        "fields": {
            "description": "Asia/Taipei"
        },
        "model": "rgmain.timezone",
        "pk": 102
    },
    {
        "fields": {
            "description": "Asia/Tehran"
        },
        "model": "rgmain.timezone",
        "pk": 103
    },
    {
        "fields": {
            "description": "Asia/Thimbu"
        },
        "model": "rgmain.timezone",
        "pk": 104
    },
    {
        "fields": {
            "description": "Asia/Choibalsan"
        },
        "model": "rgmain.timezone",
        "pk": 105
    },
    {
        "fields": {
            "description": "Asia/Urumqi"
        },
        "model": "rgmain.timezone",
        "pk": 106
    },
    {
        "fields": {
            "description": "Asia/Irkutsk"
        },
        "model": "rgmain.timezone",
        "pk": 107
    },
    {
        "fields": {
            "description": "Asia/Karachi"
        },
        "model": "rgmain.timezone",
        "pk": 108
    },
    {
        "fields": {
            "description": "Asia/Kashgar"
        },
        "model": "rgmain.timezone",
        "pk": 109
    },
    {
        "fields": {
            "description": "Asia/Ulan_Bator"
        },
        "model": "rgmain.timezone",
        "pk": 110
    },
    {
        "fields": {
            "description": "Asia/Colombo"
        },
        "model": "rgmain.timezone",
        "pk": 111
    },
    {
        "fields": {
            "description": "Asia/Rangoon"
        },
        "model": "rgmain.timezone",
        "pk": 112
    },
    {
        "fields": {
            "description": "Asia/Krasnoyarsk"
        },
        "model": "rgmain.timezone",
        "pk": 113
    },
    {
        "fields": {
            "description": "Asia/Ashkhabad"
        },
        "model": "rgmain.timezone",
        "pk": 114
    },
    {
        "fields": {
            "description": "Asia/Yakutsk"
        },
        "model": "rgmain.timezone",
        "pk": 115
    },
    {
        "fields": {
            "description": "Asia/Istanbul"
        },
        "model": "rgmain.timezone",
        "pk": 116
    },
    {
        "fields": {
            "description": "Asia/Tashkent"
        },
        "model": "rgmain.timezone",
        "pk": 117
    },
    {
        "fields": {
            "description": "Asia/Singapore"
        },
        "model": "rgmain.timezone",
        "pk": 118
    },
    {
        "fields": {
            "description": "Asia/Yerevan"
        },
        "model": "rgmain.timezone",
        "pk": 119
    },
    {
        "fields": {
            "description": "Asia/Jayapura"
        },
        "model": "rgmain.timezone",
        "pk": 120
    },
    {
        "fields": {
            "description": "Asia/Samarkand"
        },
        "model": "rgmain.timezone",
        "pk": 121
    },
    {
        "fields": {
            "description": "Asia/Ashgabat"
        },
        "model": "rgmain.timezone",
        "pk": 122
    },
    {
        "fields": {
            "description": "Asia/Pontianak"
        },
        "model": "rgmain.timezone",
        "pk": 126
    },
    {
        "fields": {
            "description": "Asia/Novokuznetsk"
        },
        "model": "rgmain.timezone",
        "pk": 127
    },
    {
        "fields": {
            "description": "Asia/Kolkata"
        },
        "model": "rgmain.timezone",
        "pk": 128
    },
    {
        "fields": {
            "description": "Asia/Kuching"
        },
        "model": "rgmain.timezone",
        "pk": 129
    },
    {
        "fields": {
            "description": "Asia/Magadan"
        },
        "model": "rgmain.timezone",
        "pk": 130
    },
    {
        "fields": {
            "description": "Asia/Shanghai"
        },
        "model": "rgmain.timezone",
        "pk": 131
    },
    {
        "fields": {
            "description": "Asia/Pyongyang"
        },
        "model": "rgmain.timezone",
        "pk": 132
    },
    {
        "fields": {
            "description": "Asia/Jerusalem"
        },
        "model": "rgmain.timezone",
        "pk": 133
    },
    {
        "fields": {
            "description": "Asia/Kuala_Lumpur"
        },
        "model": "rgmain.timezone",
        "pk": 134
    },
    {
        "fields": {
            "description": "Asia/Tbilisi"
        },
        "model": "rgmain.timezone",
        "pk": 135
    },
    {
        "fields": {
            "description": "Asia/Hong_Kong"
        },
        "model": "rgmain.timezone",
        "pk": 136
    },
    {
        "fields": {
            "description": "Asia/Dushanbe"
        },
        "model": "rgmain.timezone",
        "pk": 137
    },
    {
        "fields": {
            "description": "Asia/Damascus"
        },
        "model": "rgmain.timezone",
        "pk": 138
    },
    {
        "fields": {
            "description": "Asia/Sakhalin"
        },
        "model": "rgmain.timezone",
        "pk": 139
    },
    {
        "fields": {
            "description": "Asia/Thimphu"
        },
        "model": "rgmain.timezone",
        "pk": 140
    },
    {
        "fields": {
            "description": "Asia/Chungking"
        },
        "model": "rgmain.timezone",
        "pk": 141
    },
    {
        "fields": {
            "description": "Asia/Kamchatka"
        },
        "model": "rgmain.timezone",
        "pk": 142
    },
    {
        "fields": {
            "description": "Asia/Nicosia"
        },
        "model": "rgmain.timezone",
        "pk": 143
    },
    {
        "fields": {
            "description": "Asia/Ujung_Pandang"
        },
        "model": "rgmain.timezone",
        "pk": 144
    },
    {
        "fields": {
            "description": "Asia/Chongqing"
        },
        "model": "rgmain.timezone",
        "pk": 145
    },
    {
        "fields": {
            "description": "Asia/Tel_Aviv"
        },
        "model": "rgmain.timezone",
        "pk": 146
    },
    {
        "fields": {
            "description": "Asia/Novosibirsk"
        },
        "model": "rgmain.timezone",
        "pk": 147
    },
    {
        "fields": {
            "description": "Asia/Kathmandu"
        },
        "model": "rgmain.timezone",
        "pk": 148
    },
    {
        "fields": {
            "description": "Asia/Vientiane"
        },
        "model": "rgmain.timezone",
        "pk": 149
    },
    {
        "fields": {
            "description": "Asia/Qyzylorda"
        },
        "model": "rgmain.timezone",
        "pk": 150
    },
    {
        "fields": {
            "description": "Asia/Phnom_Penh"
        },
        "model": "rgmain.timezone",
        "pk": 151
    },
    {
        "fields": {
            "description": "Asia/Ulaanbaatar"
        },
        "model": "rgmain.timezone",
        "pk": 152
    },
    {
        "fields": {
            "description": "Asia/Katmandu"
        },
        "model": "rgmain.timezone",
        "pk": 153
    },
    {
        "fields": {
            "description": "Cuba"
        },
        "model": "rgmain.timezone",
        "pk": 154
    },
    {
        "fields": {
            "description": "GMT0"
        },
        "model": "rgmain.timezone",
        "pk": 155
    },
    {
        "fields": {
            "description": "Eire"
        },
        "model": "rgmain.timezone",
        "pk": 156
    },
    {
        "fields": {
            "description": "Iran"
        },
        "model": "rgmain.timezone",
        "pk": 157
    },
    {
        "fields": {
            "description": "W-SU"
        },
        "model": "rgmain.timezone",
        "pk": 158
    },
    {
        "fields": {
            "description": "Arctic/Longyearbyen"
        },
        "model": "rgmain.timezone",
        "pk": 159
    },
    {
        "fields": {
            "description": "Zulu"
        },
        "model": "rgmain.timezone",
        "pk": 160
    },
    {
        "fields": {
            "description": "Canada/Pacific"
        },
        "model": "rgmain.timezone",
        "pk": 161
    },
    {
        "fields": {
            "description": "Canada/Yukon"
        },
        "model": "rgmain.timezone",
        "pk": 162
    },
    {
        "fields": {
            "description": "Canada/Mountain"
        },
        "model": "rgmain.timezone",
        "pk": 163
    },
    {
        "fields": {
            "description": "Canada/Central"
        },
        "model": "rgmain.timezone",
        "pk": 164
    },
    {
        "fields": {
            "description": "Canada/Eastern"
        },
        "model": "rgmain.timezone",
        "pk": 165
    },
    {
        "fields": {
            "description": "Canada/Newfoundland"
        },
        "model": "rgmain.timezone",
        "pk": 166
    },
    {
        "fields": {
            "description": "Canada/East-Saskatchewan"
        },
        "model": "rgmain.timezone",
        "pk": 167
    },
    {
        "fields": {
            "description": "Canada/Atlantic"
        },
        "model": "rgmain.timezone",
        "pk": 168
    },
    {
        "fields": {
            "description": "Canada/Saskatchewan"
        },
        "model": "rgmain.timezone",
        "pk": 169
    },
    {
        "fields": {
            "description": "Brazil/Acre"
        },
        "model": "rgmain.timezone",
        "pk": 170
    },
    {
        "fields": {
            "description": "Brazil/East"
        },
        "model": "rgmain.timezone",
        "pk": 171
    },
    {
        "fields": {
            "description": "Brazil/West"
        },
        "model": "rgmain.timezone",
        "pk": 172
    },
    {
        "fields": {
            "description": "Brazil/DeNoronha"
        },
        "model": "rgmain.timezone",
        "pk": 173
    },
    {
        "fields": {
            "description": "America/Mexico_City"
        },
        "model": "rgmain.timezone",
        "pk": 174
    },
    {
        "fields": {
            "description": "America/Adak"
        },
        "model": "rgmain.timezone",
        "pk": 175
    },
    {
        "fields": {
            "description": "America/Atka"
        },
        "model": "rgmain.timezone",
        "pk": 176
    },
    {
        "fields": {
            "description": "America/Belize"
        },
        "model": "rgmain.timezone",
        "pk": 177
    },
    {
        "fields": {
            "description": "America/Lima"
        },
        "model": "rgmain.timezone",
        "pk": 178
    },
    {
        "fields": {
            "description": "America/Nome"
        },
        "model": "rgmain.timezone",
        "pk": 179
    },
    {
        "fields": {
            "description": "America/Cancun"
        },
        "model": "rgmain.timezone",
        "pk": 180
    },
    {
        "fields": {
            "description": "America/Cayman"
        },
        "model": "rgmain.timezone",
        "pk": 181
    },
    {
        "fields": {
            "description": "America/Bogota"
        },
        "model": "rgmain.timezone",
        "pk": 182
    },
    {
        "fields": {
            "description": "America/Dawson"
        },
        "model": "rgmain.timezone",
        "pk": 183
    },
    {
        "fields": {
            "description": "America/Denver"
        },
        "model": "rgmain.timezone",
        "pk": 184
    },
    {
        "fields": {
            "description": "America/Cuiaba"
        },
        "model": "rgmain.timezone",
        "pk": 185
    },
    {
        "fields": {
            "description": "America/Ojinaga"
        },
        "model": "rgmain.timezone",
        "pk": 186
    },
    {
        "fields": {
            "description": "America/Antigua"
        },
        "model": "rgmain.timezone",
        "pk": 187
    },
    {
        "fields": {
            "description": "America/Havana"
        },
        "model": "rgmain.timezone",
        "pk": 188
    },
    {
        "fields": {
            "description": "America/Bahia"
        },
        "model": "rgmain.timezone",
        "pk": 189
    },
    {
        "fields": {
            "description": "America/Belem"
        },
        "model": "rgmain.timezone",
        "pk": 190
    },
    {
        "fields": {
            "description": "America/Aruba"
        },
        "model": "rgmain.timezone",
        "pk": 191
    },
    {
        "fields": {
            "description": "America/Boise"
        },
        "model": "rgmain.timezone",
        "pk": 192
    },
    {
        "fields": {
            "description": "America/Thunder_Bay"
        },
        "model": "rgmain.timezone",
        "pk": 193
    },
    {
        "fields": {
            "description": "America/Guatemala"
        },
        "model": "rgmain.timezone",
        "pk": 194
    },
    {
        "fields": {
            "description": "America/Guyana"
        },
        "model": "rgmain.timezone",
        "pk": 195
    },
    {
        "fields": {
            "description": "America/Jujuy"
        },
        "model": "rgmain.timezone",
        "pk": 196
    },
    {
        "fields": {
            "description": "America/Inuvik"
        },
        "model": "rgmain.timezone",
        "pk": 197
    },
    {
        "fields": {
            "description": "America/Thule"
        },
        "model": "rgmain.timezone",
        "pk": 198
    },
    {
        "fields": {
            "description": "America/Rankin_Inlet"
        },
        "model": "rgmain.timezone",
        "pk": 199
    },
    {
        "fields": {
            "description": "America/Juneau"
        },
        "model": "rgmain.timezone",
        "pk": 200
    },
    {
        "fields": {
            "description": "America/La_Paz"
        },
        "model": "rgmain.timezone",
        "pk": 201
    },
    {
        "fields": {
            "description": "America/Maceio"
        },
        "model": "rgmain.timezone",
        "pk": 202
    },
    {
        "fields": {
            "description": "America/Manaus"
        },
        "model": "rgmain.timezone",
        "pk": 203
    },
    {
        "fields": {
            "description": "America/Merida"
        },
        "model": "rgmain.timezone",
        "pk": 204
    },
    {
        "fields": {
            "description": "America/Guayaquil"
        },
        "model": "rgmain.timezone",
        "pk": 205
    },
    {
        "fields": {
            "description": "America/Montreal"
        },
        "model": "rgmain.timezone",
        "pk": 206
    },
    {
        "fields": {
            "description": "America/Nassau"
        },
        "model": "rgmain.timezone",
        "pk": 207
    },
    {
        "fields": {
            "description": "America/Cambridge_Bay"
        },
        "model": "rgmain.timezone",
        "pk": 208
    },
    {
        "fields": {
            "description": "America/Phoenix"
        },
        "model": "rgmain.timezone",
        "pk": 209
    },
    {
        "fields": {
            "description": "America/Panama"
        },
        "model": "rgmain.timezone",
        "pk": 210
    },
    {
        "fields": {
            "description": "America/Puerto_Rico"
        },
        "model": "rgmain.timezone",
        "pk": 211
    },
    {
        "fields": {
            "description": "America/Caracas"
        },
        "model": "rgmain.timezone",
        "pk": 212
    },
    {
        "fields": {
            "description": "America/Cayenne"
        },
        "model": "rgmain.timezone",
        "pk": 213
    },
    {
        "fields": {
            "description": "America/Jamaica"
        },
        "model": "rgmain.timezone",
        "pk": 214
    },
    {
        "fields": {
            "description": "America/Porto_Acre"
        },
        "model": "rgmain.timezone",
        "pk": 215
    },
    {
        "fields": {
            "description": "America/Recife"
        },
        "model": "rgmain.timezone",
        "pk": 216
    },
    {
        "fields": {
            "description": "America/Regina"
        },
        "model": "rgmain.timezone",
        "pk": 217
    },
    {
        "fields": {
            "description": "America/Indiana/Knox"
        },
        "model": "rgmain.timezone",
        "pk": 218
    },
    {
        "fields": {
            "description": "America/Indiana/Vincennes"
        },
        "model": "rgmain.timezone",
        "pk": 219
    },
    {
        "fields": {
            "description": "America/Indiana/Vevay"
        },
        "model": "rgmain.timezone",
        "pk": 220
    },
    {
        "fields": {
            "description": "America/Indiana/Winamac"
        },
        "model": "rgmain.timezone",
        "pk": 221
    },
    {
        "fields": {
            "description": "America/Indiana/Tell_City"
        },
        "model": "rgmain.timezone",
        "pk": 222
    },
    {
        "fields": {
            "description": "America/Indiana/Petersburg"
        },
        "model": "rgmain.timezone",
        "pk": 223
    },
    {
        "fields": {
            "description": "America/Indiana/Marengo"
        },
        "model": "rgmain.timezone",
        "pk": 224
    },
    {
        "fields": {
            "description": "America/Indiana/Indianapolis"
        },
        "model": "rgmain.timezone",
        "pk": 225
    },
    {
        "fields": {
            "description": "America/Santa_Isabel"
        },
        "model": "rgmain.timezone",
        "pk": 226
    },
    {
        "fields": {
            "description": "America/Buenos_Aires"
        },
        "model": "rgmain.timezone",
        "pk": 227
    },
    {
        "fields": {
            "description": "America/Danmarkshavn"
        },
        "model": "rgmain.timezone",
        "pk": 228
    },
    {
        "fields": {
            "description": "America/Mazatlan"
        },
        "model": "rgmain.timezone",
        "pk": 229
    },
    {
        "fields": {
            "description": "America/Iqaluit"
        },
        "model": "rgmain.timezone",
        "pk": 230
    },
    {
        "fields": {
            "description": "America/Blanc-Sablon"
        },
        "model": "rgmain.timezone",
        "pk": 231
    },
    {
        "fields": {
            "description": "America/Boa_Vista"
        },
        "model": "rgmain.timezone",
        "pk": 232
    },
    {
        "fields": {
            "description": "America/Virgin"
        },
        "model": "rgmain.timezone",
        "pk": 233
    },
    {
        "fields": {
            "description": "America/Chicago"
        },
        "model": "rgmain.timezone",
        "pk": 234
    },
    {
        "fields": {
            "description": "America/Ensenada"
        },
        "model": "rgmain.timezone",
        "pk": 235
    },
    {
        "fields": {
            "description": "America/Catamarca"
        },
        "model": "rgmain.timezone",
        "pk": 236
    },
    {
        "fields": {
            "description": "America/Costa_Rica"
        },
        "model": "rgmain.timezone",
        "pk": 237
    },
    {
        "fields": {
            "description": "America/Fortaleza"
        },
        "model": "rgmain.timezone",
        "pk": 238
    },
    {
        "fields": {
            "description": "America/St_Johns"
        },
        "model": "rgmain.timezone",
        "pk": 239
    },
    {
        "fields": {
            "description": "America/St_Kitts"
        },
        "model": "rgmain.timezone",
        "pk": 240
    },
    {
        "fields": {
            "description": "America/Miquelon"
        },
        "model": "rgmain.timezone",
        "pk": 241
    },
    {
        "fields": {
            "description": "America/St_Lucia"
        },
        "model": "rgmain.timezone",
        "pk": 242
    },
    {
        "fields": {
            "description": "America/Coral_Harbour"
        },
        "model": "rgmain.timezone",
        "pk": 243
    },
    {
        "fields": {
            "description": "America/Port-au-Prince"
        },
        "model": "rgmain.timezone",
        "pk": 244
    },
    {
        "fields": {
            "description": "America/Vancouver"
        },
        "model": "rgmain.timezone",
        "pk": 245
    },
    {
        "fields": {
            "description": "America/Porto_Velho"
        },
        "model": "rgmain.timezone",
        "pk": 246
    },
    {
        "fields": {
            "description": "America/Winnipeg"
        },
        "model": "rgmain.timezone",
        "pk": 247
    },
    {
        "fields": {
            "description": "America/Martinique"
        },
        "model": "rgmain.timezone",
        "pk": 248
    },
    {
        "fields": {
            "description": "America/Cordoba"
        },
        "model": "rgmain.timezone",
        "pk": 249
    },
    {
        "fields": {
            "description": "America/Whitehorse"
        },
        "model": "rgmain.timezone",
        "pk": 250
    },
    {
        "fields": {
            "description": "America/New_York"
        },
        "model": "rgmain.timezone",
        "pk": 251
    },
    {
        "fields": {
            "description": "America/Glace_Bay"
        },
        "model": "rgmain.timezone",
        "pk": 252
    },
    {
        "fields": {
            "description": "America/Yakutat"
        },
        "model": "rgmain.timezone",
        "pk": 253
    },
    {
        "fields": {
            "description": "America/Detroit"
        },
        "model": "rgmain.timezone",
        "pk": 254
    },
    {
        "fields": {
            "description": "America/St_Barthelemy"
        },
        "model": "rgmain.timezone",
        "pk": 255
    },
    {
        "fields": {
            "description": "America/Louisville"
        },
        "model": "rgmain.timezone",
        "pk": 256
    },
    {
        "fields": {
            "description": "America/Grand_Turk"
        },
        "model": "rgmain.timezone",
        "pk": 257
    },
    {
        "fields": {
            "description": "America/Fort_Wayne"
        },
        "model": "rgmain.timezone",
        "pk": 258
    },
    {
        "fields": {
            "description": "America/Goose_Bay"
        },
        "model": "rgmain.timezone",
        "pk": 259
    },
    {
        "fields": {
            "description": "America/Yellowknife"
        },
        "model": "rgmain.timezone",
        "pk": 260
    },
    {
        "fields": {
            "description": "America/Curacao"
        },
        "model": "rgmain.timezone",
        "pk": 261
    },
    {
        "fields": {
            "description": "America/Hermosillo"
        },
        "model": "rgmain.timezone",
        "pk": 262
    },
    {
        "fields": {
            "description": "America/Tegucigalpa"
        },
        "model": "rgmain.timezone",
        "pk": 263
    },
    {
        "fields": {
            "description": "America/Paramaribo"
        },
        "model": "rgmain.timezone",
        "pk": 264
    },
    {
        "fields": {
            "description": "America/Scoresbysund"
        },
        "model": "rgmain.timezone",
        "pk": 265
    },
    {
        "fields": {
            "description": "America/Swift_Current"
        },
        "model": "rgmain.timezone",
        "pk": 266
    },
    {
        "fields": {
            "description": "America/Kentucky/Louisville"
        },
        "model": "rgmain.timezone",
        "pk": 267
    },
    {
        "fields": {
            "description": "America/Kentucky/Monticello"
        },
        "model": "rgmain.timezone",
        "pk": 268
    },
    {
        "fields": {
            "description": "America/Knox_IN"
        },
        "model": "rgmain.timezone",
        "pk": 269
    },
    {
        "fields": {
            "description": "America/Anchorage"
        },
        "model": "rgmain.timezone",
        "pk": 270
    },
    {
        "fields": {
            "description": "America/Eirunepe"
        },
        "model": "rgmain.timezone",
        "pk": 271
    },
    {
        "fields": {
            "description": "America/Rosario"
        },
        "model": "rgmain.timezone",
        "pk": 272
    },
    {
        "fields": {
            "description": "America/Argentina/Ushuaia"
        },
        "model": "rgmain.timezone",
        "pk": 273
    },
    {
        "fields": {
            "description": "America/Argentina/Jujuy"
        },
        "model": "rgmain.timezone",
        "pk": 274
    },
    {
        "fields": {
            "description": "America/Argentina/Salta"
        },
        "model": "rgmain.timezone",
        "pk": 275
    },
    {
        "fields": {
            "description": "America/Argentina/Rio_Gallegos"
        },
        "model": "rgmain.timezone",
        "pk": 276
    },
    {
        "fields": {
            "description": "America/Argentina/Buenos_Aires"
        },
        "model": "rgmain.timezone",
        "pk": 277
    },
    {
        "fields": {
            "description": "America/Argentina/La_Rioja"
        },
        "model": "rgmain.timezone",
        "pk": 278
    },
    {
        "fields": {
            "description": "America/Argentina/ComodRivadavia"
        },
        "model": "rgmain.timezone",
        "pk": 279
    },
    {
        "fields": {
            "description": "America/Argentina/Catamarca"
        },
        "model": "rgmain.timezone",
        "pk": 280
    },
    {
        "fields": {
            "description": "America/Argentina/Cordoba"
        },
        "model": "rgmain.timezone",
        "pk": 281
    },
    {
        "fields": {
            "description": "America/Argentina/Mendoza"
        },
        "model": "rgmain.timezone",
        "pk": 282
    },
    {
        "fields": {
            "description": "America/Argentina/San_Juan"
        },
        "model": "rgmain.timezone",
        "pk": 283
    },
    {
        "fields": {
            "description": "America/Argentina/San_Luis"
        },
        "model": "rgmain.timezone",
        "pk": 284
    },
    {
        "fields": {
            "description": "America/Argentina/Tucuman"
        },
        "model": "rgmain.timezone",
        "pk": 285
    },
    {
        "fields": {
            "description": "America/Barbados"
        },
        "model": "rgmain.timezone",
        "pk": 286
    },
    {
        "fields": {
            "description": "America/Dawson_Creek"
        },
        "model": "rgmain.timezone",
        "pk": 287
    },
    {
        "fields": {
            "description": "America/Managua"
        },
        "model": "rgmain.timezone",
        "pk": 288
    },
    {
        "fields": {
            "description": "America/Atikokan"
        },
        "model": "rgmain.timezone",
        "pk": 289
    },
    {
        "fields": {
            "description": "America/Marigot"
        },
        "model": "rgmain.timezone",
        "pk": 290
    },
    {
        "fields": {
            "description": "America/Pangnirtung"
        },
        "model": "rgmain.timezone",
        "pk": 291
    },
    {
        "fields": {
            "description": "America/Asuncion"
        },
        "model": "rgmain.timezone",
        "pk": 292
    },
    {
        "fields": {
            "description": "America/Menominee"
        },
        "model": "rgmain.timezone",
        "pk": 293
    },
    {
        "fields": {
            "description": "America/St_Thomas"
        },
        "model": "rgmain.timezone",
        "pk": 294
    },
    {
        "fields": {
            "description": "America/Sao_Paulo"
        },
        "model": "rgmain.timezone",
        "pk": 295
    },
    {
        "fields": {
            "description": "America/Mendoza"
        },
        "model": "rgmain.timezone",
        "pk": 296
    },
    {
        "fields": {
            "description": "America/Guadeloupe"
        },
        "model": "rgmain.timezone",
        "pk": 297
    },
    {
        "fields": {
            "description": "America/Monterrey"
        },
        "model": "rgmain.timezone",
        "pk": 298
    },
    {
        "fields": {
            "description": "America/North_Dakota/Center"
        },
        "model": "rgmain.timezone",
        "pk": 299
    },
    {
        "fields": {
            "description": "America/North_Dakota/New_Salem"
        },
        "model": "rgmain.timezone",
        "pk": 300
    },
    {
        "fields": {
            "description": "America/Araguaina"
        },
        "model": "rgmain.timezone",
        "pk": 301
    },
    {
        "fields": {
            "description": "America/Port_of_Spain"
        },
        "model": "rgmain.timezone",
        "pk": 302
    },
    {
        "fields": {
            "description": "America/Shiprock"
        },
        "model": "rgmain.timezone",
        "pk": 303
    },
    {
        "fields": {
            "description": "America/Anguilla"
        },
        "model": "rgmain.timezone",
        "pk": 304
    },
    {
        "fields": {
            "description": "America/Dominica"
        },
        "model": "rgmain.timezone",
        "pk": 305
    },
    {
        "fields": {
            "description": "America/Edmonton"
        },
        "model": "rgmain.timezone",
        "pk": 306
    },
    {
        "fields": {
            "description": "America/Rio_Branco"
        },
        "model": "rgmain.timezone",
        "pk": 307
    },
    {
        "fields": {
            "description": "America/Tijuana"
        },
        "model": "rgmain.timezone",
        "pk": 308
    },
    {
        "fields": {
            "description": "America/Campo_Grande"
        },
        "model": "rgmain.timezone",
        "pk": 309
    },
    {
        "fields": {
            "description": "America/Montevideo"
        },
        "model": "rgmain.timezone",
        "pk": 310
    },
    {
        "fields": {
            "description": "America/Santarem"
        },
        "model": "rgmain.timezone",
        "pk": 311
    },
    {
        "fields": {
            "description": "America/Santiago"
        },
        "model": "rgmain.timezone",
        "pk": 312
    },
    {
        "fields": {
            "description": "America/Moncton"
        },
        "model": "rgmain.timezone",
        "pk": 313
    },
    {
        "fields": {
            "description": "America/Resolute"
        },
        "model": "rgmain.timezone",
        "pk": 314
    },
    {
        "fields": {
            "description": "America/Toronto"
        },
        "model": "rgmain.timezone",
        "pk": 315
    },
    {
        "fields": {
            "description": "America/Tortola"
        },
        "model": "rgmain.timezone",
        "pk": 316
    },
    {
        "fields": {
            "description": "America/Los_Angeles"
        },
        "model": "rgmain.timezone",
        "pk": 317
    },
    {
        "fields": {
            "description": "America/Nipigon"
        },
        "model": "rgmain.timezone",
        "pk": 318
    },
    {
        "fields": {
            "description": "America/Rainy_River"
        },
        "model": "rgmain.timezone",
        "pk": 319
    },
    {
        "fields": {
            "description": "America/El_Salvador"
        },
        "model": "rgmain.timezone",
        "pk": 320
    },
    {
        "fields": {
            "description": "America/Halifax"
        },
        "model": "rgmain.timezone",
        "pk": 321
    },
    {
        "fields": {
            "description": "America/Santo_Domingo"
        },
        "model": "rgmain.timezone",
        "pk": 322
    },
    {
        "fields": {
            "description": "America/St_Vincent"
        },
        "model": "rgmain.timezone",
        "pk": 323
    },
    {
        "fields": {
            "description": "America/Indianapolis"
        },
        "model": "rgmain.timezone",
        "pk": 324
    },
    {
        "fields": {
            "description": "America/Godthab"
        },
        "model": "rgmain.timezone",
        "pk": 325
    },
    {
        "fields": {
            "description": "America/Montserrat"
        },
        "model": "rgmain.timezone",
        "pk": 326
    },
    {
        "fields": {
            "description": "America/Chihuahua"
        },
        "model": "rgmain.timezone",
        "pk": 327
    },
    {
        "fields": {
            "description": "America/Noronha"
        },
        "model": "rgmain.timezone",
        "pk": 328
    },
    {
        "fields": {
            "description": "America/Matamoros"
        },
        "model": "rgmain.timezone",
        "pk": 329
    },
    {
        "fields": {
            "description": "America/Grenada"
        },
        "model": "rgmain.timezone",
        "pk": 330
    },
    {
        "fields": {
            "description": "Universal"
        },
        "model": "rgmain.timezone",
        "pk": 331
    },
    {
        "fields": {
            "description": "Europe/San_Marino"
        },
        "model": "rgmain.timezone",
        "pk": 332
    },
    {
        "fields": {
            "description": "Europe/Kiev"
        },
        "model": "rgmain.timezone",
        "pk": 333
    },
    {
        "fields": {
            "description": "Europe/Berlin"
        },
        "model": "rgmain.timezone",
        "pk": 334
    },
    {
        "fields": {
            "description": "Europe/Oslo"
        },
        "model": "rgmain.timezone",
        "pk": 335
    },
    {
        "fields": {
            "description": "Europe/Riga"
        },
        "model": "rgmain.timezone",
        "pk": 336
    },
    {
        "fields": {
            "description": "Europe/Rome"
        },
        "model": "rgmain.timezone",
        "pk": 337
    },
    {
        "fields": {
            "description": "Europe/Athens"
        },
        "model": "rgmain.timezone",
        "pk": 338
    },
    {
        "fields": {
            "description": "Europe/Luxembourg"
        },
        "model": "rgmain.timezone",
        "pk": 339
    },
    {
        "fields": {
            "description": "Europe/Dublin"
        },
        "model": "rgmain.timezone",
        "pk": 340
    },
    {
        "fields": {
            "description": "Europe/Andorra"
        },
        "model": "rgmain.timezone",
        "pk": 341
    },
    {
        "fields": {
            "description": "Europe/Vilnius"
        },
        "model": "rgmain.timezone",
        "pk": 342
    },
    {
        "fields": {
            "description": "Europe/Belgrade"
        },
        "model": "rgmain.timezone",
        "pk": 343
    },
    {
        "fields": {
            "description": "Europe/Belfast"
        },
        "model": "rgmain.timezone",
        "pk": 344
    },
    {
        "fields": {
            "description": "Europe/Chisinau"
        },
        "model": "rgmain.timezone",
        "pk": 345
    },
    {
        "fields": {
            "description": "Europe/Malta"
        },
        "model": "rgmain.timezone",
        "pk": 346
    },
    {
        "fields": {
            "description": "Europe/Minsk"
        },
        "model": "rgmain.timezone",
        "pk": 347
    },
    {
        "fields": {
            "description": "Europe/Paris"
        },
        "model": "rgmain.timezone",
        "pk": 348
    },
    {
        "fields": {
            "description": "Europe/Sofia"
        },
        "model": "rgmain.timezone",
        "pk": 349
    },
    {
        "fields": {
            "description": "Europe/Vaduz"
        },
        "model": "rgmain.timezone",
        "pk": 350
    },
    {
        "fields": {
            "description": "Europe/Jersey"
        },
        "model": "rgmain.timezone",
        "pk": 351
    },
    {
        "fields": {
            "description": "Europe/Brussels"
        },
        "model": "rgmain.timezone",
        "pk": 352
    },
    {
        "fields": {
            "description": "Europe/Lisbon"
        },
        "model": "rgmain.timezone",
        "pk": 353
    },
    {
        "fields": {
            "description": "Europe/Madrid"
        },
        "model": "rgmain.timezone",
        "pk": 354
    },
    {
        "fields": {
            "description": "Europe/Bratislava"
        },
        "model": "rgmain.timezone",
        "pk": 355
    },
    {
        "fields": {
            "description": "Europe/London"
        },
        "model": "rgmain.timezone",
        "pk": 356
    },
    {
        "fields": {
            "description": "Europe/Kaliningrad"
        },
        "model": "rgmain.timezone",
        "pk": 357
    },
    {
        "fields": {
            "description": "Europe/Monaco"
        },
        "model": "rgmain.timezone",
        "pk": 358
    },
    {
        "fields": {
            "description": "Europe/Moscow"
        },
        "model": "rgmain.timezone",
        "pk": 359
    },
    {
        "fields": {
            "description": "Europe/Prague"
        },
        "model": "rgmain.timezone",
        "pk": 360
    },
    {
        "fields": {
            "description": "Europe/Stockholm"
        },
        "model": "rgmain.timezone",
        "pk": 361
    },
    {
        "fields": {
            "description": "Europe/Samara"
        },
        "model": "rgmain.timezone",
        "pk": 362
    },
    {
        "fields": {
            "description": "Europe/Skopje"
        },
        "model": "rgmain.timezone",
        "pk": 363
    },
    {
        "fields": {
            "description": "Europe/Tirane"
        },
        "model": "rgmain.timezone",
        "pk": 364
    },
    {
        "fields": {
            "description": "Europe/Vienna"
        },
        "model": "rgmain.timezone",
        "pk": 365
    },
    {
        "fields": {
            "description": "Europe/Warsaw"
        },
        "model": "rgmain.timezone",
        "pk": 366
    },
    {
        "fields": {
            "description": "Europe/Budapest"
        },
        "model": "rgmain.timezone",
        "pk": 367
    },
    {
        "fields": {
            "description": "Europe/Simferopol"
        },
        "model": "rgmain.timezone",
        "pk": 368
    },
    {
        "fields": {
            "description": "Europe/Zagreb"
        },
        "model": "rgmain.timezone",
        "pk": 369
    },
    {
        "fields": {
            "description": "Europe/Guernsey"
        },
        "model": "rgmain.timezone",
        "pk": 370
    },
    {
        "fields": {
            "description": "Europe/Zurich"
        },
        "model": "rgmain.timezone",
        "pk": 371
    },
    {
        "fields": {
            "description": "Europe/Bucharest"
        },
        "model": "rgmain.timezone",
        "pk": 372
    },
    {
        "fields": {
            "description": "Europe/Istanbul"
        },
        "model": "rgmain.timezone",
        "pk": 373
    },
    {
        "fields": {
            "description": "Europe/Amsterdam"
        },
        "model": "rgmain.timezone",
        "pk": 374
    },
    {
        "fields": {
            "description": "Europe/Volgograd"
        },
        "model": "rgmain.timezone",
        "pk": 375
    },
    {
        "fields": {
            "description": "Europe/Copenhagen"
        },
        "model": "rgmain.timezone",
        "pk": 376
    },
    {
        "fields": {
            "description": "Europe/Uzhgorod"
        },
        "model": "rgmain.timezone",
        "pk": 377
    },
    {
        "fields": {
            "description": "Europe/Tiraspol"
        },
        "model": "rgmain.timezone",
        "pk": 378
    },
    {
        "fields": {
            "description": "Europe/Tallinn"
        },
        "model": "rgmain.timezone",
        "pk": 379
    },
    {
        "fields": {
            "description": "Europe/Helsinki"
        },
        "model": "rgmain.timezone",
        "pk": 380
    },
    {
        "fields": {
            "description": "Europe/Isle_of_Man"
        },
        "model": "rgmain.timezone",
        "pk": 381
    },
    {
        "fields": {
            "description": "Europe/Mariehamn"
        },
        "model": "rgmain.timezone",
        "pk": 382
    },
    {
        "fields": {
            "description": "Europe/Sarajevo"
        },
        "model": "rgmain.timezone",
        "pk": 383
    },
    {
        "fields": {
            "description": "Europe/Zaporozhye"
        },
        "model": "rgmain.timezone",
        "pk": 384
    },
    {
        "fields": {
            "description": "Europe/Nicosia"
        },
        "model": "rgmain.timezone",
        "pk": 385
    },
    {
        "fields": {
            "description": "Europe/Podgorica"
        },
        "model": "rgmain.timezone",
        "pk": 386
    },
    {
        "fields": {
            "description": "Europe/Gibraltar"
        },
        "model": "rgmain.timezone",
        "pk": 387
    },
    {
        "fields": {
            "description": "Europe/Ljubljana"
        },
        "model": "rgmain.timezone",
        "pk": 388
    },
    {
        "fields": {
            "description": "Europe/Vatican"
        },
        "model": "rgmain.timezone",
        "pk": 389
    },
    {
        "fields": {
            "description": "Pacific/Yap"
        },
        "model": "rgmain.timezone",
        "pk": 390
    },
    {
        "fields": {
            "description": "Pacific/Apia"
        },
        "model": "rgmain.timezone",
        "pk": 391
    },
    {
        "fields": {
            "description": "Pacific/Fiji"
        },
        "model": "rgmain.timezone",
        "pk": 392
    },
    {
        "fields": {
            "description": "Pacific/Guam"
        },
        "model": "rgmain.timezone",
        "pk": 393
    },
    {
        "fields": {
            "description": "Pacific/Niue"
        },
        "model": "rgmain.timezone",
        "pk": 394
    },
    {
        "fields": {
            "description": "Pacific/Truk"
        },
        "model": "rgmain.timezone",
        "pk": 395
    },
    {
        "fields": {
            "description": "Pacific/Wake"
        },
        "model": "rgmain.timezone",
        "pk": 396
    },
    {
        "fields": {
            "description": "Pacific/Easter"
        },
        "model": "rgmain.timezone",
        "pk": 397
    },
    {
        "fields": {
            "description": "Pacific/Pago_Pago"
        },
        "model": "rgmain.timezone",
        "pk": 398
    },
    {
        "fields": {
            "description": "Pacific/Efate"
        },
        "model": "rgmain.timezone",
        "pk": 399
    },
    {
        "fields": {
            "description": "Pacific/Nauru"
        },
        "model": "rgmain.timezone",
        "pk": 400
    },
    {
        "fields": {
            "description": "Pacific/Palau"
        },
        "model": "rgmain.timezone",
        "pk": 401
    },
    {
        "fields": {
            "description": "Pacific/Samoa"
        },
        "model": "rgmain.timezone",
        "pk": 402
    },
    {
        "fields": {
            "description": "Pacific/Kosrae"
        },
        "model": "rgmain.timezone",
        "pk": 403
    },
    {
        "fields": {
            "description": "Pacific/Majuro"
        },
        "model": "rgmain.timezone",
        "pk": 404
    },
    {
        "fields": {
            "description": "Pacific/Midway"
        },
        "model": "rgmain.timezone",
        "pk": 405
    },
    {
        "fields": {
            "description": "Pacific/Honolulu"
        },
        "model": "rgmain.timezone",
        "pk": 406
    },
    {
        "fields": {
            "description": "Pacific/Guadalcanal"
        },
        "model": "rgmain.timezone",
        "pk": 407
    },
    {
        "fields": {
            "description": "Pacific/Noumea"
        },
        "model": "rgmain.timezone",
        "pk": 408
    },
    {
        "fields": {
            "description": "Pacific/Ponape"
        },
        "model": "rgmain.timezone",
        "pk": 409
    },
    {
        "fields": {
            "description": "Pacific/Saipan"
        },
        "model": "rgmain.timezone",
        "pk": 410
    },
    {
        "fields": {
            "description": "Pacific/Pitcairn"
        },
        "model": "rgmain.timezone",
        "pk": 411
    },
    {
        "fields": {
            "description": "Pacific/Tahiti"
        },
        "model": "rgmain.timezone",
        "pk": 412
    },
    {
        "fields": {
            "description": "Pacific/Tarawa"
        },
        "model": "rgmain.timezone",
        "pk": 413
    },
    {
        "fields": {
            "description": "Pacific/Chatham"
        },
        "model": "rgmain.timezone",
        "pk": 414
    },
    {
        "fields": {
            "description": "Pacific/Johnston"
        },
        "model": "rgmain.timezone",
        "pk": 415
    },
    {
        "fields": {
            "description": "Pacific/Wallis"
        },
        "model": "rgmain.timezone",
        "pk": 416
    },
    {
        "fields": {
            "description": "Pacific/Galapagos"
        },
        "model": "rgmain.timezone",
        "pk": 417
    },
    {
        "fields": {
            "description": "Pacific/Kwajalein"
        },
        "model": "rgmain.timezone",
        "pk": 418
    },
    {
        "fields": {
            "description": "Pacific/Tongatapu"
        },
        "model": "rgmain.timezone",
        "pk": 419
    },
    {
        "fields": {
            "description": "Pacific/Fakaofo"
        },
        "model": "rgmain.timezone",
        "pk": 420
    },
    {
        "fields": {
            "description": "Pacific/Auckland"
        },
        "model": "rgmain.timezone",
        "pk": 421
    },
    {
        "fields": {
            "description": "Pacific/Gambier"
        },
        "model": "rgmain.timezone",
        "pk": 422
    },
    {
        "fields": {
            "description": "Pacific/Rarotonga"
        },
        "model": "rgmain.timezone",
        "pk": 423
    },
    {
        "fields": {
            "description": "Pacific/Funafuti"
        },
        "model": "rgmain.timezone",
        "pk": 424
    },
    {
        "fields": {
            "description": "Pacific/Port_Moresby"
        },
        "model": "rgmain.timezone",
        "pk": 425
    },
    {
        "fields": {
            "description": "Pacific/Marquesas"
        },
        "model": "rgmain.timezone",
        "pk": 426
    },
    {
        "fields": {
            "description": "Pacific/Enderbury"
        },
        "model": "rgmain.timezone",
        "pk": 427
    },
    {
        "fields": {
            "description": "Pacific/Kiritimati"
        },
        "model": "rgmain.timezone",
        "pk": 428
    },
    {
        "fields": {
            "description": "Pacific/Norfolk"
        },
        "model": "rgmain.timezone",
        "pk": 429
    },
    {
        "fields": {
            "description": "Iceland"
        },
        "model": "rgmain.timezone",
        "pk": 430
    },
    {
        "fields": {
            "description": "Chile/EasterIsland"
        },
        "model": "rgmain.timezone",
        "pk": 431
    },
    {
        "fields": {
            "description": "Chile/Continental"
        },
        "model": "rgmain.timezone",
        "pk": 432
    },
    {
        "fields": {
            "description": "GMT+0"
        },
        "model": "rgmain.timezone",
        "pk": 433
    },
    {
        "fields": {
            "description": "GMT-0"
        },
        "model": "rgmain.timezone",
        "pk": 434
    },
    {
        "fields": {
            "description": "Egypt"
        },
        "model": "rgmain.timezone",
        "pk": 435
    },
    {
        "fields": {
            "description": "Japan"
        },
        "model": "rgmain.timezone",
        "pk": 436
    },
    {
        "fields": {
            "description": "Portugal"
        },
        "model": "rgmain.timezone",
        "pk": 437
    },
    {
        "fields": {
            "description": "Libya"
        },
        "model": "rgmain.timezone",
        "pk": 438
    },
    {
        "fields": {
            "description": "Indian/Mahe"
        },
        "model": "rgmain.timezone",
        "pk": 439
    },
    {
        "fields": {
            "description": "Indian/Chagos"
        },
        "model": "rgmain.timezone",
        "pk": 440
    },
    {
        "fields": {
            "description": "Indian/Comoro"
        },
        "model": "rgmain.timezone",
        "pk": 441
    },
    {
        "fields": {
            "description": "Indian/Kerguelen"
        },
        "model": "rgmain.timezone",
        "pk": 442
    },
    {
        "fields": {
            "description": "Indian/Maldives"
        },
        "model": "rgmain.timezone",
        "pk": 443
    },
    {
        "fields": {
            "description": "Indian/Cocos"
        },
        "model": "rgmain.timezone",
        "pk": 444
    },
    {
        "fields": {
            "description": "Indian/Christmas"
        },
        "model": "rgmain.timezone",
        "pk": 445
    },
    {
        "fields": {
            "description": "Indian/Mauritius"
        },
        "model": "rgmain.timezone",
        "pk": 446
    },
    {
        "fields": {
            "description": "Indian/Reunion"
        },
        "model": "rgmain.timezone",
        "pk": 447
    },
    {
        "fields": {
            "description": "Indian/Antananarivo"
        },
        "model": "rgmain.timezone",
        "pk": 448
    },
    {
        "fields": {
            "description": "Indian/Mayotte"
        },
        "model": "rgmain.timezone",
        "pk": 449
    },
    {
        "fields": {
            "description": "Israel"
        },
        "model": "rgmain.timezone",
        "pk": 450
    },
    {
        "fields": {
            "description": "Hongkong"
        },
        "model": "rgmain.timezone",
        "pk": 451
    },
    {
        "fields": {
            "description": "Mexico/BajaSur"
        },
        "model": "rgmain.timezone",
        "pk": 452
    },
    {
        "fields": {
            "description": "Mexico/BajaNorte"
        },
        "model": "rgmain.timezone",
        "pk": 453
    },
    {
        "fields": {
            "description": "Mexico/General"
        },
        "model": "rgmain.timezone",
        "pk": 454
    },
    {
        "fields": {
            "description": "Navajo"
        },
        "model": "rgmain.timezone",
        "pk": 455
    },
    {
        "fields": {
            "description": "Poland"
        },
        "model": "rgmain.timezone",
        "pk": 456
    },
    {
        "fields": {
            "description": "Jamaica"
        },
        "model": "rgmain.timezone",
        "pk": 457
    },
    {
        "fields": {
            "description": "EST5EDT"
        },
        "model": "rgmain.timezone",
        "pk": 458
    },
    {
        "fields": {
            "description": "Turkey"
        },
        "model": "rgmain.timezone",
        "pk": 459
    },
    {
        "fields": {
            "description": "GB-Eire"
        },
        "model": "rgmain.timezone",
        "pk": 460
    },
    {
        "fields": {
            "description": "Antarctica/Casey"
        },
        "model": "rgmain.timezone",
        "pk": 461
    },
    {
        "fields": {
            "description": "Antarctica/Davis"
        },
        "model": "rgmain.timezone",
        "pk": 462
    },
    {
        "fields": {
            "description": "Antarctica/Syowa"
        },
        "model": "rgmain.timezone",
        "pk": 463
    },
    {
        "fields": {
            "description": "Antarctica/Mawson"
        },
        "model": "rgmain.timezone",
        "pk": 464
    },
    {
        "fields": {
            "description": "Antarctica/Palmer"
        },
        "model": "rgmain.timezone",
        "pk": 465
    },
    {
        "fields": {
            "description": "Antarctica/Vostok"
        },
        "model": "rgmain.timezone",
        "pk": 466
    },
    {
        "fields": {
            "description": "Antarctica/Rothera"
        },
        "model": "rgmain.timezone",
        "pk": 467
    },
    {
        "fields": {
            "description": "Antarctica/DumontDUrville"
        },
        "model": "rgmain.timezone",
        "pk": 468
    },
    {
        "fields": {
            "description": "Antarctica/McMurdo"
        },
        "model": "rgmain.timezone",
        "pk": 469
    },
    {
        "fields": {
            "description": "Antarctica/South_Pole"
        },
        "model": "rgmain.timezone",
        "pk": 470
    },
    {
        "fields": {
            "description": "Australia/ACT"
        },
        "model": "rgmain.timezone",
        "pk": 471
    },
    {
        "fields": {
            "description": "Australia/LHI"
        },
        "model": "rgmain.timezone",
        "pk": 472
    },
    {
        "fields": {
            "description": "Australia/NSW"
        },
        "model": "rgmain.timezone",
        "pk": 473
    },
    {
        "fields": {
            "description": "Australia/West"
        },
        "model": "rgmain.timezone",
        "pk": 474
    },
    {
        "fields": {
            "description": "Australia/Darwin"
        },
        "model": "rgmain.timezone",
        "pk": 475
    },
    {
        "fields": {
            "description": "Australia/Currie"
        },
        "model": "rgmain.timezone",
        "pk": 476
    },
    {
        "fields": {
            "description": "Australia/Eucla"
        },
        "model": "rgmain.timezone",
        "pk": 477
    },
    {
        "fields": {
            "description": "Australia/Hobart"
        },
        "model": "rgmain.timezone",
        "pk": 478
    },
    {
        "fields": {
            "description": "Australia/North"
        },
        "model": "rgmain.timezone",
        "pk": 479
    },
    {
        "fields": {
            "description": "Australia/Perth"
        },
        "model": "rgmain.timezone",
        "pk": 480
    },
    {
        "fields": {
            "description": "Australia/South"
        },
        "model": "rgmain.timezone",
        "pk": 481
    },
    {
        "fields": {
            "description": "Australia/Canberra"
        },
        "model": "rgmain.timezone",
        "pk": 482
    },
    {
        "fields": {
            "description": "Australia/Melbourne"
        },
        "model": "rgmain.timezone",
        "pk": 483
    },
    {
        "fields": {
            "description": "Australia/Sydney"
        },
        "model": "rgmain.timezone",
        "pk": 484
    },
    {
        "fields": {
            "description": "Australia/Adelaide"
        },
        "model": "rgmain.timezone",
        "pk": 485
    },
    {
        "fields": {
            "description": "Australia/Tasmania"
        },
        "model": "rgmain.timezone",
        "pk": 486
    },
    {
        "fields": {
            "description": "Australia/Broken_Hill"
        },
        "model": "rgmain.timezone",
        "pk": 487
    },
    {
        "fields": {
            "description": "Australia/Lord_Howe"
        },
        "model": "rgmain.timezone",
        "pk": 488
    },
    {
        "fields": {
            "description": "Australia/Yancowinna"
        },
        "model": "rgmain.timezone",
        "pk": 489
    },
    {
        "fields": {
            "description": "Australia/Victoria"
        },
        "model": "rgmain.timezone",
        "pk": 490
    },
    {
        "fields": {
            "description": "Australia/Lindeman"
        },
        "model": "rgmain.timezone",
        "pk": 491
    },
    {
        "fields": {
            "description": "Australia/Queensland"
        },
        "model": "rgmain.timezone",
        "pk": 492
    },
    {
        "fields": {
            "description": "Australia/Brisbane"
        },
        "model": "rgmain.timezone",
        "pk": 493
    },
    {
        "fields": {
            "description": "Kwajalein"
        },
        "model": "rgmain.timezone",
        "pk": 494
    },
    {
        "fields": {
            "description": "MST7MDT"
        },
        "model": "rgmain.timezone",
        "pk": 495
    },
    {
        "fields": {
            "description": "Singapore"
        },
        "model": "rgmain.timezone",
        "pk": 496
    },
    {
        "fields": {
            "description": "NZ-CHAT"
        },
        "model": "rgmain.timezone",
        "pk": 497
    },
    {
        "fields": {
            "description": "Atlantic/Canary"
        },
        "model": "rgmain.timezone",
        "pk": 499
    },
    {
        "fields": {
            "description": "Atlantic/Azores"
        },
        "model": "rgmain.timezone",
        "pk": 500
    },
    {
        "fields": {
            "description": "Atlantic/Faeroe"
        },
        "model": "rgmain.timezone",
        "pk": 501
    },
    {
        "fields": {
            "description": "Atlantic/Faroe"
        },
        "model": "rgmain.timezone",
        "pk": 502
    },
    {
        "fields": {
            "description": "Atlantic/Bermuda"
        },
        "model": "rgmain.timezone",
        "pk": 503
    },
    {
        "fields": {
            "description": "Atlantic/Reykjavik"
        },
        "model": "rgmain.timezone",
        "pk": 504
    },
    {
        "fields": {
            "description": "Atlantic/Jan_Mayen"
        },
        "model": "rgmain.timezone",
        "pk": 505
    },
    {
        "fields": {
            "description": "Atlantic/Cape_Verde"
        },
        "model": "rgmain.timezone",
        "pk": 506
    },
    {
        "fields": {
            "description": "Atlantic/St_Helena"
        },
        "model": "rgmain.timezone",
        "pk": 507
    },
    {
        "fields": {
            "description": "Atlantic/Madeira"
        },
        "model": "rgmain.timezone",
        "pk": 508
    },
    {
        "fields": {
            "description": "Atlantic/Stanley"
        },
        "model": "rgmain.timezone",
        "pk": 509
    },
    {
        "fields": {
            "description": "Atlantic/South_Georgia"
        },
        "model": "rgmain.timezone",
        "pk": 510
    },
    {
        "fields": {
            "description": "Greenwich"
        },
        "model": "rgmain.timezone",
        "pk": 511
    },
    {
        "fields": {
            "description": "PST8PDT"
        },
        "model": "rgmain.timezone",
        "pk": 515
    },
    {
        "fields": {
            "description": "CST6CDT"
        },
        "model": "rgmain.timezone",
        "pk": 516
    },
    {
        "fields": {
            "description": "Africa/Bamako"
        },
        "model": "rgmain.timezone",
        "pk": 517
    },
    {
        "fields": {
            "description": "Africa/Bangui"
        },
        "model": "rgmain.timezone",
        "pk": 518
    },
    {
        "fields": {
            "description": "Africa/Banjul"
        },
        "model": "rgmain.timezone",
        "pk": 519
    },
    {
        "fields": {
            "description": "Africa/Lome"
        },
        "model": "rgmain.timezone",
        "pk": 520
    },
    {
        "fields": {
            "description": "Africa/Asmara"
        },
        "model": "rgmain.timezone",
        "pk": 521
    },
    {
        "fields": {
            "description": "Africa/Asmera"
        },
        "model": "rgmain.timezone",
        "pk": 522
    },
    {
        "fields": {
            "description": "Africa/Bissau"
        },
        "model": "rgmain.timezone",
        "pk": 523
    },
    {
        "fields": {
            "description": "Africa/Algiers"
        },
        "model": "rgmain.timezone",
        "pk": 524
    },
    {
        "fields": {
            "description": "Africa/Johannesburg"
        },
        "model": "rgmain.timezone",
        "pk": 525
    },
    {
        "fields": {
            "description": "Africa/Douala"
        },
        "model": "rgmain.timezone",
        "pk": 526
    },
    {
        "fields": {
            "description": "Africa/Ndjamena"
        },
        "model": "rgmain.timezone",
        "pk": 527
    },
    {
        "fields": {
            "description": "Africa/Harare"
        },
        "model": "rgmain.timezone",
        "pk": 528
    },
    {
        "fields": {
            "description": "Africa/Kinshasa"
        },
        "model": "rgmain.timezone",
        "pk": 529
    },
    {
        "fields": {
            "description": "Africa/Accra"
        },
        "model": "rgmain.timezone",
        "pk": 530
    },
    {
        "fields": {
            "description": "Africa/Cairo"
        },
        "model": "rgmain.timezone",
        "pk": 531
    },
    {
        "fields": {
            "description": "Africa/Ceuta"
        },
        "model": "rgmain.timezone",
        "pk": 532
    },
    {
        "fields": {
            "description": "Africa/Dakar"
        },
        "model": "rgmain.timezone",
        "pk": 533
    },
    {
        "fields": {
            "description": "Africa/Lagos"
        },
        "model": "rgmain.timezone",
        "pk": 534
    },
    {
        "fields": {
            "description": "Africa/Tunis"
        },
        "model": "rgmain.timezone",
        "pk": 535
    },
    {
        "fields": {
            "description": "Africa/Lubumbashi"
        },
        "model": "rgmain.timezone",
        "pk": 536
    },
    {
        "fields": {
            "description": "Africa/Kigali"
        },
        "model": "rgmain.timezone",
        "pk": 537
    },
    {
        "fields": {
            "description": "Africa/Malabo"
        },
        "model": "rgmain.timezone",
        "pk": 538
    },
    {
        "fields": {
            "description": "Africa/Maputo"
        },
        "model": "rgmain.timezone",
        "pk": 539
    },
    {
        "fields": {
            "description": "Africa/Maseru"
        },
        "model": "rgmain.timezone",
        "pk": 540
    },
    {
        "fields": {
            "description": "Africa/Porto-Novo"
        },
        "model": "rgmain.timezone",
        "pk": 541
    },
    {
        "fields": {
            "description": "Africa/Monrovia"
        },
        "model": "rgmain.timezone",
        "pk": 542
    },
    {
        "fields": {
            "description": "Africa/Luanda"
        },
        "model": "rgmain.timezone",
        "pk": 543
    },
    {
        "fields": {
            "description": "Africa/Lusaka"
        },
        "model": "rgmain.timezone",
        "pk": 544
    },
    {
        "fields": {
            "description": "Africa/Niamey"
        },
        "model": "rgmain.timezone",
        "pk": 545
    },
    {
        "fields": {
            "description": "Africa/Freetown"
        },
        "model": "rgmain.timezone",
        "pk": 546
    },
    {
        "fields": {
            "description": "Africa/Windhoek"
        },
        "model": "rgmain.timezone",
        "pk": 547
    },
    {
        "fields": {
            "description": "Africa/Kampala"
        },
        "model": "rgmain.timezone",
        "pk": 548
    },
    {
        "fields": {
            "description": "Africa/Gaborone"
        },
        "model": "rgmain.timezone",
        "pk": 549
    },
    {
        "fields": {
            "description": "Africa/Conakry"
        },
        "model": "rgmain.timezone",
        "pk": 550
    },
    {
        "fields": {
            "description": "Africa/Mogadishu"
        },
        "model": "rgmain.timezone",
        "pk": 551
    },
    {
        "fields": {
            "description": "Africa/Brazzaville"
        },
        "model": "rgmain.timezone",
        "pk": 552
    },
    {
        "fields": {
            "description": "Africa/Timbuktu"
        },
        "model": "rgmain.timezone",
        "pk": 553
    },
    {
        "fields": {
            "description": "Africa/Addis_Ababa"
        },
        "model": "rgmain.timezone",
        "pk": 554
    },
    {
        "fields": {
            "description": "Africa/Bujumbura"
        },
        "model": "rgmain.timezone",
        "pk": 555
    },
    {
        "fields": {
            "description": "Africa/Nouakchott"
        },
        "model": "rgmain.timezone",
        "pk": 556
    },
    {
        "fields": {
            "description": "Africa/Casablanca"
        },
        "model": "rgmain.timezone",
        "pk": 557
    },
    {
        "fields": {
            "description": "Africa/Mbabane"
        },
        "model": "rgmain.timezone",
        "pk": 558
    },
    {
        "fields": {
            "description": "Africa/El_Aaiun"
        },
        "model": "rgmain.timezone",
        "pk": 559
    },
    {
        "fields": {
            "description": "Africa/Libreville"
        },
        "model": "rgmain.timezone",
        "pk": 560
    },
    {
        "fields": {
            "description": "Africa/Dar_es_Salaam"
        },
        "model": "rgmain.timezone",
        "pk": 561
    },
    {
        "fields": {
            "description": "Africa/Ouagadougou"
        },
        "model": "rgmain.timezone",
        "pk": 562
    },
    {
        "fields": {
            "description": "Africa/Khartoum"
        },
        "model": "rgmain.timezone",
        "pk": 563
    },
    {
        "fields": {
            "description": "Africa/Nairobi"
        },
        "model": "rgmain.timezone",
        "pk": 564
    },
    {
        "fields": {
            "description": "Africa/Sao_Tome"
        },
        "model": "rgmain.timezone",
        "pk": 565
    },
    {
        "fields": {
            "description": "Africa/Tripoli"
        },
        "model": "rgmain.timezone",
        "pk": 566
    },
    {
        "fields": {
            "description": "Africa/Abidjan"
        },
        "model": "rgmain.timezone",
        "pk": 567
    },
    {
        "fields": {
            "description": "Africa/Djibouti"
        },
        "model": "rgmain.timezone",
        "pk": 568
    },
    {
        "fields": {
            "description": "Africa/Blantyre"
        },
        "model": "rgmain.timezone",
        "pk": 569
    },
    {
        "fields": {
            "description": "Africa/Juba"
        },
        "model": "rgmain.timezone",
        "pk": 570
    },
    {
        "fields": {
            "description": "America/Bahia_Banderas"
        },
        "model": "rgmain.timezone",
        "pk": 571
    },
    {
        "fields": {
            "description": "America/Creston"
        },
        "model": "rgmain.timezone",
        "pk": 572
    },
    {
        "fields": {
            "description": "America/Fort_Nelson"
        },
        "model": "rgmain.timezone",
        "pk": 573
    },
    {
        "fields": {
            "description": "America/Kralendijk"
        },
        "model": "rgmain.timezone",
        "pk": 574
    },
    {
        "fields": {
            "description": "America/Lower_Princes"
        },
        "model": "rgmain.timezone",
        "pk": 575
    },
    {
        "fields": {
            "description": "America/Metlakatla"
        },
        "model": "rgmain.timezone",
        "pk": 576
    },
    {
        "fields": {
            "description": "America/North_Dakota/Beulah"
        },
        "model": "rgmain.timezone",
        "pk": 577
    },
    {
        "fields": {
            "description": "America/Sitka"
        },
        "model": "rgmain.timezone",
        "pk": 578
    },
    {
        "fields": {
            "description": "Antarctica/Macquarie"
        },
        "model": "rgmain.timezone",
        "pk": 579
    },
    {
        "fields": {
            "description": "Antarctica/Troll"
        },
        "model": "rgmain.timezone",
        "pk": 580
    },
    {
        "fields": {
            "description": "Asia/Atyrau"
        },
        "model": "rgmain.timezone",
        "pk": 581
    },
    {
        "fields": {
            "description": "Asia/Barnaul"
        },
        "model": "rgmain.timezone",
        "pk": 582
    },
    {
        "fields": {
            "description": "Asia/Chita"
        },
        "model": "rgmain.timezone",
        "pk": 583
    },
    {
        "fields": {
            "description": "Asia/Famagusta"
        },
        "model": "rgmain.timezone",
        "pk": 584
    },
    {
        "fields": {
            "description": "Asia/Hebron"
        },
        "model": "rgmain.timezone",
        "pk": 585
    },
    {
        "fields": {
            "description": "Asia/Khandyga"
        },
        "model": "rgmain.timezone",
        "pk": 586
    },
    {
        "fields": {
            "description": "Asia/Srednekolymsk"
        },
        "model": "rgmain.timezone",
        "pk": 587
    },
    {
        "fields": {
            "description": "Asia/Tomsk"
        },
        "model": "rgmain.timezone",
        "pk": 588
    },
    {
        "fields": {
            "description": "Asia/Ust-Nera"
        },
        "model": "rgmain.timezone",
        "pk": 589
    },
    {
        "fields": {
            "description": "Asia/Yangon"
        },
        "model": "rgmain.timezone",
        "pk": 590
    },
    {
        "fields": {
            "description": "Europe/Astrakhan"
        },
        "model": "rgmain.timezone",
        "pk": 591
    },
    {
        "fields": {
            "description": "Europe/Busingen"
        },
        "model": "rgmain.timezone",
        "pk": 592
    },
    {
        "fields": {
            "description": "Europe/Kirov"
        },
        "model": "rgmain.timezone",
        "pk": 593
    },
    {
        "fields": {
            "description": "Europe/Saratov"
        },
        "model": "rgmain.timezone",
        "pk": 594
    },
    {
        "fields": {
            "description": "Europe/Ulyanovsk"
        },
        "model": "rgmain.timezone",
        "pk": 595
    },
    {
        "fields": {
            "description": "Pacific/Bougainville"
        },
        "model": "rgmain.timezone",
        "pk": 596
    },
    {
        "fields": {
            "description": "Pacific/Chuuk"
        },
        "model": "rgmain.timezone",
        "pk": 597
    },
    {
        "fields": {
            "description": "Pacific/Pohnpei"
        },
        "model": "rgmain.timezone",
        "pk": 598
    },
    {
        "fields": {
            "description": "Australia",
            "errmsg": "Please enter a valid Australian mobile number"
        },
        "model": "rgmain.mobileregexcollection",
        "pk": 1
    },
    {
        "fields": {
            "description": "New Zealand",
            "errmsg": "Please enter a valid New Zealand mobile number"
        },
        "model": "rgmain.mobileregexcollection",
        "pk": 2
    },
    {
        "fields": {
            "description": "United Kingdom",
            "errmsg": "Please enter a valid UK mobile number"
        },
        "model": "rgmain.mobileregexcollection",
        "pk": 3
    },
    {
        "fields": {
            "description": "Ireland",
            "errmsg": "Please enter a valid Irish mobile number"
        },
        "model": "rgmain.mobileregexcollection",
        "pk": 4
    },
    {
        "fields": {
            "description": "Switzerland",
            "errmsg": "Please enter a valid Swiss mobile number"
        },
        "model": "rgmain.mobileregexcollection",
        "pk": 5
    },
    {
        "fields": {
            "description": "The Netherlands",
            "errmsg": "Please enter a valid Netherlands mobile number"
        },
        "model": "rgmain.mobileregexcollection",
        "pk": 6
    },
    {
        "fields": {
            "description": "US & Canada",
            "errmsg": "Please enter a valid US or Canada cell phone number"
        },
        "model": "rgmain.mobileregexcollection",
        "pk": 7
    },
    {
        "fields": {
            "description": "Japan",
            "errmsg": "Please enter a valid Japanese mobile number"
        },
        "model": "rgmain.mobileregexcollection",
        "pk": 8
    },
    {
        "fields": {
            "collection": 1,
            "description": "Australian mobile, local format",
            "prepend_digits": "61",
            "regex": "^(04)([0123456789]{8})$",
            "strip_digits": 1
        },
        "model": "rgmain.mobileregex",
        "pk": 1
    },
    {
        "fields": {
            "collection": 1,
            "description": "Australian mobile, international format",
            "prepend_digits": "",
            "regex": "^(614)([0123456789]{8})$",
            "strip_digits": 0
        },
        "model": "rgmain.mobileregex",
        "pk": 2
    },
    {
        "fields": {
            "collection": 1,
            "description": "Australian mobile, international format",
            "prepend_digits": "",
            "regex": "^(00614)([0123456789]{8})$",
            "strip_digits": 2
        },
        "model": "rgmain.mobileregex",
        "pk": 3
    },
    {
        "fields": {
            "collection": 1,
            "description": "Australian mobile, international format",
            "prepend_digits": "",
            "regex": "^(0011614)([0123456789]{8})$",
            "strip_digits": 4
        },
        "model": "rgmain.mobileregex",
        "pk": 4
    },
    {
        "fields": {
            "collection": 2,
            "description": "New Zealand mobile, local format",
            "prepend_digits": "64",
            "regex": "^(02)([0123456789]{7,9})$",
            "strip_digits": 1
        },
        "model": "rgmain.mobileregex",
        "pk": 5
    },
    {
        "fields": {
            "collection": 2,
            "description": "New Zealand mobile, international format",
            "prepend_digits": "",
            "regex": "^(642)([0123456789]{7,9})$",
            "strip_digits": 0
        },
        "model": "rgmain.mobileregex",
        "pk": 8
    },
    {
        "fields": {
            "collection": 2,
            "description": "New Zealand mobile, international format",
            "prepend_digits": "",
            "regex": "^(00642)([0123456789]{7,9})$",
            "strip_digits": 2
        },
        "model": "rgmain.mobileregex",
        "pk": 9
    },
    {
        "fields": {
            "collection": 3,
            "description": "UK mobile, local format",
            "prepend_digits": "44",
            "regex": "^(07)([0123456789]{9})$",
            "strip_digits": 1
        },
        "model": "rgmain.mobileregex",
        "pk": 10
    },
    {
        "fields": {
            "collection": 3,
            "description": "UK mobile, international format",
            "prepend_digits": "",
            "regex": "^(447)([0123456789]{9})$",
            "strip_digits": 0
        },
        "model": "rgmain.mobileregex",
        "pk": 11
    },
    {
        "fields": {
            "collection": 3,
            "description": "UK mobile, international format",
            "prepend_digits": "",
            "regex": "^(00447)([0123456789]{9})$",
            "strip_digits": 2
        },
        "model": "rgmain.mobileregex",
        "pk": 12
    },
    {
        "fields": {
            "collection": 4,
            "description": "Irish mobile, local format",
            "prepend_digits": "353",
            "regex": "^(08)([0123456789]{8})$",
            "strip_digits": 1
        },
        "model": "rgmain.mobileregex",
        "pk": 13
    },
    {
        "fields": {
            "collection": 4,
            "description": "Irish mobile, international format",
            "prepend_digits": "",
            "regex": "^(3538)([0123456789]{8})$",
            "strip_digits": 0
        },
        "model": "rgmain.mobileregex",
        "pk": 14
    },
    {
        "fields": {
            "collection": 4,
            "description": "Irish mobile, international format",
            "prepend_digits": "",
            "regex": "^(003538)([0123456789]{8})$",
            "strip_digits": 2
        },
        "model": "rgmain.mobileregex",
        "pk": 15
    },
    {
        "fields": {
            "collection": 5,
            "description": "Swiss mobile, local format",
            "prepend_digits": "41",
            "regex": "^(07)([0123456789]{8})$",
            "strip_digits": 1
        },
        "model": "rgmain.mobileregex",
        "pk": 16
    },
    {
        "fields": {
            "collection": 5,
            "description": "Swiss mobile, international format",
            "prepend_digits": "",
            "regex": "^(417)([0123456789]{8})$",
            "strip_digits": 0
        },
        "model": "rgmain.mobileregex",
        "pk": 17
    },
    {
        "fields": {
            "collection": 5,
            "description": "Swiss mobile, international format",
            "prepend_digits": "",
            "regex": "^(00417)([0123456789]{8})$",
            "strip_digits": 2
        },
        "model": "rgmain.mobileregex",
        "pk": 18
    },
    {
        "fields": {
            "collection": 6,
            "description": "Netherlands mobile, local format",
            "prepend_digits": "31",
            "regex": "^(06)([0123456789]{8})$",
            "strip_digits": 1
        },
        "model": "rgmain.mobileregex",
        "pk": 19
    },
    {
        "fields": {
            "collection": 6,
            "description": "Netherlands mobile, international format",
            "prepend_digits": "",
            "regex": "^(316)([0123456789]{8})$",
            "strip_digits": 0
        },
        "model": "rgmain.mobileregex",
        "pk": 20
    },
    {
        "fields": {
            "collection": 6,
            "description": "Netherlands mobile, international format",
            "prepend_digits": "",
            "regex": "^(00316)([0123456789]{8})$",
            "strip_digits": 2
        },
        "model": "rgmain.mobileregex",
        "pk": 21
    },
    {
        "fields": {
            "collection": 7,
            "description": "US or Canada mobile",
            "prepend_digits": "1",
            "regex": "^([2-9])([0-9]{9})$",
            "strip_digits": 0
        },
        "model": "rgmain.mobileregex",
        "pk": 22
    },
    {
        "fields": {
            "collection": 7,
            "description": "US or Canada mobile",
            "prepend_digits": "",
            "regex": "^(1)([2-9])([0-9]{9})$",
            "strip_digits": 0
        },
        "model": "rgmain.mobileregex",
        "pk": 23
    },
    {
        "fields": {
            "collection": 8,
            "description": "Japanese mobile, local format",
            "prepend_digits": "81",
            "regex": "^(080)([0123456789]{8})$",
            "strip_digits": 1
        },
        "model": "rgmain.mobileregex",
        "pk": 24
    },
    {
        "fields": {
            "collection": 8,
            "description": "Japanese mobile, local format",
            "prepend_digits": "81",
            "regex": "^(090)([0123456789]{8})$",
            "strip_digits": 1
        },
        "model": "rgmain.mobileregex",
        "pk": 25
    },
    {
        "fields": {
            "collection": 8,
            "description": "Japanese mobile, international format",
            "prepend_digits": "",
            "regex": "^(8180)([0123456789]{8})$",
            "strip_digits": 0
        },
        "model": "rgmain.mobileregex",
        "pk": 26
    },
    {
        "fields": {
            "collection": 8,
            "description": "Japanese mobile, international format",
            "prepend_digits": "",
            "regex": "^(8190)([0123456789]{8})$",
            "strip_digits": 0
        },
        "model": "rgmain.mobileregex",
        "pk": 27
    },
    {
        "fields": {
            "chapter": null,
            "description": "Volunteer"
        },
        "model": "rgprofile.memberstatustype",
        "pk": 1
    },
    {
        "fields": {
            "chapter": null,
            "description": "Alumni"
        },
        "model": "rgprofile.memberstatustype",
        "pk": 2
    },
    {
        "fields": {
            "chapter": null,
            "description": "Other"
        },
        "model": "rgprofile.memberstatustype",
        "pk": 5
    },
    {
        "fields": {
            "chapter": null,
            "description": "Faculty"
        },
        "model": "rgprofile.memberstatustype",
        "pk": 6
    },
    {
        "fields": {
            "chapter": null,
            "description": "President",
            "rank": 10
        },
        "model": "rgprofile.positiontype",
        "pk": 1
    },
    {
        "fields": {
            "chapter": null,
            "description": "Secretary",
            "rank": 31
        },
        "model": "rgprofile.positiontype",
        "pk": 2
    },
    {
        "fields": {
            "chapter": null,
            "description": "Sponsorship & Partnerships Manager",
            "rank": 47
        },
        "model": "rgprofile.positiontype",
        "pk": 5
    },
    {
        "fields": {
            "chapter": null,
            "description": "Marketing Manager",
            "rank": 25
        },
        "model": "rgprofile.positiontype",
        "pk": 6
    },
    {
        "fields": {
            "chapter": null,
            "description": "Vice-President",
            "rank": 28
        },
        "model": "rgprofile.positiontype",
        "pk": 12
    },
    {
        "fields": {
            "chapter": null,
            "description": "IT Manager",
            "rank": 18
        },
        "model": "rgprofile.positiontype",
        "pk": 14
    },
    {
        "fields": {
            "chapter": 1,
            "description": "Designer",
            "rank": 65
        },
        "model": "rgprofile.positiontype",
        "pk": 15
    },
    {
        "fields": {
            "chapter": 1,
            "description": "Communications Manager",
            "rank": 65
        },
        "model": "rgprofile.positiontype",
        "pk": 17
    },
    {
        "fields": {
            "chapter": 1,
            "description": "Organisational Development Manager",
            "rank": 65
        },
        "model": "rgprofile.positiontype",
        "pk": 23
    },
    {
        "fields": {
            "chapter": null,
            "description": "Treasurer",
            "rank": 13
        },
        "model": "rgprofile.positiontype",
        "pk": 25
    },
    {
        "fields": {
            "chapter": null,
            "description": "Committee Member",
            "rank": 49
        },
        "model": "rgprofile.positiontype",
        "pk": 27
    },
    {
        "fields": {
            "chapter": 20,
            "description": "Manager",
            "rank": 22
        },
        "model": "rgprofile.positiontype",
        "pk": 28
    },
    {
        "fields": {
            "chapter": null,
            "description": "Media Manager",
            "rank": 65
        },
        "model": "rgprofile.positiontype",
        "pk": 29
    },
    {
        "fields": {
            "chapter": null,
            "description": "Social Manager",
            "rank": 65
        },
        "model": "rgprofile.positiontype",
        "pk": 30
    },
    {
        "fields": {
            "chapter": 20,
            "description": "Science Challenge Manager",
            "rank": 15
        },
        "model": "rgprofile.positiontype",
        "pk": 32
    },
    {
        "fields": {
            "chapter": 1,
            "description": "Operations Director",
            "rank": 6
        },
        "model": "rgprofile.positiontype",
        "pk": 34
    },
    {
        "fields": {
            "chapter": 1,
            "description": "Founder & Executive Director",
            "rank": 5
        },
        "model": "rgprofile.positiontype",
        "pk": 35
    },
    {
        "fields": {
            "chapter": null,
            "description": "Training Manager",
            "rank": 42
        },
        "model": "rgprofile.positiontype",
        "pk": 36
    },
    {
        "fields": {
            "chapter": null,
            "description": "Secretary & Treasurer",
            "rank": 30
        },
        "model": "rgprofile.positiontype",
        "pk": 37
    },
    {
        "fields": {
            "chapter": null,
            "description": "Schools Manager",
            "rank": 34
        },
        "model": "rgprofile.positiontype",
        "pk": 38
    },
    {
        "fields": {
            "chapter": null,
            "description": "Schools Manager (Metro)",
            "rank": 36
        },
        "model": "rgprofile.positiontype",
        "pk": 39
    },
    {
        "fields": {
            "chapter": null,
            "description": "Schools Manager (Rural & Regional)",
            "rank": 37
        },
        "model": "rgprofile.positiontype",
        "pk": 40
    },
    {
        "fields": {
            "chapter": null,
            "description": "Partnerships Manager",
            "rank": 45
        },
        "model": "rgprofile.positiontype",
        "pk": 42
    },
    {
        "fields": {
            "chapter": 2,
            "description": "Regional Partnerships Manager",
            "rank": 22
        },
        "model": "rgprofile.positiontype",
        "pk": 44
    },
    {
        "fields": {
            "chapter": null,
            "description": "Webmaster",
            "rank": 65
        },
        "model": "rgprofile.positiontype",
        "pk": 52
    },
    {
        "fields": {
            "chapter": 1,
            "description": "Rural & Regional Manager",
            "rank": 23
        },
        "model": "rgprofile.positiontype",
        "pk": 62
    },
    {
        "fields": {
            "chapter": 1,
            "description": "Chief Operations Officer",
            "rank": 9
        },
        "model": "rgprofile.positiontype",
        "pk": 69
    },
    {
        "fields": {
            "chapter": 1,
            "description": "Chief Executive Officer",
            "rank": 8
        },
        "model": "rgprofile.positiontype",
        "pk": 70
    },
    {
        "fields": {
            "chapter": 1,
            "description": "Board Member",
            "rank": 4
        },
        "model": "rgprofile.positiontype",
        "pk": 71
    },
    {
        "fields": {
            "chapter": 1,
            "description": "Co-founder & Board Member",
            "rank": 3
        },
        "model": "rgprofile.positiontype",
        "pk": 72
    },
    {
        "fields": {
            "chapter": 1,
            "description": "Founder & Board Member",
            "rank": 2
        },
        "model": "rgprofile.positiontype",
        "pk": 73
    },
    {
        "fields": {
            "chapter": 1,
            "description": "Chair of the Board",
            "rank": 1
        },
        "model": "rgprofile.positiontype",
        "pk": 74
    },
    {
        "fields": {
            "chapter": 1,
            "description": "Chief Technical Officer",
            "rank": 11
        },
        "model": "rgprofile.positiontype",
        "pk": 76
    },
    {
        "fields": {
            "chapter": null,
            "description": "Regional Executive Officer",
            "rank": 20
        },
        "model": "rgprofile.positiontype",
        "pk": 81
    },
    {
        "fields": {
            "chapter": null,
            "description": "Secretary & Treasurer",
            "rank": 12
        },
        "model": "rgprofile.positiontype",
        "pk": 82
    },
    {
        "fields": {
            "chapter": null,
            "description": "Regional Mentor",
            "rank": 23
        },
        "model": "rgprofile.positiontype",
        "pk": 83
    },
    {
        "fields": {
            "chapter": null,
            "description": "Events Manager",
            "rank": 24
        },
        "model": "rgprofile.positiontype",
        "pk": 84
    },
    {
        "fields": {
            "chapter": 1,
            "description": "Chief Financial Officer ",
            "rank": 12
        },
        "model": "rgprofile.positiontype",
        "pk": 88
    },
    {
        "fields": {
            "chapter": null,
            "description": "Marketing Manager",
            "rank": 25
        },
        "model": "rgprofile.positiontype",
        "pk": 90
    },
    {
        "fields": {
            "chapter": null,
            "description": "Secretary",
            "rank": 12
        },
        "model": "rgprofile.positiontype",
        "pk": 91
    },
    {
        "fields": {
            "chapter": 2,
            "description": "Science Challenge Manager",
            "rank": 24
        },
        "model": "rgprofile.positiontype",
        "pk": 94
    },
    {
        "fields": {
            "chapter": 2,
            "description": "Science Challenge and PIE Manager",
            "rank": 24
        },
        "model": "rgprofile.positiontype",
        "pk": 98
    },
    {
        "fields": {
            "chapter": 2,
            "description": "Curriculum and RRR Manager",
            "rank": 25
        },
        "model": "rgprofile.positiontype",
        "pk": 99
    },
    {
        "fields": {
            "chapter": 1,
            "description": "Chief Development Officer",
            "rank": 11
        },
        "model": "rgprofile.positiontype",
        "pk": 100
    },
    {
        "fields": {
            "chapter": 1,
            "description": "Development Manager",
            "rank": 13
        },
        "model": "rgprofile.positiontype",
        "pk": 101
    },
    {
        "fields": {
            "chapter": null,
            "description": "Sponsorship Manager",
            "rank": 45
        },
        "model": "rgprofile.positiontype",
        "pk": 103
    },
    {
        "fields": {
            "chapter": 2,
            "description": "Deputy Regional Executive Officer",
            "rank": 21
        },
        "model": "rgprofile.positiontype",
        "pk": 116
    },
    {
        "fields": {
            "chapter": 2,
            "description": "Chapter Support Administrator",
            "rank": 24
        },
        "model": "rgprofile.positiontype",
        "pk": 121
    },
    {
        "fields": {
            "chapter": null,
            "description": "Volunteer Coordinator",
            "rank": 45
        },
        "model": "rgprofile.positiontype",
        "pk": 123
    },
    {
        "fields": {
            "chapter": 27,
            "description": "Workshop Manager",
            "rank": 1
        },
        "model": "rgprofile.positiontype",
        "pk": 126
    },
    {
        "fields": {
            "aliases": [],
            "alt_email": "",
            "bio": "I founded Robogals :D",
            "chapter": 1,
            "code_of_conduct": true,
            "company": "",
            "course": "",
            "course_type": 0,
            "date_joined": "2008-07-14T00:00:00Z",
            "dob": null,
            "dob_public": false,
            "email": "nobody@example.com",
            "email_careers_newsletter_AU_optin": true,
            "email_chapter_optin": true,
            "email_newsletter_optin": true,
            "email_othernewsletter_optin": true,
            "email_public": false,
            "email_reminder_optin": true,
            "first_name": "Marita",
            "forum_last_act": "2014-08-19T05:47:03Z",
            "gender": 2,
            "groups": [],
            "internal_notes": "",
            "is_active": true,
            "is_staff": true,
            "is_superuser": true,
            "job_title": "",
            "last_login": "2020-08-08T00:30:38Z",
            "last_name": "Citizen",
            "mobile": "",
            "mobile_marketing_optin": true,
            "mobile_reminder_optin": true,
            "mobile_verified": false,
            "name_display": null,
            "password": "!",
            "photo": "",
            "police_check_expiration": null,
            "police_check_number": "False",
            "privacy": 20,
            "security_check": false,
            "student_number": "",
            "student_type": 0,
            "timezone": null,
            "trained": false,
            "tshirt": null,
            "uni_end": null,
            "uni_start": null,
            "union_member": false,
            "university": null,
            "user_permissions": [],
            "username": "marita",
            "website": ""
        },
        "model": "rgprofile.user",
        "pk": 1
    },
    {
        "fields": {
            "aliases": [],
            "alt_email": "",
            "bio": "What is this, MySpace!?",
            "chapter": 1,
            "code_of_conduct": true,
            "company": "",
            "course": "",
            "course_type": 0,
            "date_joined": "2008-07-14T00:00:00Z",
            "dob": null,
            "dob_public": false,
            "email": "nobody@example.com",
            "email_careers_newsletter_AU_optin": true,
            "email_chapter_optin": true,
            "email_newsletter_optin": true,
            "email_othernewsletter_optin": true,
            "email_public": true,
            "email_reminder_optin": true,
            "first_name": "Mark",
            "forum_last_act": "2016-12-30T12:54:50Z",
            "gender": 1,
            "groups": [],
            "internal_notes": "",
            "is_active": true,
            "is_staff": true,
            "is_superuser": true,
            "job_title": "",
            "last_login": "2020-08-17T12:22:12Z",
            "last_name": "Citizen",
            "mobile": "",
            "mobile_marketing_optin": true,
            "mobile_reminder_optin": true,
            "mobile_verified": false,
            "name_display": null,
            "password": "pbkdf2_sha256$20000$ly1O6ZQxUFNd$aZ3PpDtMHWjlXNf9Yybi5OFfpM9zp04G1x4oiXy2BPA=",
            "photo": "",
            "police_check_expiration": null,
            "police_check_number": "False",
            "privacy": 20,
            "security_check": false,
            "student_number": "",
            "student_type": 0,
            "timezone": null,
            "trained": true,
            "tshirt": 19,
            "uni_end": null,
            "uni_start": null,
            "union_member": false,
            "university": null,
            "user_permissions": [],
            "username": "mark",
            "website": ""
        },
        "model": "rgprofile.user",
        "pk": 5
    },
    {
        "fields": {
            "aliases": [],
            "alt_email": "",
            "bio": "",
            "chapter": 1,
            "code_of_conduct": false,
            "company": "",
            "course": "",
            "course_type": 0,
            "date_joined": "2008-07-14T00:00:00Z",
            "dob": null,
            "dob_public": false,
            "email": "nobody@example.com",
            "email_careers_newsletter_AU_optin": true,
            "email_chapter_optin": true,
            "email_newsletter_optin": true,
            "email_othernewsletter_optin": true,
            "email_public": false,
            "email_reminder_optin": true,
            "first_name": "myRobogals",
            "forum_last_act": "2011-08-05T07:44:23Z",
            "gender": 0,
            "groups": [],
            "internal_notes": "",
            "is_active": true,
            "is_staff": true,
            "is_superuser": false,
            "job_title": "",
            "last_login": "2010-09-19T18:16:48Z",
            "last_name": "Citizen",
            "mobile": "",
            "mobile_marketing_optin": true,
            "mobile_reminder_optin": true,
            "mobile_verified": false,
            "name_display": null,
            "password": "!",
            "photo": "",
            "police_check_expiration": null,
            "police_check_number": "False",
            "privacy": 0,
            "security_check": false,
            "student_number": "",
            "student_type": 0,
            "timezone": null,
            "trained": false,
            "tshirt": null,
            "uni_end": null,
            "uni_start": null,
            "union_member": false,
            "university": null,
            "user_permissions": [],
            "username": "edit",
            "website": ""
        },
        "model": "rgprofile.user",
        "pk": 168
    },
    {
        "fields": {
            "aliases": [],
            "alt_email": "",
            "bio": "",
            "chapter": 1,
            "code_of_conduct": true,
            "company": "",
            "course": "",
            "course_type": 0,
            "date_joined": "2008-07-14T02:00:00Z",
            "dob": null,
            "dob_public": false,
            "email": "nobody@example.com",
            "email_careers_newsletter_AU_optin": true,
            "email_chapter_optin": true,
            "email_newsletter_optin": true,
            "email_othernewsletter_optin": true,
            "email_public": false,
            "email_reminder_optin": true,
            "first_name": "Mun-Xin",
            "forum_last_act": "2015-09-14T12:18:46Z",
            "gender": 2,
            "groups": [],
            "internal_notes": "",
            "is_active": true,
            "is_staff": true,
            "is_superuser": false,
            "job_title": "",
            "last_login": "2019-03-31T04:40:22Z",
            "last_name": "Citizen",
            "mobile": "",
            "mobile_marketing_optin": true,
            "mobile_reminder_optin": true,
            "mobile_verified": false,
            "name_display": null,
            "password": "!",
            "photo": "",
            "police_check_expiration": null,
            "police_check_number": "False",
            "privacy": 20,
            "security_check": false,
            "student_number": "",
            "student_type": 0,
            "timezone": null,
            "trained": true,
            "tshirt": null,
            "uni_end": null,
            "uni_start": null,
            "union_member": false,
            "university": null,
            "user_permissions": [],
            "username": "munxin",
            "website": ""
        },
        "model": "rgprofile.user",
        "pk": 351
    },
    {
        "fields": {
            "aliases": [],
            "alt_email": "",
            "bio": "",
            "chapter": 20,
            "code_of_conduct": false,
            "company": "",
            "course": "",
            "course_type": 0,
            "date_joined": "2011-08-13T00:00:00Z",
            "dob": null,
            "dob_public": false,
            "email": "nobody@example.com",
            "email_careers_newsletter_AU_optin": true,
            "email_chapter_optin": true,
            "email_newsletter_optin": true,
            "email_othernewsletter_optin": true,
            "email_public": false,
            "email_reminder_optin": true,
            "first_name": "Effie",
            "forum_last_act": "2011-08-05T07:44:23Z",
            "gender": 2,
            "groups": [],
            "internal_notes": "",
            "is_active": true,
            "is_staff": true,
            "is_superuser": false,
            "job_title": "",
            "last_login": "2012-05-09T05:33:46Z",
            "last_name": "Citizen",
            "mobile": "",
            "mobile_marketing_optin": true,
            "mobile_reminder_optin": true,
            "mobile_verified": false,
            "name_display": null,
            "password": "!",
            "photo": "",
            "police_check_expiration": null,
            "police_check_number": "False",
            "privacy": 5,
            "security_check": false,
            "student_number": "",
            "student_type": 0,
            "timezone": null,
            "trained": false,
            "tshirt": null,
            "uni_end": null,
            "uni_start": null,
            "union_member": false,
            "university": null,
            "user_permissions": [],
            "username": "effie",
            "website": ""
        },
        "model": "rgprofile.user",
        "pk": 671
    },
    {
        "fields": {
            "aliases": [],
            "alt_email": "",
            "bio": "",
            "chapter": 20,
            "code_of_conduct": false,
            "company": "",
            "course": "",
            "course_type": 0,
            "date_joined": "2011-08-13T00:00:00Z",
            "dob": null,
            "dob_public": false,
            "email": "nobody@example.com",
            "email_careers_newsletter_AU_optin": true,
            "email_chapter_optin": true,
            "email_newsletter_optin": true,
            "email_othernewsletter_optin": true,
            "email_public": false,
            "email_reminder_optin": true,
            "first_name": "Amanda",
            "forum_last_act": "2011-08-05T07:44:23Z",
            "gender": 2,
            "groups": [],
            "internal_notes": "",
            "is_active": true,
            "is_staff": true,
            "is_superuser": false,
            "job_title": "",
            "last_login": "2011-08-10T14:38:23Z",
            "last_name": "Citizen",
            "mobile": "",
            "mobile_marketing_optin": true,
            "mobile_reminder_optin": true,
            "mobile_verified": false,
            "name_display": null,
            "password": "!",
            "photo": "",
            "police_check_expiration": null,
            "police_check_number": "False",
            "privacy": 5,
            "security_check": false,
            "student_number": "",
            "student_type": 0,
            "timezone": null,
            "trained": false,
            "tshirt": null,
            "uni_end": null,
            "uni_start": null,
            "union_member": false,
            "university": null,
            "user_permissions": [],
            "username": "amandam",
            "website": ""
        },
        "model": "rgprofile.user",
        "pk": 685
    },
    {
        "fields": {
            "aliases": [],
            "alt_email": "",
            "bio": "",
            "chapter": 22,
            "code_of_conduct": false,
            "company": "",
            "course": "",
            "course_type": 0,
            "date_joined": "2012-02-25T00:00:00Z",
            "dob": null,
            "dob_public": false,
            "email": "nobody@example.com",
            "email_careers_newsletter_AU_optin": false,
            "email_chapter_optin": true,
            "email_newsletter_optin": true,
            "email_othernewsletter_optin": true,
            "email_public": true,
            "email_reminder_optin": true,
            "first_name": "Margaux",
            "forum_last_act": "2013-03-22T14:53:54Z",
            "gender": 2,
            "groups": [],
            "internal_notes": "",
            "is_active": true,
            "is_staff": true,
            "is_superuser": false,
            "job_title": "",
            "last_login": "2013-03-22T14:53:04Z",
            "last_name": "Citizen",
            "mobile": "",
            "mobile_marketing_optin": false,
            "mobile_reminder_optin": false,
            "mobile_verified": false,
            "name_display": null,
            "password": "!",
            "photo": "",
            "police_check_expiration": null,
            "police_check_number": "False",
            "privacy": 5,
            "security_check": false,
            "student_number": "",
            "student_type": 0,
            "timezone": null,
            "trained": true,
            "tshirt": null,
            "uni_end": null,
            "uni_start": null,
            "union_member": false,
            "university": null,
            "user_permissions": [],
            "username": "margaux",
            "website": ""
        },
        "model": "rgprofile.user",
        "pk": 1308
    },
    {
        "fields": {
            "aliases": [],
            "alt_email": "",
            "bio": "",
            "chapter": 22,
            "code_of_conduct": false,
            "company": "",
            "course": "",
            "course_type": 0,
            "date_joined": "2012-02-25T00:00:00Z",
            "dob": null,
            "dob_public": false,
            "email": "nobody@example.com",
            "email_careers_newsletter_AU_optin": false,
            "email_chapter_optin": true,
            "email_newsletter_optin": true,
            "email_othernewsletter_optin": true,
            "email_public": false,
            "email_reminder_optin": true,
            "first_name": "Do Hee",
            "forum_last_act": "2011-08-05T07:44:23Z",
            "gender": 2,
            "groups": [],
            "internal_notes": "",
            "is_active": true,
            "is_staff": true,
            "is_superuser": false,
            "job_title": "",
            "last_login": "2014-10-27T03:39:28Z",
            "last_name": "Citizen",
            "mobile": "",
            "mobile_marketing_optin": true,
            "mobile_reminder_optin": true,
            "mobile_verified": false,
            "name_display": null,
            "password": "!",
            "photo": "",
            "police_check_expiration": null,
            "police_check_number": "False",
            "privacy": 5,
            "security_check": false,
            "student_number": "",
            "student_type": 0,
            "timezone": null,
            "trained": true,
            "tshirt": null,
            "uni_end": null,
            "uni_start": null,
            "union_member": false,
            "university": null,
            "user_permissions": [],
            "username": "dohee",
            "website": ""
        },
        "model": "rgprofile.user",
        "pk": 1310
    },
    {
        "fields": {
            "aliases": [],
            "alt_email": "",
            "bio": "",
            "chapter": 20,
            "code_of_conduct": false,
            "company": "",
            "course": "",
            "course_type": 0,
            "date_joined": "2012-03-19T11:43:59Z",
            "dob": null,
            "dob_public": false,
            "email": "nobody@example.com",
            "email_careers_newsletter_AU_optin": true,
            "email_chapter_optin": true,
            "email_newsletter_optin": true,
            "email_othernewsletter_optin": true,
            "email_public": false,
            "email_reminder_optin": true,
            "first_name": "Deanna",
            "forum_last_act": "2013-04-04T23:49:35Z",
            "gender": 2,
            "groups": [],
            "internal_notes": "",
            "is_active": true,
            "is_staff": true,
            "is_superuser": false,
            "job_title": "",
            "last_login": "2015-07-31T02:14:02Z",
            "last_name": "Citizen",
            "mobile": "",
            "mobile_marketing_optin": true,
            "mobile_reminder_optin": true,
            "mobile_verified": false,
            "name_display": null,
            "password": "!",
            "photo": "",
            "police_check_expiration": null,
            "police_check_number": "False",
            "privacy": 5,
            "security_check": false,
            "student_number": "",
            "student_type": 0,
            "timezone": null,
            "trained": false,
            "tshirt": null,
            "uni_end": null,
            "uni_start": null,
            "union_member": false,
            "university": null,
            "user_permissions": [],
            "username": "deanna",
            "website": ""
        },
        "model": "rgprofile.user",
        "pk": 1735
    },
    {
        "fields": {
            "aliases": [],
            "alt_email": "",
            "bio": "",
            "chapter": 1,
            "code_of_conduct": true,
            "company": "",
            "course": "",
            "course_type": 0,
            "date_joined": "2012-08-11T02:44:58Z",
            "dob": null,
            "dob_public": false,
            "email": "nobody@example.com",
            "email_careers_newsletter_AU_optin": true,
            "email_chapter_optin": true,
            "email_newsletter_optin": true,
            "email_othernewsletter_optin": true,
            "email_public": false,
            "email_reminder_optin": true,
            "first_name": "Caitie",
            "forum_last_act": "2015-05-18T09:17:43Z",
            "gender": 2,
            "groups": [],
            "internal_notes": "",
            "is_active": true,
            "is_staff": true,
            "is_superuser": false,
            "job_title": "",
            "last_login": "2020-08-03T08:09:13Z",
            "last_name": "Citizen",
            "mobile": "",
            "mobile_marketing_optin": true,
            "mobile_reminder_optin": true,
            "mobile_verified": false,
            "name_display": null,
            "password": "!",
            "photo": "",
            "police_check_expiration": null,
            "police_check_number": "False",
            "privacy": 20,
            "security_check": false,
            "student_number": "",
            "student_type": 0,
            "timezone": null,
            "trained": false,
            "tshirt": null,
            "uni_end": null,
            "uni_start": null,
            "union_member": false,
            "university": null,
            "user_permissions": [],
            "username": "caitie",
            "website": ""
        },
        "model": "rgprofile.user",
        "pk": 2048
    },
    {
        "fields": {
            "aliases": [],
            "alt_email": "",
            "bio": "",
            "chapter": 1,
            "code_of_conduct": true,
            "company": "",
            "course": "",
            "course_type": 0,
            "date_joined": "2012-08-11T02:47:32Z",
            "dob": null,
            "dob_public": false,
            "email": "nobody@example.com",
            "email_careers_newsletter_AU_optin": true,
            "email_chapter_optin": true,
            "email_newsletter_optin": true,
            "email_othernewsletter_optin": true,
            "email_public": false,
            "email_reminder_optin": true,
            "first_name": "Suhashi",
            "forum_last_act": "2014-05-13T06:53:20Z",
            "gender": 2,
            "groups": [],
            "internal_notes": "",
            "is_active": true,
            "is_staff": true,
            "is_superuser": false,
            "job_title": "",
            "last_login": "2017-10-16T10:06:00Z",
            "last_name": "Citizen",
            "mobile": "",
            "mobile_marketing_optin": true,
            "mobile_reminder_optin": true,
            "mobile_verified": false,
            "name_display": null,
            "password": "!",
            "photo": "",
            "police_check_expiration": null,
            "police_check_number": "False",
            "privacy": 20,
            "security_check": false,
            "student_number": "",
            "student_type": 0,
            "timezone": null,
            "trained": false,
            "tshirt": null,
            "uni_end": null,
            "uni_start": null,
            "union_member": false,
            "university": null,
            "user_permissions": [],
            "username": "suhashiw",
            "website": ""
        },
        "model": "rgprofile.user",
        "pk": 2049
    },
    {
        "fields": {
            "aliases": [],
            "alt_email": "",
            "bio": "Professor Jamie Evans provided Marita with the initial inspiration for founding Robogals while he was Head of Electrical Engineering at the University of Melbourne.  He continues to be a great mentor for the team, despite his unfortunate defection to Monash University.",
            "chapter": 1,
            "code_of_conduct": false,
            "company": "",
            "course": "",
            "course_type": 0,
            "date_joined": "2008-07-14T12:00:00Z",
            "dob": null,
            "dob_public": false,
            "email": "nobody@example.com",
            "email_careers_newsletter_AU_optin": true,
            "email_chapter_optin": false,
            "email_newsletter_optin": true,
            "email_othernewsletter_optin": true,
            "email_public": false,
            "email_reminder_optin": false,
            "first_name": "Jamie",
            "forum_last_act": "2012-09-18T04:05:58Z",
            "gender": 1,
            "groups": [],
            "internal_notes": "",
            "is_active": true,
            "is_staff": true,
            "is_superuser": false,
            "job_title": "",
            "last_login": "2018-12-24T00:37:20Z",
            "last_name": "Citizen",
            "mobile": "",
            "mobile_marketing_optin": false,
            "mobile_reminder_optin": false,
            "mobile_verified": false,
            "name_display": null,
            "password": "!",
            "photo": "",
            "police_check_expiration": null,
            "police_check_number": "False",
            "privacy": 5,
            "security_check": false,
            "student_number": "",
            "student_type": 0,
            "timezone": null,
            "trained": false,
            "tshirt": null,
            "uni_end": null,
            "uni_start": null,
            "union_member": false,
            "university": null,
            "user_permissions": [],
            "username": "jamie",
            "website": ""
        },
        "model": "rgprofile.user",
        "pk": 2086
    },
    {
        "fields": {
            "aliases": [],
            "alt_email": "",
            "bio": "",
            "chapter": 2,
            "code_of_conduct": true,
            "company": "",
            "course": "",
            "course_type": 0,
            "date_joined": "2013-03-05T11:56:01Z",
            "dob": null,
            "dob_public": false,
            "email": "nobody@example.com",
            "email_careers_newsletter_AU_optin": true,
            "email_chapter_optin": true,
            "email_newsletter_optin": true,
            "email_othernewsletter_optin": true,
            "email_public": false,
            "email_reminder_optin": true,
            "first_name": "Qalissa",
            "forum_last_act": "2016-02-26T11:48:06Z",
            "gender": 2,
            "groups": [],
            "internal_notes": "",
            "is_active": true,
            "is_staff": true,
            "is_superuser": false,
            "job_title": "",
            "last_login": "2018-07-12T08:57:39Z",
            "last_name": "Citizen",
            "mobile": "",
            "mobile_marketing_optin": true,
            "mobile_reminder_optin": true,
            "mobile_verified": false,
            "name_display": null,
            "password": "!",
            "photo": "",
            "police_check_expiration": null,
            "police_check_number": "False",
            "privacy": 5,
            "security_check": false,
            "student_number": "",
            "student_type": 0,
            "timezone": null,
            "trained": false,
            "tshirt": null,
            "uni_end": null,
            "uni_start": null,
            "union_member": false,
            "university": null,
            "user_permissions": [],
            "username": "Qalissa",
            "website": ""
        },
        "model": "rgprofile.user",
        "pk": 2708
    },
    {
        "fields": {
            "aliases": [],
            "alt_email": "",
            "bio": "",
            "chapter": 22,
            "code_of_conduct": false,
            "company": "",
            "course": "",
            "course_type": 0,
            "date_joined": "2013-04-04T22:54:23Z",
            "dob": null,
            "dob_public": false,
            "email": "nobody@example.com",
            "email_careers_newsletter_AU_optin": false,
            "email_chapter_optin": true,
            "email_newsletter_optin": true,
            "email_othernewsletter_optin": true,
            "email_public": true,
            "email_reminder_optin": true,
            "first_name": "Vivian",
            "forum_last_act": "2014-01-07T23:46:12Z",
            "gender": 2,
            "groups": [],
            "internal_notes": "",
            "is_active": true,
            "is_staff": true,
            "is_superuser": false,
            "job_title": "",
            "last_login": "2014-01-07T23:37:56Z",
            "last_name": "Citizen",
            "mobile": "",
            "mobile_marketing_optin": false,
            "mobile_reminder_optin": false,
            "mobile_verified": false,
            "name_display": null,
            "password": "!",
            "photo": "",
            "police_check_expiration": null,
            "police_check_number": "False",
            "privacy": 5,
            "security_check": false,
            "student_number": "",
            "student_type": 0,
            "timezone": null,
            "trained": false,
            "tshirt": null,
            "uni_end": null,
            "uni_start": null,
            "union_member": false,
            "university": null,
            "user_permissions": [],
            "username": "vh",
            "website": ""
        },
        "model": "rgprofile.user",
        "pk": 2871
    },
    {
        "fields": {
            "aliases": [],
            "alt_email": "",
            "bio": "",
            "chapter": 22,
            "code_of_conduct": false,
            "company": "",
            "course": "",
            "course_type": 0,
            "date_joined": "2013-04-12T03:22:05Z",
            "dob": null,
            "dob_public": false,
            "email": "nobody@example.com",
            "email_careers_newsletter_AU_optin": false,
            "email_chapter_optin": true,
            "email_newsletter_optin": true,
            "email_othernewsletter_optin": true,
            "email_public": false,
            "email_reminder_optin": true,
            "first_name": "Megan",
            "forum_last_act": "2015-02-03T06:39:33Z",
            "gender": 2,
            "groups": [],
            "internal_notes": "",
            "is_active": true,
            "is_staff": true,
            "is_superuser": false,
            "job_title": "",
            "last_login": "2016-06-02T20:00:16Z",
            "last_name": "Citizen",
            "mobile": "",
            "mobile_marketing_optin": true,
            "mobile_reminder_optin": true,
            "mobile_verified": false,
            "name_display": null,
            "password": "!",
            "photo": "",
            "police_check_expiration": null,
            "police_check_number": "False",
            "privacy": 5,
            "security_check": false,
            "student_number": "",
            "student_type": 0,
            "timezone": null,
            "trained": true,
            "tshirt": null,
            "uni_end": null,
            "uni_start": null,
            "union_member": false,
            "university": null,
            "user_permissions": [],
            "username": "mkeehan",
            "website": ""
        },
        "model": "rgprofile.user",
        "pk": 2879
    },
    {
        "fields": {
            "aliases": [],
            "alt_email": "",
            "bio": "",
            "chapter": 45,
            "code_of_conduct": false,
            "company": "",
            "course": "",
            "course_type": 0,
            "date_joined": "2013-11-26T21:28:30Z",
            "dob": null,
            "dob_public": false,
            "email": "nobody@example.com",
            "email_careers_newsletter_AU_optin": true,
            "email_chapter_optin": true,
            "email_newsletter_optin": true,
            "email_othernewsletter_optin": true,
            "email_public": true,
            "email_reminder_optin": true,
            "first_name": "Jennifer",
            "forum_last_act": "2013-11-26T21:28:30Z",
            "gender": 2,
            "groups": [],
            "internal_notes": "",
            "is_active": true,
            "is_staff": true,
            "is_superuser": false,
            "job_title": "",
            "last_login": "2015-02-24T23:04:03Z",
            "last_name": "Citizen",
            "mobile": "",
            "mobile_marketing_optin": false,
            "mobile_reminder_optin": false,
            "mobile_verified": false,
            "name_display": null,
            "password": "!",
            "photo": "",
            "police_check_expiration": null,
            "police_check_number": "False",
            "privacy": 10,
            "security_check": false,
            "student_number": "",
            "student_type": 0,
            "timezone": null,
            "trained": false,
            "tshirt": null,
            "uni_end": null,
            "uni_start": null,
            "union_member": false,
            "university": null,
            "user_permissions": [],
            "username": "JenniferW",
            "website": ""
        },
        "model": "rgprofile.user",
        "pk": 3655
    },
    {
        "fields": {
            "aliases": [],
            "alt_email": "",
            "bio": "",
            "chapter": 45,
            "code_of_conduct": false,
            "company": "",
            "course": "",
            "course_type": 0,
            "date_joined": "2013-11-26T22:06:12Z",
            "dob": null,
            "dob_public": false,
            "email": "nobody@example.com",
            "email_careers_newsletter_AU_optin": false,
            "email_chapter_optin": true,
            "email_newsletter_optin": true,
            "email_othernewsletter_optin": true,
            "email_public": true,
            "email_reminder_optin": true,
            "first_name": "Daisy ",
            "forum_last_act": "2014-12-27T03:30:21Z",
            "gender": 2,
            "groups": [],
            "internal_notes": "",
            "is_active": true,
            "is_staff": true,
            "is_superuser": false,
            "job_title": "",
            "last_login": "2015-02-03T22:42:21Z",
            "last_name": "Citizen",
            "mobile": "",
            "mobile_marketing_optin": false,
            "mobile_reminder_optin": false,
            "mobile_verified": false,
            "name_display": null,
            "password": "!",
            "photo": "",
            "police_check_expiration": null,
            "police_check_number": "False",
            "privacy": 5,
            "security_check": false,
            "student_number": "",
            "student_type": 0,
            "timezone": null,
            "trained": false,
            "tshirt": null,
            "uni_end": null,
            "uni_start": null,
            "union_member": false,
            "university": null,
            "user_permissions": [],
            "username": "DaisyL",
            "website": ""
        },
        "model": "rgprofile.user",
        "pk": 3656
    },
    {
        "fields": {
            "aliases": [],
            "alt_email": "",
            "bio": "",
            "chapter": 45,
            "code_of_conduct": false,
            "company": "",
            "course": "",
            "course_type": 0,
            "date_joined": "2013-11-27T17:42:11Z",
            "dob": null,
            "dob_public": false,
            "email": "nobody@example.com",
            "email_careers_newsletter_AU_optin": false,
            "email_chapter_optin": true,
            "email_newsletter_optin": true,
            "email_othernewsletter_optin": true,
            "email_public": true,
            "email_reminder_optin": true,
            "first_name": "Nicole",
            "forum_last_act": "2014-03-22T19:41:18Z",
            "gender": 2,
            "groups": [],
            "internal_notes": "",
            "is_active": true,
            "is_staff": true,
            "is_superuser": false,
            "job_title": "",
            "last_login": "2015-03-03T02:11:33Z",
            "last_name": "Citizen",
            "mobile": "",
            "mobile_marketing_optin": true,
            "mobile_reminder_optin": true,
            "mobile_verified": false,
            "name_display": null,
            "password": "!",
            "photo": "",
            "police_check_expiration": null,
            "police_check_number": "False",
            "privacy": 20,
            "security_check": false,
            "student_number": "",
            "student_type": 0,
            "timezone": null,
            "trained": false,
            "tshirt": null,
            "uni_end": null,
            "uni_start": null,
            "union_member": false,
            "university": null,
            "user_permissions": [],
            "username": "nproulx",
            "website": ""
        },
        "model": "rgprofile.user",
        "pk": 3657
    },
    {
        "fields": {
            "aliases": [],
            "alt_email": "",
            "bio": "",
            "chapter": 22,
            "code_of_conduct": false,
            "company": "",
            "course": "",
            "course_type": 0,
            "date_joined": "2013-12-02T03:46:06Z",
            "dob": null,
            "dob_public": false,
            "email": "nobody@example.com",
            "email_careers_newsletter_AU_optin": false,
            "email_chapter_optin": true,
            "email_newsletter_optin": true,
            "email_othernewsletter_optin": true,
            "email_public": false,
            "email_reminder_optin": true,
            "first_name": "Kalyn",
            "forum_last_act": "2013-12-02T03:46:06Z",
            "gender": 2,
            "groups": [],
            "internal_notes": "",
            "is_active": true,
            "is_staff": true,
            "is_superuser": false,
            "job_title": "",
            "last_login": "2013-12-08T07:26:49Z",
            "last_name": "Citizen",
            "mobile": "",
            "mobile_marketing_optin": true,
            "mobile_reminder_optin": true,
            "mobile_verified": false,
            "name_display": null,
            "password": "!",
            "photo": "",
            "police_check_expiration": null,
            "police_check_number": "False",
            "privacy": 5,
            "security_check": false,
            "student_number": "",
            "student_type": 0,
            "timezone": null,
            "trained": true,
            "tshirt": null,
            "uni_end": null,
            "uni_start": null,
            "union_member": false,
            "university": null,
            "user_permissions": [],
            "username": "kc",
            "website": ""
        },
        "model": "rgprofile.user",
        "pk": 3660
    },
    {
        "fields": {
            "aliases": [],
            "alt_email": "",
            "bio": "",
            "chapter": 22,
            "code_of_conduct": false,
            "company": "",
            "course": "",
            "course_type": 0,
            "date_joined": "2013-12-03T07:22:58Z",
            "dob": null,
            "dob_public": false,
            "email": "nobody@example.com",
            "email_careers_newsletter_AU_optin": false,
            "email_chapter_optin": true,
            "email_newsletter_optin": true,
            "email_othernewsletter_optin": true,
            "email_public": false,
            "email_reminder_optin": true,
            "first_name": "Juan Diego",
            "forum_last_act": "2013-12-03T07:22:58Z",
            "gender": 1,
            "groups": [],
            "internal_notes": "",
            "is_active": true,
            "is_staff": true,
            "is_superuser": false,
            "job_title": "",
            "last_login": "2013-12-03T07:44:50Z",
            "last_name": "Citizen",
            "mobile": "",
            "mobile_marketing_optin": true,
            "mobile_reminder_optin": true,
            "mobile_verified": false,
            "name_display": null,
            "password": "!",
            "photo": "",
            "police_check_expiration": null,
            "police_check_number": "False",
            "privacy": 5,
            "security_check": false,
            "student_number": "",
            "student_type": 0,
            "timezone": null,
            "trained": false,
            "tshirt": null,
            "uni_end": null,
            "uni_start": null,
            "union_member": false,
            "university": null,
            "user_permissions": [],
            "username": "jdp",
            "website": ""
        },
        "model": "rgprofile.user",
        "pk": 3662
    },
    {
        "fields": {
            "aliases": [],
            "alt_email": "",
            "bio": "",
            "chapter": 9,
            "code_of_conduct": false,
            "company": "",
            "course": "",
            "course_type": 0,
            "date_joined": "2013-12-12T13:20:42Z",
            "dob": null,
            "dob_public": false,
            "email": "nobody@example.com",
            "email_careers_newsletter_AU_optin": false,
            "email_chapter_optin": true,
            "email_newsletter_optin": false,
            "email_othernewsletter_optin": true,
            "email_public": false,
            "email_reminder_optin": false,
            "first_name": "Karen",
            "forum_last_act": "2014-07-24T20:30:44Z",
            "gender": 2,
            "groups": [],
            "internal_notes": "",
            "is_active": true,
            "is_staff": true,
            "is_superuser": false,
            "job_title": "",
            "last_login": "2014-07-24T20:23:34Z",
            "last_name": "Citizen",
            "mobile": "",
            "mobile_marketing_optin": true,
            "mobile_reminder_optin": false,
            "mobile_verified": false,
            "name_display": null,
            "password": "!",
            "photo": "",
            "police_check_expiration": null,
            "police_check_number": "False",
            "privacy": 5,
            "security_check": false,
            "student_number": "",
            "student_type": 0,
            "timezone": null,
            "trained": false,
            "tshirt": null,
            "uni_end": null,
            "uni_start": null,
            "union_member": false,
            "university": null,
            "user_permissions": [],
            "username": "karen",
            "website": ""
        },
        "model": "rgprofile.user",
        "pk": 3677
    },
    {
        "fields": {
            "aliases": [],
            "alt_email": "",
            "bio": "",
            "chapter": 45,
            "code_of_conduct": false,
            "company": "",
            "course": "",
            "course_type": 0,
            "date_joined": "2014-03-23T00:23:34Z",
            "dob": null,
            "dob_public": false,
            "email": "nobody@example.com",
            "email_careers_newsletter_AU_optin": true,
            "email_chapter_optin": true,
            "email_newsletter_optin": true,
            "email_othernewsletter_optin": true,
            "email_public": false,
            "email_reminder_optin": true,
            "first_name": "Alexandra",
            "forum_last_act": "2015-01-25T23:41:56Z",
            "gender": 2,
            "groups": [],
            "internal_notes": "",
            "is_active": true,
            "is_staff": true,
            "is_superuser": false,
            "job_title": "",
            "last_login": "2016-06-05T16:21:51Z",
            "last_name": "Citizen",
            "mobile": "",
            "mobile_marketing_optin": true,
            "mobile_reminder_optin": true,
            "mobile_verified": false,
            "name_display": null,
            "password": "!",
            "photo": "",
            "police_check_expiration": null,
            "police_check_number": "False",
            "privacy": 5,
            "security_check": false,
            "student_number": "",
            "student_type": 0,
            "timezone": null,
            "trained": false,
            "tshirt": null,
            "uni_end": null,
            "uni_start": null,
            "union_member": false,
            "university": null,
            "user_permissions": [],
            "username": "AlexG",
            "website": ""
        },
        "model": "rgprofile.user",
        "pk": 4290
    },
    {
        "fields": {
            "aliases": [],
            "alt_email": "",
            "bio": "",
            "chapter": 1,
            "code_of_conduct": false,
            "company": "",
            "course": "",
            "course_type": 0,
            "date_joined": "2014-11-08T04:45:46Z",
            "dob": null,
            "dob_public": false,
            "email": "nobody@example.com",
            "email_careers_newsletter_AU_optin": false,
            "email_chapter_optin": true,
            "email_newsletter_optin": true,
            "email_othernewsletter_optin": true,
            "email_public": false,
            "email_reminder_optin": true,
            "first_name": "Ami",
            "forum_last_act": "2014-11-08T04:45:46Z",
            "gender": 2,
            "groups": [],
            "internal_notes": "",
            "is_active": true,
            "is_staff": true,
            "is_superuser": false,
            "job_title": "",
            "last_login": null,
            "last_name": "Citizen",
            "mobile": "",
            "mobile_marketing_optin": true,
            "mobile_reminder_optin": true,
            "mobile_verified": false,
            "name_display": null,
            "password": "!",
            "photo": "",
            "police_check_expiration": null,
            "police_check_number": "False",
            "privacy": 20,
            "security_check": false,
            "student_number": "",
            "student_type": 0,
            "timezone": null,
            "trained": false,
            "tshirt": null,
            "uni_end": null,
            "uni_start": null,
            "union_member": false,
            "university": null,
            "user_permissions": [],
            "username": "ami",
            "website": ""
        },
        "model": "rgprofile.user",
        "pk": 4959
    },
    {
        "fields": {
            "aliases": [],
            "alt_email": "",
            "bio": "",
            "chapter": 1,
            "code_of_conduct": false,
            "company": "",
            "course": "",
            "course_type": 0,
            "date_joined": "2015-01-12T21:15:24Z",
            "dob": null,
            "dob_public": false,
            "email": "nobody@example.com",
            "email_careers_newsletter_AU_optin": false,
            "email_chapter_optin": true,
            "email_newsletter_optin": false,
            "email_othernewsletter_optin": true,
            "email_public": true,
            "email_reminder_optin": true,
            "first_name": "Laura",
            "forum_last_act": "2015-01-12T21:15:24Z",
            "gender": 2,
            "groups": [],
            "internal_notes": "",
            "is_active": true,
            "is_staff": true,
            "is_superuser": true,
            "job_title": "",
            "last_login": "2019-10-10T01:42:40Z",
            "last_name": "Citizen",
            "mobile": "",
            "mobile_marketing_optin": false,
            "mobile_reminder_optin": true,
            "mobile_verified": false,
            "name_display": null,
            "password": "!",
            "photo": "",
            "police_check_expiration": null,
            "police_check_number": "False",
            "privacy": 5,
            "security_check": false,
            "student_number": "",
            "student_type": 0,
            "timezone": null,
            "trained": false,
            "tshirt": null,
            "uni_end": null,
            "uni_start": null,
            "union_member": false,
            "university": null,
            "user_permissions": [],
            "username": "ldc",
            "website": ""
        },
        "model": "rgprofile.user",
        "pk": 5073
    },
    {
        "fields": {
            "aliases": [],
            "alt_email": "",
            "bio": "",
            "chapter": 21,
            "code_of_conduct": false,
            "company": "",
            "course": "",
            "course_type": 0,
            "date_joined": "2015-01-13T23:50:45Z",
            "dob": null,
            "dob_public": false,
            "email": "nobody@example.com",
            "email_careers_newsletter_AU_optin": false,
            "email_chapter_optin": true,
            "email_newsletter_optin": true,
            "email_othernewsletter_optin": true,
            "email_public": true,
            "email_reminder_optin": true,
            "first_name": "Kaitlin",
            "forum_last_act": "2015-02-17T00:41:49Z",
            "gender": 2,
            "groups": [],
            "internal_notes": "",
            "is_active": true,
            "is_staff": true,
            "is_superuser": false,
            "job_title": "",
            "last_login": "2015-02-20T16:45:56Z",
            "last_name": "Citizen",
            "mobile": "",
            "mobile_marketing_optin": true,
            "mobile_reminder_optin": true,
            "mobile_verified": false,
            "name_display": null,
            "password": "!",
            "photo": "",
            "police_check_expiration": null,
            "police_check_number": "False",
            "privacy": 5,
            "security_check": false,
            "student_number": "",
            "student_type": 0,
            "timezone": null,
            "trained": false,
            "tshirt": null,
            "uni_end": null,
            "uni_start": null,
            "union_member": false,
            "university": null,
            "user_permissions": [],
            "username": "Kj97",
            "website": ""
        },
        "model": "rgprofile.user",
        "pk": 5077
    },
    {
        "fields": {
            "aliases": [],
            "alt_email": "",
            "bio": "",
            "chapter": 45,
            "code_of_conduct": false,
            "company": "",
            "course": "",
            "course_type": 0,
            "date_joined": "2015-01-25T23:31:01Z",
            "dob": null,
            "dob_public": false,
            "email": "nobody@example.com",
            "email_careers_newsletter_AU_optin": true,
            "email_chapter_optin": true,
            "email_newsletter_optin": true,
            "email_othernewsletter_optin": true,
            "email_public": false,
            "email_reminder_optin": true,
            "first_name": "Dominique",
            "forum_last_act": "2016-03-16T20:22:55Z",
            "gender": 2,
            "groups": [],
            "internal_notes": "",
            "is_active": true,
            "is_staff": true,
            "is_superuser": false,
            "job_title": "",
            "last_login": "2016-03-16T20:09:01Z",
            "last_name": "Citizen",
            "mobile": "",
            "mobile_marketing_optin": true,
            "mobile_reminder_optin": true,
            "mobile_verified": false,
            "name_display": null,
            "password": "!",
            "photo": "",
            "police_check_expiration": null,
            "police_check_number": "False",
            "privacy": 5,
            "security_check": false,
            "student_number": "",
            "student_type": 0,
            "timezone": null,
            "trained": true,
            "tshirt": null,
            "uni_end": null,
            "uni_start": null,
            "union_member": false,
            "university": null,
            "user_permissions": [],
            "username": "DominiqueF",
            "website": ""
        },
        "model": "rgprofile.user",
        "pk": 5092
    },
    {
        "fields": {
            "aliases": [],
            "alt_email": "",
            "bio": "",
            "chapter": 27,
            "code_of_conduct": false,
            "company": "",
            "course": "",
            "course_type": 0,
            "date_joined": "2015-02-12T00:00:00Z",
            "dob": null,
            "dob_public": false,
            "email": "nobody@example.com",
            "email_careers_newsletter_AU_optin": false,
            "email_chapter_optin": true,
            "email_newsletter_optin": true,
            "email_othernewsletter_optin": true,
            "email_public": false,
            "email_reminder_optin": true,
            "first_name": "Lauren",
            "forum_last_act": "2015-02-18T06:44:47Z",
            "gender": 2,
            "groups": [],
            "internal_notes": "",
            "is_active": true,
            "is_staff": true,
            "is_superuser": false,
            "job_title": "",
            "last_login": "2015-02-18T06:44:47Z",
            "last_name": "Citizen",
            "mobile": "",
            "mobile_marketing_optin": true,
            "mobile_reminder_optin": true,
            "mobile_verified": false,
            "name_display": null,
            "password": "!",
            "photo": "",
            "police_check_expiration": null,
            "police_check_number": "False",
            "privacy": 5,
            "security_check": false,
            "student_number": "",
            "student_type": 0,
            "timezone": null,
            "trained": true,
            "tshirt": 27,
            "uni_end": null,
            "uni_start": null,
            "union_member": false,
            "university": null,
            "user_permissions": [],
            "username": "lb",
            "website": ""
        },
        "model": "rgprofile.user",
        "pk": 5231
    },
    {
        "fields": {
            "aliases": [],
            "alt_email": "",
            "bio": "",
            "chapter": 14,
            "code_of_conduct": false,
            "company": "",
            "course": "",
            "course_type": 0,
            "date_joined": "2015-04-01T20:48:22Z",
            "dob": null,
            "dob_public": false,
            "email": "nobody@example.com",
            "email_careers_newsletter_AU_optin": false,
            "email_chapter_optin": true,
            "email_newsletter_optin": true,
            "email_othernewsletter_optin": true,
            "email_public": true,
            "email_reminder_optin": true,
            "first_name": "Amy",
            "forum_last_act": "2015-04-01T20:48:22Z",
            "gender": 0,
            "groups": [],
            "internal_notes": "",
            "is_active": true,
            "is_staff": false,
            "is_superuser": false,
            "job_title": "",
            "last_login": "2016-03-04T12:16:21Z",
            "last_name": "Citizen",
            "mobile": "",
            "mobile_marketing_optin": true,
            "mobile_reminder_optin": true,
            "mobile_verified": false,
            "name_display": null,
            "password": "!",
            "photo": "",
            "police_check_expiration": null,
            "police_check_number": "False",
            "privacy": 10,
            "security_check": false,
            "student_number": "",
            "student_type": 0,
            "timezone": null,
            "trained": false,
            "tshirt": null,
            "uni_end": null,
            "uni_start": null,
            "union_member": false,
            "university": null,
            "user_permissions": [],
            "username": "amyt",
            "website": ""
        },
        "model": "rgprofile.user",
        "pk": 5739
    },
    {
        "fields": {
            "aliases": [],
            "alt_email": "",
            "bio": "",
            "chapter": 8,
            "code_of_conduct": false,
            "company": "",
            "course": "",
            "course_type": 0,
            "date_joined": "2015-04-01T20:48:22Z",
            "dob": null,
            "dob_public": false,
            "email": "nobody@example.com",
            "email_careers_newsletter_AU_optin": false,
            "email_chapter_optin": true,
            "email_newsletter_optin": true,
            "email_othernewsletter_optin": true,
            "email_public": false,
            "email_reminder_optin": true,
            "first_name": "Natalie",
            "forum_last_act": "2015-04-01T20:48:22Z",
            "gender": 0,
            "groups": [],
            "internal_notes": "",
            "is_active": true,
            "is_staff": true,
            "is_superuser": false,
            "job_title": "",
            "last_login": "2016-08-11T10:44:29Z",
            "last_name": "Citizen",
            "mobile": "",
            "mobile_marketing_optin": true,
            "mobile_reminder_optin": true,
            "mobile_verified": false,
            "name_display": null,
            "password": "!",
            "photo": "",
            "police_check_expiration": null,
            "police_check_number": "False",
            "privacy": 5,
            "security_check": false,
            "student_number": "",
            "student_type": 0,
            "timezone": null,
            "trained": false,
            "tshirt": null,
            "uni_end": null,
            "uni_start": null,
            "union_member": false,
            "university": null,
            "user_permissions": [],
            "username": "ncheung",
            "website": ""
        },
        "model": "rgprofile.user",
        "pk": 5740
    },
    {
        "fields": {
            "aliases": [],
            "alt_email": "",
            "bio": "",
            "chapter": 27,
            "code_of_conduct": false,
            "company": "",
            "course": "",
            "course_type": 0,
            "date_joined": "2015-10-02T00:32:13Z",
            "dob": null,
            "dob_public": false,
            "email": "nobody@example.com",
            "email_careers_newsletter_AU_optin": true,
            "email_chapter_optin": true,
            "email_newsletter_optin": true,
            "email_othernewsletter_optin": true,
            "email_public": false,
            "email_reminder_optin": true,
            "first_name": "Teresa",
            "forum_last_act": "2015-10-02T00:32:13Z",
            "gender": 2,
            "groups": [],
            "internal_notes": "",
            "is_active": true,
            "is_staff": true,
            "is_superuser": false,
            "job_title": "",
            "last_login": "2017-02-13T06:10:40Z",
            "last_name": "Citizen",
            "mobile": "",
            "mobile_marketing_optin": true,
            "mobile_reminder_optin": true,
            "mobile_verified": false,
            "name_display": null,
            "password": "!",
            "photo": "",
            "police_check_expiration": null,
            "police_check_number": "False",
            "privacy": 5,
            "security_check": false,
            "student_number": "",
            "student_type": 0,
            "timezone": null,
            "trained": false,
            "tshirt": 27,
            "uni_end": null,
            "uni_start": null,
            "union_member": false,
            "university": null,
            "user_permissions": [],
            "username": "Teresa",
            "website": ""
        },
        "model": "rgprofile.user",
        "pk": 6086
    },
    {
        "fields": {
            "aliases": [],
            "alt_email": "",
            "bio": "",
            "chapter": 14,
            "code_of_conduct": false,
            "company": "",
            "course": "",
            "course_type": 0,
            "date_joined": "2016-02-09T01:05:23Z",
            "dob": null,
            "dob_public": false,
            "email": "nobody@example.com",
            "email_careers_newsletter_AU_optin": false,
            "email_chapter_optin": true,
            "email_newsletter_optin": false,
            "email_othernewsletter_optin": true,
            "email_public": false,
            "email_reminder_optin": true,
            "first_name": "Xin Yi",
            "forum_last_act": "2016-11-28T15:51:44Z",
            "gender": 2,
            "groups": [],
            "internal_notes": "",
            "is_active": true,
            "is_staff": true,
            "is_superuser": false,
            "job_title": "",
            "last_login": "2018-05-25T12:32:43Z",
            "last_name": "Citizen",
            "mobile": "",
            "mobile_marketing_optin": false,
            "mobile_reminder_optin": false,
            "mobile_verified": false,
            "name_display": null,
            "password": "!",
            "photo": "",
            "police_check_expiration": null,
            "police_check_number": "False",
            "privacy": 10,
            "security_check": false,
            "student_number": "",
            "student_type": 0,
            "timezone": null,
            "trained": true,
            "tshirt": null,
            "uni_end": null,
            "uni_start": null,
            "union_member": false,
            "university": null,
            "user_permissions": [],
            "username": "Cyndi",
            "website": ""
        },
        "model": "rgprofile.user",
        "pk": 6263
    },
    {
        "fields": {
            "aliases": [],
            "alt_email": "",
            "bio": "",
            "chapter": 1,
            "code_of_conduct": true,
            "company": "",
            "course": "",
            "course_type": 0,
            "date_joined": "2016-03-29T02:00:28Z",
            "dob": null,
            "dob_public": false,
            "email": "nobody@example.com",
            "email_careers_newsletter_AU_optin": true,
            "email_chapter_optin": true,
            "email_newsletter_optin": true,
            "email_othernewsletter_optin": true,
            "email_public": false,
            "email_reminder_optin": true,
            "first_name": "Morgan",
            "forum_last_act": "2016-03-29T02:00:28Z",
            "gender": 2,
            "groups": [],
            "internal_notes": "",
            "is_active": true,
            "is_staff": true,
            "is_superuser": true,
            "job_title": "",
            "last_login": "2020-07-31T05:05:19Z",
            "last_name": "Citizen",
            "mobile": "",
            "mobile_marketing_optin": true,
            "mobile_reminder_optin": true,
            "mobile_verified": false,
            "name_display": null,
            "password": "!",
            "photo": "",
            "police_check_expiration": null,
            "police_check_number": "False",
            "privacy": 5,
            "security_check": false,
            "student_number": "",
            "student_type": 0,
            "timezone": null,
            "trained": false,
            "tshirt": 27,
            "uni_end": null,
            "uni_start": null,
            "union_member": false,
            "university": null,
            "user_permissions": [],
            "username": "morganm",
            "website": ""
        },
        "model": "rgprofile.user",
        "pk": 6625
    },
    {
        "fields": {
            "aliases": [],
            "alt_email": "",
            "bio": "",
            "chapter": 21,
            "code_of_conduct": false,
            "company": "",
            "course": "",
            "course_type": 0,
            "date_joined": "2016-09-30T18:57:20Z",
            "dob": null,
            "dob_public": false,
            "email": "nobody@example.com",
            "email_careers_newsletter_AU_optin": true,
            "email_chapter_optin": true,
            "email_newsletter_optin": true,
            "email_othernewsletter_optin": true,
            "email_public": false,
            "email_reminder_optin": true,
            "first_name": "Ann",
            "forum_last_act": "2016-09-30T18:57:59Z",
            "gender": 2,
            "groups": [],
            "internal_notes": "",
            "is_active": true,
            "is_staff": true,
            "is_superuser": false,
            "job_title": "",
            "last_login": "2018-09-15T21:29:20Z",
            "last_name": "Citizen",
            "mobile": "",
            "mobile_marketing_optin": true,
            "mobile_reminder_optin": true,
            "mobile_verified": false,
            "name_display": null,
            "password": "!",
            "photo": "",
            "police_check_expiration": null,
            "police_check_number": "False",
            "privacy": 5,
            "security_check": false,
            "student_number": "",
            "student_type": 0,
            "timezone": null,
            "trained": false,
            "tshirt": null,
            "uni_end": null,
            "uni_start": null,
            "union_member": false,
            "university": null,
            "user_permissions": [],
            "username": "AnnG",
            "website": ""
        },
        "model": "rgprofile.user",
        "pk": 6886
    },
    {
        "fields": {
            "aliases": [],
            "alt_email": "",
            "bio": "",
            "chapter": 27,
            "code_of_conduct": false,
            "company": "",
            "course": "",
            "course_type": 0,
            "date_joined": "2016-10-25T05:21:53Z",
            "dob": null,
            "dob_public": false,
            "email": "nobody@example.com",
            "email_careers_newsletter_AU_optin": true,
            "email_chapter_optin": true,
            "email_newsletter_optin": true,
            "email_othernewsletter_optin": true,
            "email_public": false,
            "email_reminder_optin": true,
            "first_name": "Laura",
            "forum_last_act": "2016-10-25T05:21:53Z",
            "gender": 2,
            "groups": [],
            "internal_notes": "",
            "is_active": true,
            "is_staff": true,
            "is_superuser": false,
            "job_title": "",
            "last_login": "2018-09-22T23:59:47Z",
            "last_name": "Citizen",
            "mobile": "",
            "mobile_marketing_optin": true,
            "mobile_reminder_optin": true,
            "mobile_verified": false,
            "name_display": null,
            "password": "!",
            "photo": "",
            "police_check_expiration": null,
            "police_check_number": "False",
            "privacy": 5,
            "security_check": false,
            "student_number": "",
            "student_type": 0,
            "timezone": null,
            "trained": false,
            "tshirt": 26,
            "uni_end": null,
            "uni_start": null,
            "union_member": false,
            "university": null,
            "user_permissions": [],
            "username": "canberrasecretary",
            "website": ""
        },
        "model": "rgprofile.user",
        "pk": 6972
    },
    {
        "fields": {
            "aliases": [],
            "alt_email": "",
            "bio": "",
            "chapter": 27,
            "code_of_conduct": false,
            "company": "",
            "course": "",
            "course_type": 0,
            "date_joined": "2016-10-25T05:27:47Z",
            "dob": null,
            "dob_public": false,
            "email": "nobody@example.com",
            "email_careers_newsletter_AU_optin": true,
            "email_chapter_optin": true,
            "email_newsletter_optin": true,
            "email_othernewsletter_optin": true,
            "email_public": false,
            "email_reminder_optin": true,
            "first_name": "Nikhil",
            "forum_last_act": "2016-10-25T05:27:47Z",
            "gender": 1,
            "groups": [],
            "internal_notes": "",
            "is_active": true,
            "is_staff": true,
            "is_superuser": false,
            "job_title": "",
            "last_login": null,
            "last_name": "Citizen",
            "mobile": "",
            "mobile_marketing_optin": true,
            "mobile_reminder_optin": true,
            "mobile_verified": false,
            "name_display": null,
            "password": "!",
            "photo": "",
            "police_check_expiration": null,
            "police_check_number": "False",
            "privacy": 5,
            "security_check": false,
            "student_number": "",
            "student_type": 0,
            "timezone": null,
            "trained": false,
            "tshirt": null,
            "uni_end": null,
            "uni_start": null,
            "union_member": false,
            "university": null,
            "user_permissions": [],
            "username": "njha",
            "website": ""
        },
        "model": "rgprofile.user",
        "pk": 6974
    },
    {
        "fields": {
            "aliases": [],
            "alt_email": "",
            "bio": "",
            "chapter": 3,
            "code_of_conduct": true,
            "company": "",
            "course": "",
            "course_type": 0,
            "date_joined": "2017-03-09T07:56:42Z",
            "dob": null,
            "dob_public": false,
            "email": "nobody@example.com",
            "email_careers_newsletter_AU_optin": true,
            "email_chapter_optin": true,
            "email_newsletter_optin": true,
            "email_othernewsletter_optin": true,
            "email_public": false,
            "email_reminder_optin": true,
            "first_name": "Xiaoyi",
            "forum_last_act": "2017-03-09T07:56:42Z",
            "gender": 2,
            "groups": [],
            "internal_notes": "",
            "is_active": true,
            "is_staff": true,
            "is_superuser": false,
            "job_title": "",
            "last_login": "2020-05-20T11:07:15Z",
            "last_name": "Citizen",
            "mobile": "",
            "mobile_marketing_optin": true,
            "mobile_reminder_optin": true,
            "mobile_verified": false,
            "name_display": null,
            "password": "!",
            "photo": "",
            "police_check_expiration": null,
            "police_check_number": "False",
            "privacy": 20,
            "security_check": false,
            "student_number": "",
            "student_type": 0,
            "timezone": null,
            "trained": true,
            "tshirt": null,
            "uni_end": null,
            "uni_start": null,
            "union_member": false,
            "university": null,
            "user_permissions": [],
            "username": "xl",
            "website": ""
        },
        "model": "rgprofile.user",
        "pk": 7125
    },
    {
        "fields": {
            "aliases": [],
            "alt_email": "",
            "bio": "",
            "chapter": 3,
            "code_of_conduct": true,
            "company": "",
            "course": "",
            "course_type": 0,
            "date_joined": "2017-06-21T06:22:13Z",
            "dob": null,
            "dob_public": false,
            "email": "nobody@example.com",
            "email_careers_newsletter_AU_optin": true,
            "email_chapter_optin": true,
            "email_newsletter_optin": true,
            "email_othernewsletter_optin": true,
            "email_public": false,
            "email_reminder_optin": true,
            "first_name": "Emily",
            "forum_last_act": "2017-06-21T06:22:14Z",
            "gender": 2,
            "groups": [],
            "internal_notes": "",
            "is_active": true,
            "is_staff": true,
            "is_superuser": false,
            "job_title": "",
            "last_login": "2020-08-17T12:39:04Z",
            "last_name": "Citizen",
            "mobile": "",
            "mobile_marketing_optin": true,
            "mobile_reminder_optin": true,
            "mobile_verified": false,
            "name_display": null,
            "password": "pbkdf2_sha256$20000$xcvVGwVZjbKg$9KozK4lW2Am5+lOl/SiXRYGWqdMpjgr42qvcRAB89qE=",
            "photo": "",
            "police_check_expiration": null,
            "police_check_number": "",
            "privacy": 5,
            "security_check": false,
            "student_number": "",
            "student_type": 0,
            "timezone": null,
            "trained": true,
            "tshirt": null,
            "uni_end": null,
            "uni_start": null,
            "union_member": false,
            "university": null,
            "user_permissions": [],
            "username": "emilyl",
            "website": ""
        },
        "model": "rgprofile.user",
        "pk": 7237
    },
    {
        "fields": {
            "aliases": [],
            "alt_email": "",
            "bio": "",
            "chapter": 2,
            "code_of_conduct": true,
            "company": "",
            "course": "",
            "course_type": 0,
            "date_joined": "2017-09-24T08:51:20Z",
            "dob": null,
            "dob_public": false,
            "email": "nobody@example.com",
            "email_careers_newsletter_AU_optin": true,
            "email_chapter_optin": true,
            "email_newsletter_optin": true,
            "email_othernewsletter_optin": true,
            "email_public": false,
            "email_reminder_optin": true,
            "first_name": "Lachlan",
            "forum_last_act": "2017-09-24T08:51:20Z",
            "gender": 1,
            "groups": [],
            "internal_notes": "",
            "is_active": true,
            "is_staff": true,
            "is_superuser": true,
            "job_title": "",
            "last_login": "2019-09-29T03:20:58Z",
            "last_name": "Citizen",
            "mobile": "",
            "mobile_marketing_optin": true,
            "mobile_reminder_optin": true,
            "mobile_verified": false,
            "name_display": null,
            "password": "!",
            "photo": "",
            "police_check_expiration": null,
            "police_check_number": "",
            "privacy": 5,
            "security_check": true,
            "student_number": "",
            "student_type": 0,
            "timezone": null,
            "trained": true,
            "tshirt": null,
            "uni_end": null,
            "uni_start": null,
            "union_member": false,
            "university": null,
            "user_permissions": [],
            "username": "lachlanh",
            "website": ""
        },
        "model": "rgprofile.user",
        "pk": 7333
    },
    {
        "fields": {
            "aliases": [],
            "alt_email": "",
            "bio": "",
            "chapter": 8,
            "code_of_conduct": true,
            "company": "",
            "course": "",
            "course_type": 0,
            "date_joined": "2017-09-27T04:28:41Z",
            "dob": null,
            "dob_public": false,
            "email": "nobody@example.com",
            "email_careers_newsletter_AU_optin": true,
            "email_chapter_optin": true,
            "email_newsletter_optin": true,
            "email_othernewsletter_optin": true,
            "email_public": true,
            "email_reminder_optin": false,
            "first_name": "Anjali",
            "forum_last_act": "2017-09-27T04:28:41Z",
            "gender": 2,
            "groups": [],
            "internal_notes": "",
            "is_active": true,
            "is_staff": true,
            "is_superuser": false,
            "job_title": "",
            "last_login": "2018-07-09T09:41:33Z",
            "last_name": "Citizen",
            "mobile": "",
            "mobile_marketing_optin": false,
            "mobile_reminder_optin": false,
            "mobile_verified": false,
            "name_display": null,
            "password": "!",
            "photo": "",
            "police_check_expiration": null,
            "police_check_number": "",
            "privacy": 10,
            "security_check": false,
            "student_number": "",
            "student_type": 0,
            "timezone": null,
            "trained": false,
            "tshirt": null,
            "uni_end": null,
            "uni_start": null,
            "union_member": false,
            "university": null,
            "user_permissions": [],
            "username": "anjalit",
            "website": ""
        },
        "model": "rgprofile.user",
        "pk": 7340
    },
    {
        "fields": {
            "aliases": [],
            "alt_email": "",
            "bio": "",
            "chapter": 8,
            "code_of_conduct": true,
            "company": "",
            "course": "",
            "course_type": 0,
            "date_joined": "2017-10-08T11:43:16Z",
            "dob": null,
            "dob_public": false,
            "email": "nobody@example.com",
            "email_careers_newsletter_AU_optin": false,
            "email_chapter_optin": true,
            "email_newsletter_optin": true,
            "email_othernewsletter_optin": true,
            "email_public": false,
            "email_reminder_optin": true,
            "first_name": "Andra",
            "forum_last_act": "2017-10-08T11:43:16Z",
            "gender": 2,
            "groups": [],
            "internal_notes": "",
            "is_active": true,
            "is_staff": true,
            "is_superuser": false,
            "job_title": "",
            "last_login": "2020-03-18T14:50:14Z",
            "last_name": "Citizen",
            "mobile": "",
            "mobile_marketing_optin": false,
            "mobile_reminder_optin": true,
            "mobile_verified": false,
            "name_display": null,
            "password": "!",
            "photo": "",
            "police_check_expiration": null,
            "police_check_number": "",
            "privacy": 10,
            "security_check": false,
            "student_number": "",
            "student_type": 0,
            "timezone": null,
            "trained": false,
            "tshirt": null,
            "uni_end": null,
            "uni_start": null,
            "union_member": false,
            "university": null,
            "user_permissions": [],
            "username": "andrap",
            "website": ""
        },
        "model": "rgprofile.user",
        "pk": 7350
    },
    {
        "fields": {
            "aliases": [],
            "alt_email": "",
            "bio": "",
            "chapter": 27,
            "code_of_conduct": true,
            "company": "",
            "course": "",
            "course_type": 0,
            "date_joined": "2019-01-14T14:05:32Z",
            "dob": null,
            "dob_public": false,
            "email": "nobody@example.com",
            "email_careers_newsletter_AU_optin": false,
            "email_chapter_optin": true,
            "email_newsletter_optin": true,
            "email_othernewsletter_optin": true,
            "email_public": false,
            "email_reminder_optin": true,
            "first_name": "Olivia",
            "forum_last_act": "2019-01-14T14:05:32Z",
            "gender": 2,
            "groups": [],
            "internal_notes": "",
            "is_active": true,
            "is_staff": true,
            "is_superuser": false,
            "job_title": "",
            "last_login": "2020-07-05T04:18:07Z",
            "last_name": "Citizen",
            "mobile": "",
            "mobile_marketing_optin": false,
            "mobile_reminder_optin": true,
            "mobile_verified": false,
            "name_display": null,
            "password": "!",
            "photo": "",
            "police_check_expiration": null,
            "police_check_number": "",
            "privacy": 5,
            "security_check": false,
            "student_number": "",
            "student_type": 0,
            "timezone": null,
            "trained": false,
            "tshirt": 28,
            "uni_end": null,
            "uni_start": null,
            "union_member": false,
            "university": null,
            "user_permissions": [],
            "username": "olivia",
            "website": ""
        },
        "model": "rgprofile.user",
        "pk": 7729
    },
    {
        "fields": {
            "aliases": [],
            "alt_email": "",
            "bio": "",
            "chapter": 2,
            "code_of_conduct": true,
            "company": "",
            "course": "",
            "course_type": 0,
            "date_joined": "2019-03-04T09:00:36Z",
            "dob": null,
            "dob_public": false,
            "email": "nobody@example.com",
            "email_careers_newsletter_AU_optin": false,
            "email_chapter_optin": true,
            "email_newsletter_optin": true,
            "email_othernewsletter_optin": true,
            "email_public": false,
            "email_reminder_optin": true,
            "first_name": "Kate",
            "forum_last_act": "2019-03-04T09:00:36Z",
            "gender": 2,
            "groups": [],
            "internal_notes": "",
            "is_active": true,
            "is_staff": true,
            "is_superuser": true,
            "job_title": "",
            "last_login": "2020-06-16T02:40:05Z",
            "last_name": "Citizen",
            "mobile": "",
            "mobile_marketing_optin": false,
            "mobile_reminder_optin": true,
            "mobile_verified": false,
            "name_display": null,
            "password": "!",
            "photo": "",
            "police_check_expiration": null,
            "police_check_number": "",
            "privacy": 5,
            "security_check": false,
            "student_number": "",
            "student_type": 0,
            "timezone": null,
            "trained": false,
            "tshirt": null,
            "uni_end": null,
            "uni_start": null,
            "union_member": false,
            "university": null,
            "user_permissions": [],
            "username": "katel",
            "website": ""
        },
        "model": "rgprofile.user",
        "pk": 7759
    },
    {
        "fields": {
            "aliases": [],
            "alt_email": "",
            "bio": "",
            "chapter": 3,
            "code_of_conduct": false,
            "company": "",
            "course": "",
            "course_type": 0,
            "date_joined": "2019-09-29T03:47:47Z",
            "dob": null,
            "dob_public": false,
            "email": "nobody@example.com",
            "email_careers_newsletter_AU_optin": true,
            "email_chapter_optin": true,
            "email_newsletter_optin": true,
            "email_othernewsletter_optin": true,
            "email_public": false,
            "email_reminder_optin": true,
            "first_name": "Sandy",
            "forum_last_act": "2019-09-29T03:47:47Z",
            "gender": 2,
            "groups": [],
            "internal_notes": "",
            "is_active": true,
            "is_staff": true,
            "is_superuser": false,
            "job_title": "",
            "last_login": null,
            "last_name": "Citizen",
            "mobile": "",
            "mobile_marketing_optin": true,
            "mobile_reminder_optin": true,
            "mobile_verified": false,
            "name_display": null,
            "password": "!",
            "photo": "",
            "police_check_expiration": null,
            "police_check_number": "",
            "privacy": 5,
            "security_check": false,
            "student_number": "",
            "student_type": 0,
            "timezone": null,
            "trained": false,
            "tshirt": null,
            "uni_end": null,
            "uni_start": null,
            "union_member": false,
            "university": null,
            "user_permissions": [],
            "username": "sandy",
            "website": ""
        },
        "model": "rgprofile.user",
        "pk": 8054
    },
    {
        "fields": {
            "aliases": [],
            "alt_email": "",
            "bio": "",
            "chapter": 1,
            "code_of_conduct": false,
            "company": "",
            "course": "",
            "course_type": 0,
            "date_joined": "2015-09-01T04:15:38Z",
            "dob": null,
            "dob_public": false,
            "email": "nobody@example.com",
            "email_careers_newsletter_AU_optin": true,
            "email_chapter_optin": true,
            "email_newsletter_optin": true,
            "email_othernewsletter_optin": true,
            "email_public": false,
            "email_reminder_optin": true,
            "first_name": "Dayle",
            "forum_last_act": "2019-09-29T04:15:39Z",
            "gender": 2,
            "groups": [],
            "internal_notes": "",
            "is_active": true,
            "is_staff": true,
            "is_superuser": false,
            "job_title": "",
            "last_login": null,
            "last_name": "Citizen",
            "mobile": "",
            "mobile_marketing_optin": true,
            "mobile_reminder_optin": true,
            "mobile_verified": false,
            "name_display": null,
            "password": "!",
            "photo": "",
            "police_check_expiration": null,
            "police_check_number": "",
            "privacy": 5,
            "security_check": false,
            "student_number": "",
            "student_type": 0,
            "timezone": null,
            "trained": false,
            "tshirt": null,
            "uni_end": null,
            "uni_start": null,
            "union_member": false,
            "university": null,
            "user_permissions": [],
            "username": "dayle",
            "website": ""
        },
        "model": "rgprofile.user",
        "pk": 8055
    },
    {
        "fields": {
            "aliases": [],
            "alt_email": "",
            "bio": "",
            "chapter": 27,
            "code_of_conduct": true,
            "company": "",
            "course": "",
            "course_type": 0,
            "date_joined": "2019-02-01T04:36:16Z",
            "dob": null,
            "dob_public": false,
            "email": "nobody@example.com",
            "email_careers_newsletter_AU_optin": true,
            "email_chapter_optin": true,
            "email_newsletter_optin": true,
            "email_othernewsletter_optin": true,
            "email_public": false,
            "email_reminder_optin": true,
            "first_name": "Anakha",
            "forum_last_act": "2019-09-29T05:36:16Z",
            "gender": 2,
            "groups": [],
            "internal_notes": "",
            "is_active": true,
            "is_staff": true,
            "is_superuser": false,
            "job_title": "",
            "last_login": "2020-07-01T06:14:23Z",
            "last_name": "Citizen",
            "mobile": "",
            "mobile_marketing_optin": true,
            "mobile_reminder_optin": true,
            "mobile_verified": false,
            "name_display": null,
            "password": "!",
            "photo": "",
            "police_check_expiration": null,
            "police_check_number": "",
            "privacy": 5,
            "security_check": false,
            "student_number": "",
            "student_type": 0,
            "timezone": null,
            "trained": false,
            "tshirt": 26,
            "uni_end": null,
            "uni_start": null,
            "union_member": false,
            "university": null,
            "user_permissions": [],
            "username": "anakhab",
            "website": ""
        },
        "model": "rgprofile.user",
        "pk": 8060
    },
    {
        "fields": {
            "aliases": [],
            "alt_email": "",
            "bio": "",
            "chapter": 27,
            "code_of_conduct": true,
            "company": "",
            "course": "",
            "course_type": 0,
            "date_joined": "2020-04-07T08:52:51Z",
            "dob": null,
            "dob_public": false,
            "email": "nobody@example.com",
            "email_careers_newsletter_AU_optin": true,
            "email_chapter_optin": true,
            "email_newsletter_optin": true,
            "email_othernewsletter_optin": true,
            "email_public": false,
            "email_reminder_optin": true,
            "first_name": "Angela",
            "forum_last_act": "2020-04-07T08:52:52Z",
            "gender": 2,
            "groups": [],
            "internal_notes": "",
            "is_active": true,
            "is_staff": true,
            "is_superuser": false,
            "job_title": "",
            "last_login": "2020-07-02T07:37:58Z",
            "last_name": "Citizen",
            "mobile": "",
            "mobile_marketing_optin": true,
            "mobile_reminder_optin": true,
            "mobile_verified": false,
            "name_display": null,
            "password": "!",
            "photo": "",
            "police_check_expiration": null,
            "police_check_number": "",
            "privacy": 5,
            "security_check": false,
            "student_number": "",
            "student_type": 0,
            "timezone": null,
            "trained": false,
            "tshirt": 28,
            "uni_end": null,
            "uni_start": null,
            "union_member": false,
            "university": null,
            "user_permissions": [],
            "username": "Robogals_Canberra_Treasurer",
            "website": ""
        },
        "model": "rgprofile.user",
        "pk": 8189
    },
    {
        "fields": {
            "aliases": [],
            "alt_email": "",
            "bio": "",
            "chapter": 27,
            "code_of_conduct": true,
            "company": "",
            "course": "",
            "course_type": 0,
            "date_joined": "2020-04-08T06:40:16Z",
            "dob": null,
            "dob_public": false,
            "email": "nobody@example.com",
            "email_careers_newsletter_AU_optin": true,
            "email_chapter_optin": true,
            "email_newsletter_optin": true,
            "email_othernewsletter_optin": true,
            "email_public": true,
            "email_reminder_optin": true,
            "first_name": "Mady",
            "forum_last_act": "2020-04-08T06:40:17Z",
            "gender": 2,
            "groups": [],
            "internal_notes": "",
            "is_active": true,
            "is_staff": true,
            "is_superuser": false,
            "job_title": "",
            "last_login": "2020-07-21T05:22:13Z",
            "last_name": "Citizen",
            "mobile": "",
            "mobile_marketing_optin": true,
            "mobile_reminder_optin": true,
            "mobile_verified": false,
            "name_display": null,
            "password": "!",
            "photo": "",
            "police_check_expiration": null,
            "police_check_number": "",
            "privacy": 10,
            "security_check": false,
            "student_number": "",
            "student_type": 0,
            "timezone": null,
            "trained": false,
            "tshirt": 28,
            "uni_end": null,
            "uni_start": null,
            "union_member": false,
            "university": null,
            "user_permissions": [],
            "username": "Robogals_Canberra_Secretary",
            "website": ""
        },
        "model": "rgprofile.user",
        "pk": 8190
    },
    {
        "fields": {
            "aliases": [],
            "alt_email": "",
            "bio": "",
            "chapter": 27,
            "code_of_conduct": true,
            "company": "",
            "course": "",
            "course_type": 0,
            "date_joined": "2020-04-08T07:00:33Z",
            "dob": null,
            "dob_public": false,
            "email": "nobody@example.com",
            "email_careers_newsletter_AU_optin": false,
            "email_chapter_optin": true,
            "email_newsletter_optin": true,
            "email_othernewsletter_optin": true,
            "email_public": false,
            "email_reminder_optin": true,
            "first_name": "Pritika",
            "forum_last_act": "2020-04-08T07:00:33Z",
            "gender": 2,
            "groups": [],
            "internal_notes": "",
            "is_active": true,
            "is_staff": true,
            "is_superuser": false,
            "job_title": "",
            "last_login": "2020-06-30T06:47:08Z",
            "last_name": "Citizen",
            "mobile": "",
            "mobile_marketing_optin": false,
            "mobile_reminder_optin": true,
            "mobile_verified": false,
            "name_display": null,
            "password": "!",
            "photo": "",
            "police_check_expiration": null,
            "police_check_number": "",
            "privacy": 5,
            "security_check": false,
            "student_number": "",
            "student_type": 0,
            "timezone": null,
            "trained": false,
            "tshirt": 29,
            "uni_end": null,
            "uni_start": null,
            "union_member": false,
            "university": null,
            "user_permissions": [],
            "username": "Robogals_Canberra_President",
            "website": ""
        },
        "model": "rgprofile.user",
        "pk": 8192
    },
    {
        "fields": {
            "aliases": [],
            "alt_email": "",
            "bio": "",
            "chapter": 27,
            "code_of_conduct": true,
            "company": "",
            "course": "",
            "course_type": 0,
            "date_joined": "2020-04-08T09:36:05Z",
            "dob": null,
            "dob_public": false,
            "email": "nobody@example.com",
            "email_careers_newsletter_AU_optin": false,
            "email_chapter_optin": true,
            "email_newsletter_optin": true,
            "email_othernewsletter_optin": true,
            "email_public": false,
            "email_reminder_optin": true,
            "first_name": "Asha",
            "forum_last_act": "2020-04-08T09:36:06Z",
            "gender": 2,
            "groups": [],
            "internal_notes": "",
            "is_active": true,
            "is_staff": true,
            "is_superuser": false,
            "job_title": "",
            "last_login": null,
            "last_name": "Citizen",
            "mobile": "",
            "mobile_marketing_optin": false,
            "mobile_reminder_optin": true,
            "mobile_verified": false,
            "name_display": null,
            "password": "!",
            "photo": "",
            "police_check_expiration": null,
            "police_check_number": "",
            "privacy": 5,
            "security_check": false,
            "student_number": "",
            "student_type": 0,
            "timezone": null,
            "trained": false,
            "tshirt": 26,
            "uni_end": null,
            "uni_start": null,
            "union_member": false,
            "university": null,
            "user_permissions": [],
            "username": "Robogals_Canberra_Workshops",
            "website": ""
        },
        "model": "rgprofile.user",
        "pk": 8193
    },
    {
        "fields": {
            "aliases": [],
            "alt_email": "",
            "bio": "",
            "chapter": 27,
            "code_of_conduct": true,
            "company": "",
            "course": "",
            "course_type": 0,
            "date_joined": "2020-04-10T04:27:16Z",
            "dob": null,
            "dob_public": false,
            "email": "nobody@example.com",
            "email_careers_newsletter_AU_optin": false,
            "email_chapter_optin": true,
            "email_newsletter_optin": true,
            "email_othernewsletter_optin": true,
            "email_public": false,
            "email_reminder_optin": true,
            "first_name": "Yee Kay ",
            "forum_last_act": "2020-04-10T04:27:16Z",
            "gender": 2,
            "groups": [],
            "internal_notes": "",
            "is_active": true,
            "is_staff": true,
            "is_superuser": false,
            "job_title": "",
            "last_login": "2020-07-02T07:55:25Z",
            "last_name": "Citizen",
            "mobile": "",
            "mobile_marketing_optin": false,
            "mobile_reminder_optin": true,
            "mobile_verified": false,
            "name_display": null,
            "password": "!",
            "photo": "",
            "police_check_expiration": null,
            "police_check_number": "",
            "privacy": 5,
            "security_check": false,
            "student_number": "",
            "student_type": 0,
            "timezone": null,
            "trained": false,
            "tshirt": 26,
            "uni_end": null,
            "uni_start": null,
            "union_member": false,
            "university": null,
            "user_permissions": [],
            "username": "Robogals_Canberra_Training",
            "website": ""
        },
        "model": "rgprofile.user",
        "pk": 8199
    },
    {
        "fields": {
            "display_name_en": "First name",
            "display_name_ja": "\u540d\u524d",
            "display_name_nl": "",
            "field_name": "first_name",
            "order": 1
        },
        "model": "rgchapter.displaycolumn",
        "pk": 2
    },
    {
        "fields": {
            "display_name_en": "Last name",
            "display_name_ja": "",
            "display_name_nl": "",
            "field_name": "last_name",
            "order": 2
        },
        "model": "rgchapter.displaycolumn",
        "pk": 3
    },
    {
        "fields": {
            "display_name_en": "Email",
            "display_name_ja": "\u30e1\u30eb\u30a2\u30c9",
            "display_name_nl": "",
            "field_name": "email",
            "order": 4
        },
        "model": "rgchapter.displaycolumn",
        "pk": 4
    },
    {
        "fields": {
            "display_name_en": "Alternate email",
            "display_name_ja": "",
            "display_name_nl": "",
            "field_name": "alt_email",
            "order": 6
        },
        "model": "rgchapter.displaycolumn",
        "pk": 5
    },
    {
        "fields": {
            "display_name_en": "Is Exec?",
            "display_name_ja": "",
            "display_name_nl": "",
            "field_name": "is_staff",
            "order": 10
        },
        "model": "rgchapter.displaycolumn",
        "pk": 6
    },
    {
        "fields": {
            "display_name_en": "Last login",
            "display_name_ja": "",
            "display_name_nl": "",
            "field_name": "last_login",
            "order": 10
        },
        "model": "rgchapter.displaycolumn",
        "pk": 8
    },
    {
        "fields": {
            "display_name_en": "Date joined",
            "display_name_ja": "",
            "display_name_nl": "",
            "field_name": "date_joined",
            "order": 10
        },
        "model": "rgchapter.displaycolumn",
        "pk": 9
    },
    {
        "fields": {
            "display_name_en": "Date of birth",
            "display_name_ja": "",
            "display_name_nl": "",
            "field_name": "dob",
            "order": 10
        },
        "model": "rgchapter.displaycolumn",
        "pk": 10
    },
    {
        "fields": {
            "display_name_en": "Course",
            "display_name_ja": "",
            "display_name_nl": "",
            "field_name": "course",
            "order": 10
        },
        "model": "rgchapter.displaycolumn",
        "pk": 11
    },
    {
        "fields": {
            "display_name_en": "Started university",
            "display_name_ja": "",
            "display_name_nl": "",
            "field_name": "uni_start",
            "order": 11
        },
        "model": "rgchapter.displaycolumn",
        "pk": 12
    },
    {
        "fields": {
            "display_name_en": "Will end university",
            "display_name_ja": "",
            "display_name_nl": "",
            "field_name": "uni_end",
            "order": 12
        },
        "model": "rgchapter.displaycolumn",
        "pk": 13
    },
    {
        "fields": {
            "display_name_en": "University",
            "display_name_ja": "\u5927\u5b66",
            "display_name_nl": "",
            "field_name": "university",
            "order": 10
        },
        "model": "rgchapter.displaycolumn",
        "pk": 14
    },
    {
        "fields": {
            "display_name_en": "Mobile",
            "display_name_ja": "",
            "display_name_nl": "",
            "field_name": "mobile",
            "order": 5
        },
        "model": "rgchapter.displaycolumn",
        "pk": 15
    },
    {
        "fields": {
            "display_name_en": "Email reminder opt-in?",
            "display_name_ja": "",
            "display_name_nl": "",
            "field_name": "email_reminder_optin",
            "order": 10
        },
        "model": "rgchapter.displaycolumn",
        "pk": 16
    },
    {
        "fields": {
            "display_name_en": "Email general opt-in?",
            "display_name_ja": "",
            "display_name_nl": "",
            "field_name": "email_chapter_optin",
            "order": 10
        },
        "model": "rgchapter.displaycolumn",
        "pk": 17
    },
    {
        "fields": {
            "display_name_en": "SMS reminder opt-in?",
            "display_name_ja": "",
            "display_name_nl": "",
            "field_name": "mobile_reminder_optin",
            "order": 10
        },
        "model": "rgchapter.displaycolumn",
        "pk": 18
    },
    {
        "fields": {
            "display_name_en": "SMS general opt-in?",
            "display_name_ja": "",
            "display_name_nl": "",
            "field_name": "mobile_marketing_optin",
            "order": 10
        },
        "model": "rgchapter.displaycolumn",
        "pk": 19
    },
    {
        "fields": {
            "display_name_en": "Amplifier opt-in?",
            "display_name_ja": "",
            "display_name_nl": "",
            "field_name": "email_newsletter_optin",
            "order": 10
        },
        "model": "rgchapter.displaycolumn",
        "pk": 20
    },
    {
        "fields": {
            "display_name_en": "Union member",
            "display_name_ja": "",
            "display_name_nl": "",
            "field_name": "union_member",
            "order": 10
        },
        "model": "rgchapter.displaycolumn",
        "pk": 21
    },
    {
        "fields": {
            "display_name_en": "Gender",
            "display_name_ja": "",
            "display_name_nl": "",
            "field_name": "gender",
            "order": 10
        },
        "model": "rgchapter.displaycolumn",
        "pk": 22
    },
    {
        "fields": {
            "display_name_en": "Course level",
            "display_name_ja": "",
            "display_name_nl": "",
            "field_name": "course_type",
            "order": 10
        },
        "model": "rgchapter.displaycolumn",
        "pk": 23
    },
    {
        "fields": {
            "display_name_en": "Local/International",
            "display_name_ja": "",
            "display_name_nl": "",
            "field_name": "student_type",
            "order": 10
        },
        "model": "rgchapter.displaycolumn",
        "pk": 24
    },
    {
        "fields": {
            "display_name_en": "Student number",
            "display_name_ja": "",
            "display_name_nl": "",
            "field_name": "student_number",
            "order": 7
        },
        "model": "rgchapter.displaycolumn",
        "pk": 25
    },
    {
        "fields": {
            "display_name_en": "Name",
            "display_name_ja": "\u540d\u524d",
            "display_name_nl": "",
            "field_name": "get_full_name",
            "order": 3
        },
        "model": "rgchapter.displaycolumn",
        "pk": 26
    },
    {
        "fields": {
            "display_name_en": "Chapter",
            "display_name_ja": "\u652f\u90e8",
            "display_name_nl": "",
            "field_name": "chapter",
            "order": 15
        },
        "model": "rgchapter.displaycolumn",
        "pk": 27
    },
    {
        "fields": {
            "display_name_en": "T-shirt",
            "display_name_ja": "",
            "display_name_nl": "",
            "field_name": "tshirt",
            "order": 10
        },
        "model": "rgchapter.displaycolumn",
        "pk": 28
    },
    {
        "fields": {
            "display_name_en": "Trained",
            "display_name_ja": "",
            "display_name_nl": "",
            "field_name": "trained",
            "order": 10
        },
        "model": "rgchapter.displaycolumn",
        "pk": 29
    },
    {
        "fields": {
            "display_name_en": "Security checked?",
            "display_name_ja": "",
            "display_name_nl": "",
            "field_name": "security_check",
            "order": 10
        },
        "model": "rgchapter.displaycolumn",
        "pk": 31
    },
    {
        "fields": {
            "display_name_en": "RCN-AU opt-in?",
            "display_name_ja": "",
            "display_name_nl": "",
            "field_name": "email_careers_newsletter_AU_optin",
            "order": 10
        },
        "model": "rgchapter.displaycolumn",
        "pk": 32
    },
    {
        "fields": {
            "address": "PO Box 4435",
            "city": "Melbourne University",
            "country": "AU",
            "creation_date": "2008-07-14",
            "display_columns": [
                26,
                4,
                15,
                20,
                6
            ],
            "emailtext": "",
            "exclude_in_reports": false,
            "facebook_url": "http://www.facebook.com/robogals",
            "faculty_contact": "",
            "faculty_department": "",
            "faculty_email": "",
            "faculty_phone": "",
            "faculty_position": "",
            "ftp_host": "",
            "ftp_pass": "",
            "ftp_path": "",
            "ftp_user": "",
            "goal": 10975,
            "goal_start": "2014-01-01",
            "infobox": "With members all over the world, our job is to nurture our chapters across the world to achieve their full potential, as well as expand to even more universities!<br>\r\n<br>\r\nOur primary activities are:\r\n<ul>\r\n<li>Mentoring the Robogals Regional Executive Officers, who in turn, coordinate the Regional Teams and chapters in their region.</li>\r\n  <li>Constantly working to improve the training given to new chapter executive committee members, and running our annual SINE (Seminars Inducting New Exec) conferences.</li>\r\n<li>Liaising with universities to set up new Robogals chapters.</li>\r\n<li>General organisational development and improvement - e.g. seeking expert advice on teaching methods.</li>\r\n<li>Maintaining all of Robogals' IT infrastructure globally, including myRobogals, websites and email.</li>\r\n</ul>\r\n<br>\r\nWe love receiving helpful feedback and suggestions from the Robogals members on the ground - just email our team on <a href=\"mailto:support@robogals.org\">support@robogals.org</a> and we'll get back to you as soon as we can!",
            "invite_email_html": false,
            "invite_email_msg": "Hello,\r\n\r\n{visit.chapter.name} will be conducting a workshop soon:\r\nWhen: {visit.visit_time}\r\nLocation: {visit.location}\r\nSchool: {visit.school.name}\r\n\r\nFor more information, and to accept or decline this invitation to volunteer at this workshop, please visit https://my.robogals.org/teaching/{visit.pk}/\r\n\r\nThanks,\r\n\r\n{user.first_name}",
            "invite_email_subject": "",
            "is_joinable": false,
            "join_page": "You can't join Robogals Global directly - please choose one of our chapters instead :)",
            "latitude": null,
            "location": "Melbourne, Australia",
            "longitude": null,
            "mobile_regexes": 1,
            "myrobogals_url": "global",
            "name": "Robogals Global",
            "name_display": 0,
            "notify_enable": false,
            "notify_list": null,
            "parent": null,
            "photo": "",
            "police_check_number_enable": false,
            "police_check_number_label": "",
            "police_check_number_required": false,
            "postcode": "3052",
            "short": "Global",
            "short_en": "Global",
            "sms_limit": 1000,
            "smstext": "",
            "state": "VIC",
            "status": 0,
            "student_number_enable": false,
            "student_number_label": "",
            "student_number_required": false,
            "student_union_enable": false,
            "student_union_label": "",
            "student_union_required": false,
            "timezone": 483,
            "tshirt_enable": false,
            "tshirt_label": "T-shirt size",
            "tshirt_required": false,
            "university": null,
            "upload_exec_list": false,
            "website_url": "http://www.robogals.org/",
            "welcome_email_enable": false,
            "welcome_email_html": false,
            "welcome_email_msg": "Dear {user.first_name},\r\n\r\nThankyou for joining {chapter.name}!\r\n\r\nYour username and password for myRobogals can be found below:\r\n\r\nUsername: {user.username}\r\nPassword: {plaintext_password}\r\nLogin at https://my.robogals.org\r\n\r\nRegards,\r\n\r\n{chapter.name}\r\n",
            "welcome_email_subject": "Welcome to Robogals!",
            "welcome_page": "Congratulations on becoming a member of {chapter.name}, and welcome to the international network of Robogals members - students around the world committed to increasing female participation in engineering!<br>\r\n<br>\r\nYour member account has been created - simply log in using the form to the left."
        },
        "model": "rgchapter.chapter",
        "pk": 1
    },
    {
        "fields": {
            "address": "PO Box 4435",
            "city": "Melbourne University",
            "country": "AU",
            "creation_date": "2010-09-10",
            "display_columns": [
                26,
                4,
                15,
                6
            ],
            "emailtext": "",
            "exclude_in_reports": false,
            "facebook_url": "",
            "faculty_contact": "",
            "faculty_department": "",
            "faculty_email": "",
            "faculty_phone": "",
            "faculty_position": "",
            "ftp_host": "",
            "ftp_pass": "",
            "ftp_path": "",
            "ftp_user": "",
            "goal": 10535,
            "goal_start": "2014-09-27",
            "infobox": "",
            "invite_email_html": false,
            "invite_email_msg": "",
            "invite_email_subject": "",
            "is_joinable": false,
            "join_page": "",
            "latitude": null,
            "location": "Melbourne, Australia",
            "longitude": null,
            "mobile_regexes": 1,
            "myrobogals_url": "asiapac",
            "name": "Robogals Asia Pacific",
            "name_display": 0,
            "notify_enable": false,
            "notify_list": null,
            "parent": 1,
            "photo": "",
            "police_check_number_enable": false,
            "police_check_number_label": "",
            "police_check_number_required": false,
            "postcode": "3052",
            "short": "Asia Pacific",
            "short_en": "Asia Pacific",
            "sms_limit": 1000,
            "smstext": "",
            "state": "VIC",
            "status": 0,
            "student_number_enable": false,
            "student_number_label": "",
            "student_number_required": false,
            "student_union_enable": false,
            "student_union_label": "",
            "student_union_required": false,
            "timezone": 483,
            "tshirt_enable": false,
            "tshirt_label": "",
            "tshirt_required": false,
            "university": null,
            "upload_exec_list": false,
            "website_url": "http://www.robogals.org.au/",
            "welcome_email_enable": false,
            "welcome_email_html": false,
            "welcome_email_msg": "Dear {user.first_name},\r\n\r\nThankyou for joining {chapter.name}!\r\n\r\nYour username and password for myRobogals can be found below:\r\n\r\nUsername: {user.username}\r\nPassword: {plaintext_password}\r\nLogin at https://my.robogals.org\r\n\r\nRegards,\r\n\r\n{chapter.name}\r\n",
            "welcome_email_subject": "Welcome to Robogals!",
            "welcome_page": "Congratulations on becoming a member of {chapter.name}, and welcome to the international network of Robogals members - students around the world committed to increasing female participation in engineering!<br>\r\n<br>\r\nYour member account has been created - simply log in using the form to the left."
        },
        "model": "rgchapter.chapter",
        "pk": 2
    },
    {
        "fields": {
            "address": "PO Box 4435",
            "city": "Melbourne University",
            "country": "AU",
            "creation_date": "2008-07-14",
            "display_columns": [
                26,
                4,
                15,
                29
            ],
            "emailtext": "",
            "exclude_in_reports": false,
            "facebook_url": "https://www.facebook.com/RobogalsMelb/",
            "faculty_contact": "",
            "faculty_department": "",
            "faculty_email": "",
            "faculty_phone": "",
            "faculty_position": "",
            "ftp_host": "",
            "ftp_pass": "",
            "ftp_path": "",
            "ftp_user": "",
            "goal": 1500,
            "goal_start": "2015-09-29",
            "infobox": "It all started here! :)",
            "invite_email_html": false,
            "invite_email_msg": "Hello,\r\n\r\n{visit.chapter.name} will be conducting a workshop soon:\r\nWhen: {visit.visit_time}\r\nLocation: {visit.location}\r\nSchool: {visit.school.name}\r\n\r\nFor more information, and to accept or decline this invitation to volunteer at this workshop, please visit https://my.robogals.org/teaching/{visit.pk}/\r\n\r\nThanks,\r\n\r\n{user.first_name}",
            "invite_email_subject": "",
            "is_joinable": false,
            "join_page": "Thank you for your interest in joining {chapter.name}. Please register your interest in joining us by filling out  <a href=\"https://goo.gl/forms/0VkL0CpP5IAt1Lw62\">this form</a> and we will be in touch shortly! <br><br>\r\n\r\nIn the meantime, please check out our <a href=\"https://www.facebook.com/RobogalsMelb \">Facebook page</a>, <a href=\"https://www.instagram.com/robogalsmelb/\">Instagram</a>, and <a href=\"https://twitter.com/robogalsmelb\">Twitter</a>",
            "latitude": -37.798481,
            "location": "Melbourne, Australia",
            "longitude": 144.961807,
            "mobile_regexes": 1,
            "myrobogals_url": "melbourne",
            "name": "Robogals Melbourne",
            "name_display": 0,
            "notify_enable": false,
            "notify_list": null,
            "parent": 2,
            "photo": "",
            "police_check_number_enable": false,
            "police_check_number_label": "",
            "police_check_number_required": false,
            "postcode": "3052",
            "short": "Melbourne",
            "short_en": "Melbourne",
            "sms_limit": 1000,
            "smstext": "",
            "state": "VIC",
            "status": 0,
            "student_number_enable": true,
            "student_number_label": "Student number",
            "student_number_required": false,
            "student_union_enable": true,
            "student_union_label": "Student union member",
            "student_union_required": false,
            "timezone": 483,
            "tshirt_enable": false,
            "tshirt_label": "",
            "tshirt_required": false,
            "university": 1,
            "upload_exec_list": true,
            "website_url": "http://melbourne.robogals.org.au/",
            "welcome_email_enable": true,
            "welcome_email_html": false,
            "welcome_email_msg": "Dear {user.first_name},\r\n\r\nThankyou for joining {chapter.name}!\r\n\r\nYour username and password for myRobogals can be found below:\r\n\r\nUsername: {user.username}\r\nPassword: {plaintext_password}\r\nLogin at https://my.robogals.org\r\n\r\nRegards,\r\n\r\n{chapter.name}\r\n",
            "welcome_email_subject": "Welcome to Robogals!",
            "welcome_page": "Congratulations on becoming a member of {chapter.name}, and welcome to the international network of Robogals members - students around the world committed to increasing female participation in engineering!<br>\r\n<br>\r\nYour member account has been created - simply log in using the form to the left."
        },
        "model": "rgchapter.chapter",
        "pk": 3
    },
    {
        "fields": {
            "address": "",
            "city": "",
            "country": "GB",
            "creation_date": "2011-02-11",
            "display_columns": [
                26,
                4,
                15
            ],
            "emailtext": "",
            "exclude_in_reports": false,
            "facebook_url": "",
            "faculty_contact": "",
            "faculty_department": "",
            "faculty_email": "",
            "faculty_phone": "",
            "faculty_position": "",
            "ftp_host": "",
            "ftp_pass": "",
            "ftp_path": "",
            "ftp_user": "",
            "goal": 1725,
            "goal_start": "2014-02-15",
            "infobox": "",
            "invite_email_html": false,
            "invite_email_msg": "",
            "invite_email_subject": "",
            "is_joinable": false,
            "join_page": "",
            "latitude": null,
            "location": "London, UK",
            "longitude": null,
            "mobile_regexes": 3,
            "myrobogals_url": "eu",
            "name": "Robogals EMEA",
            "name_display": 0,
            "notify_enable": false,
            "notify_list": null,
            "parent": 1,
            "photo": "",
            "police_check_number_enable": false,
            "police_check_number_label": "",
            "police_check_number_required": false,
            "postcode": "",
            "short": "EMEA",
            "short_en": "EMEA",
            "sms_limit": 1000,
            "smstext": "",
            "state": "",
            "status": 0,
            "student_number_enable": false,
            "student_number_label": "",
            "student_number_required": false,
            "student_union_enable": false,
            "student_union_label": "",
            "student_union_required": false,
            "timezone": 356,
            "tshirt_enable": false,
            "tshirt_label": "",
            "tshirt_required": false,
            "university": null,
            "upload_exec_list": false,
            "website_url": "http://www.robogals.org.uk/",
            "welcome_email_enable": true,
            "welcome_email_html": false,
            "welcome_email_msg": "Dear {user.first_name},\r\n\r\nThankyou for joining {chapter.name}!\r\n\r\nYour username and password for myRobogals can be found below:\r\n\r\nUsername: {user.username}\r\nPassword: {plaintext_password}\r\nLogin at https://my.robogals.org\r\n\r\nRegards,\r\n\r\n{chapter.name}\r\n",
            "welcome_email_subject": "Welcome to Robogals!",
            "welcome_page": "Congratulations on becoming a member of {chapter.name}, and welcome to the international network of Robogals members - students around the world committed to increasing female participation in engineering!<br>\r\n<br>\r\nYour member account has been created - simply log in using the form to the left."
        },
        "model": "rgchapter.chapter",
        "pk": 8
    },
    {
        "fields": {
            "address": "",
            "city": "",
            "country": "GB",
            "creation_date": "2009-02-15",
            "display_columns": [
                26,
                4,
                15,
                29
            ],
            "emailtext": "",
            "exclude_in_reports": false,
            "facebook_url": "",
            "faculty_contact": "",
            "faculty_department": "",
            "faculty_email": "",
            "faculty_phone": "",
            "faculty_position": "",
            "ftp_host": "",
            "ftp_pass": "",
            "ftp_path": "",
            "ftp_user": "",
            "goal": 300,
            "goal_start": "2016-02-08",
            "infobox": "",
            "invite_email_html": false,
            "invite_email_msg": "",
            "invite_email_subject": "",
            "is_joinable": true,
            "join_page": "",
            "latitude": 51.499073,
            "location": "London, UK",
            "longitude": -0.176811,
            "mobile_regexes": 3,
            "myrobogals_url": "london",
            "name": "Robogals London",
            "name_display": 0,
            "notify_enable": false,
            "notify_list": null,
            "parent": 8,
            "photo": "",
            "police_check_number_enable": false,
            "police_check_number_label": "",
            "police_check_number_required": false,
            "postcode": "",
            "short": "London",
            "short_en": "London",
            "sms_limit": 1000,
            "smstext": "",
            "state": "",
            "status": 0,
            "student_number_enable": false,
            "student_number_label": "",
            "student_number_required": false,
            "student_union_enable": false,
            "student_union_label": "",
            "student_union_required": false,
            "timezone": 356,
            "tshirt_enable": false,
            "tshirt_label": "",
            "tshirt_required": false,
            "university": 2,
            "upload_exec_list": true,
            "website_url": "http://london.robogals.org.uk/",
            "welcome_email_enable": true,
            "welcome_email_html": false,
            "welcome_email_msg": "Dear {user.first_name},\r\n\r\nThankyou for joining {chapter.name}!\r\n\r\nYour username and password for myRobogals can be found below:\r\n\r\nUsername: {user.username}\r\nPassword: {plaintext_password}\r\nLogin at https://my.robogals.org\r\n\r\nRegards,\r\n\r\n{chapter.name}\r\n",
            "welcome_email_subject": "Welcome to Robogals!",
            "welcome_page": "Congratulations on becoming a member of {chapter.name}, and welcome to the international network of Robogals members - students around the world committed to increasing female participation in engineering!<br>\r\n<br>\r\nYour member account has been created - simply log in using the form to the left."
        },
        "model": "rgchapter.chapter",
        "pk": 9
    },
    {
        "fields": {
            "address": "",
            "city": "",
            "country": "GB",
            "creation_date": "2010-04-25",
            "display_columns": [
                26,
                4,
                9,
                17,
                31,
                29
            ],
            "emailtext": "",
            "exclude_in_reports": false,
            "facebook_url": "",
            "faculty_contact": "",
            "faculty_department": "",
            "faculty_email": "",
            "faculty_phone": "",
            "faculty_position": "",
            "ftp_host": "",
            "ftp_pass": "",
            "ftp_path": "",
            "ftp_user": "",
            "goal": 777,
            "goal_start": "2016-02-08",
            "infobox": "Having spent last term helping schools with the FLL tournament held on campus in December we then took a bit of time off from teaching to organise the UK SINE. \r\n\r\nAt the time of writing were rebuilding our exec and getting some ideas together for a fantastic year.\r\n\r\n - Feb 2011",
            "invite_email_html": false,
            "invite_email_msg": "",
            "invite_email_subject": "",
            "is_joinable": true,
            "join_page": "",
            "latitude": 53.464771,
            "location": "Manchester, UK",
            "longitude": -2.233486,
            "mobile_regexes": 3,
            "myrobogals_url": "manchester",
            "name": "Robogals Manchester",
            "name_display": 0,
            "notify_enable": false,
            "notify_list": null,
            "parent": 8,
            "photo": "",
            "police_check_number_enable": false,
            "police_check_number_label": "",
            "police_check_number_required": false,
            "postcode": "",
            "short": "Manchester",
            "short_en": "Manchester",
            "sms_limit": 1000,
            "smstext": "",
            "state": "",
            "status": 0,
            "student_number_enable": false,
            "student_number_label": "",
            "student_number_required": false,
            "student_union_enable": false,
            "student_union_label": "",
            "student_union_required": false,
            "timezone": 356,
            "tshirt_enable": false,
            "tshirt_label": "",
            "tshirt_required": false,
            "university": 11,
            "upload_exec_list": true,
            "website_url": "http://manchester.robogals.org.uk/",
            "welcome_email_enable": true,
            "welcome_email_html": false,
            "welcome_email_msg": "Dear {user.first_name},\r\n\r\nThankyou for joining {chapter.name}!\r\n\r\nYour username and password for myRobogals can be found below:\r\n\r\nUsername: {user.username}\r\nPassword: {plaintext_password}\r\nLogin at https://my.robogals.org\r\n\r\n\r\n\r\n\r\nRegards,\r\n\r\n{chapter.name}\r\n",
            "welcome_email_subject": "Welcome to Robogals!",
            "welcome_page": "Congratulations on becoming a member of {chapter.name}, and welcome to the international network of Robogals members - students around the world committed to increasing female participation in engineering!<br>\r\n<br>\r\nYour member account has been created - simply log in using the form to the left."
        },
        "model": "rgchapter.chapter",
        "pk": 14
    },
    {
        "fields": {
            "address": "PO Box 4435",
            "city": "Melbourne University",
            "country": "AU",
            "creation_date": "2011-03-19",
            "display_columns": [
                26,
                4,
                15,
                14
            ],
            "emailtext": "",
            "exclude_in_reports": false,
            "facebook_url": "",
            "faculty_contact": "",
            "faculty_department": "",
            "faculty_email": "",
            "faculty_phone": "",
            "faculty_position": "",
            "ftp_host": "",
            "ftp_pass": "",
            "ftp_path": "",
            "ftp_user": "",
            "goal": 4000,
            "goal_start": "2012-07-21",
            "infobox": "Robogals Rural and Regional Ambassadors Program involves engineering students from rural universities all across Australia. Different from Chapter school visits, the RRR Ambassadors visit rural schools around their rural university and near their home town and give talks to girls about engineering. <p><p>\r\n\r\n\r\n<b>The 2014 Ambassadors include:<p></b>\r\n\r\nFrom Queensland- <p>\r\nSophia Marmara, James Cook University <br>\r\nManveet Kaur, James Cook University <br>\r\nMichelle Makubalo, James Cook University<p> \r\n\r\nFrom Victoria- <p>\r\nRebecca Littler, La Trobe University <br>\r\nChristie White, La Trobe University <br>\r\n<p>\r\n\r\n\r\n<i><b>If you want to get in contact with any of these people email munxin@robogals.org</b></i>\r\n",
            "invite_email_html": false,
            "invite_email_msg": "",
            "invite_email_subject": "",
            "is_joinable": true,
            "join_page": "",
            "latitude": null,
            "location": "Australia-wide",
            "longitude": null,
            "mobile_regexes": 1,
            "myrobogals_url": "rrr",
            "name": "Robogals Rural & Regional",
            "name_display": 0,
            "notify_enable": false,
            "notify_list": null,
            "parent": 24,
            "photo": "",
            "police_check_number_enable": false,
            "police_check_number_label": "",
            "police_check_number_required": false,
            "postcode": "3052",
            "short": "Robogals Rural & Regional",
            "short_en": "Robogals Rural & Regional",
            "sms_limit": 1000,
            "smstext": "",
            "state": "VIC",
            "status": 1,
            "student_number_enable": false,
            "student_number_label": "",
            "student_number_required": false,
            "student_union_enable": false,
            "student_union_label": "",
            "student_union_required": false,
            "timezone": 483,
            "tshirt_enable": false,
            "tshirt_label": "T-shirt size",
            "tshirt_required": false,
            "university": null,
            "upload_exec_list": false,
            "website_url": "http://www.robogals.org.au/about/rrr",
            "welcome_email_enable": true,
            "welcome_email_html": false,
            "welcome_email_msg": "Dear {user.first_name},\r\n\r\nThankyou for joining {chapter.name}!\r\n\r\nYour username and password for myRobogals can be found below:\r\n\r\nUsername: {user.username}\r\nPassword: {plaintext_password}\r\nLogin at https://my.robogals.org\r\n\r\nRegards,\r\n\r\n{chapter.name}\r\n",
            "welcome_email_subject": "Welcome to Robogals!",
            "welcome_page": "Thanks for joining the Robogals Rural and Regional programme, and welcome to the international network of Robogals members - students around the world committed to increasing female participation in engineering!<br>\r\n<br>\r\nYour member account has been created - simply log in using the form to the left."
        },
        "model": "rgchapter.chapter",
        "pk": 20
    },
    {
        "fields": {
            "address": "",
            "city": "",
            "country": "US",
            "creation_date": "2012-02-25",
            "display_columns": [
                26,
                4,
                15
            ],
            "emailtext": "",
            "exclude_in_reports": false,
            "facebook_url": "",
            "faculty_contact": "",
            "faculty_department": "",
            "faculty_email": "",
            "faculty_phone": "",
            "faculty_position": "",
            "ftp_host": "",
            "ftp_pass": "",
            "ftp_path": "",
            "ftp_user": "",
            "goal": 750,
            "goal_start": "2014-01-20",
            "infobox": "",
            "invite_email_html": false,
            "invite_email_msg": "",
            "invite_email_subject": "",
            "is_joinable": false,
            "join_page": "",
            "latitude": null,
            "location": "Pasadena, California, USA",
            "longitude": null,
            "mobile_regexes": 7,
            "myrobogals_url": "na",
            "name": "Robogals North America",
            "name_display": 0,
            "notify_enable": false,
            "notify_list": null,
            "parent": 1,
            "photo": "",
            "police_check_number_enable": false,
            "police_check_number_label": "",
            "police_check_number_required": false,
            "postcode": "",
            "short": "North America",
            "short_en": "North America",
            "sms_limit": 0,
            "smstext": "",
            "state": "",
            "status": 0,
            "student_number_enable": false,
            "student_number_label": "",
            "student_number_required": false,
            "student_union_enable": false,
            "student_union_label": "",
            "student_union_required": false,
            "timezone": 165,
            "tshirt_enable": false,
            "tshirt_label": "",
            "tshirt_required": false,
            "university": null,
            "upload_exec_list": false,
            "website_url": "",
            "welcome_email_enable": false,
            "welcome_email_html": false,
            "welcome_email_msg": "",
            "welcome_email_subject": "",
            "welcome_page": ""
        },
        "model": "rgchapter.chapter",
        "pk": 21
    },
    {
        "fields": {
            "address": "MSC 583; 1200 E California Blvd",
            "city": "Pasadena",
            "country": "US",
            "creation_date": "2012-02-25",
            "display_columns": [
                26,
                4,
                15,
                29
            ],
            "emailtext": "",
            "exclude_in_reports": false,
            "facebook_url": "http://www.facebook.com/pages/Robogals-Caltech/376424972369522",
            "faculty_contact": "",
            "faculty_department": "",
            "faculty_email": "",
            "faculty_phone": "7034000208",
            "faculty_position": "",
            "ftp_host": "",
            "ftp_pass": "",
            "ftp_path": "",
            "ftp_user": "",
            "goal": 450,
            "goal_start": "2015-01-17",
            "infobox": "",
            "invite_email_html": false,
            "invite_email_msg": "",
            "invite_email_subject": "",
            "is_joinable": true,
            "join_page": "",
            "latitude": 34.134708,
            "location": "Pasadena, California, USA",
            "longitude": -118.12664,
            "mobile_regexes": 7,
            "myrobogals_url": "pasadena",
            "name": "Robogals Caltech",
            "name_display": 0,
            "notify_enable": false,
            "notify_list": null,
            "parent": 21,
            "photo": "",
            "police_check_number_enable": false,
            "police_check_number_label": "",
            "police_check_number_required": false,
            "postcode": "91126",
            "short": "Pasadena",
            "short_en": "Pasadena",
            "sms_limit": 1000,
            "smstext": "",
            "state": "CA",
            "status": 0,
            "student_number_enable": false,
            "student_number_label": "",
            "student_number_required": false,
            "student_union_enable": false,
            "student_union_label": "",
            "student_union_required": false,
            "timezone": 317,
            "tshirt_enable": false,
            "tshirt_label": "",
            "tshirt_required": false,
            "university": 58,
            "upload_exec_list": true,
            "website_url": "http://pasadena.usa.robogals.org/",
            "welcome_email_enable": true,
            "welcome_email_html": false,
            "welcome_email_msg": "Dear {user.first_name},\r\n\r\nThankyou for joining {chapter.name}!\r\n\r\nYour username and password for myRobogals can be found below:\r\n\r\nUsername: {user.username}\r\nPassword: {plaintext_password}\r\nLogin at https://my.robogals.org\r\n\r\nRegards,\r\n\r\n{chapter.name}\r\n",
            "welcome_email_subject": "Welcome to Robogals!",
            "welcome_page": "Congratulations on becoming a member of {chapter.name}, and welcome to the international network of Robogals members - students around the world committed to increasing female participation in engineering!<br>\r\n<br>\r\nYour member account has been created - simply log in using the form to the left."
        },
        "model": "rgchapter.chapter",
        "pk": 22
    },
    {
        "fields": {
            "address": "",
            "city": "",
            "country": "AU",
            "creation_date": "2011-03-19",
            "display_columns": [
                26,
                4,
                15
            ],
            "emailtext": "",
            "exclude_in_reports": false,
            "facebook_url": "",
            "faculty_contact": "",
            "faculty_department": "",
            "faculty_email": "",
            "faculty_phone": "",
            "faculty_position": "",
            "ftp_host": "",
            "ftp_pass": "",
            "ftp_path": "",
            "ftp_user": "",
            "goal": null,
            "goal_start": null,
            "infobox": "The \"chapters\" in this virtual region are each special projects that don't fall within the traditional chapter structure.",
            "invite_email_html": false,
            "invite_email_msg": "",
            "invite_email_subject": "",
            "is_joinable": false,
            "join_page": "",
            "latitude": null,
            "location": "Melbourne, Australia",
            "longitude": null,
            "mobile_regexes": 1,
            "myrobogals_url": "special",
            "name": "Special Projects",
            "name_display": 0,
            "notify_enable": false,
            "notify_list": null,
            "parent": 1,
            "photo": "",
            "police_check_number_enable": false,
            "police_check_number_label": "",
            "police_check_number_required": false,
            "postcode": "",
            "short": "Special Projects",
            "short_en": "Special Projects",
            "sms_limit": 0,
            "smstext": "",
            "state": "",
            "status": 2,
            "student_number_enable": false,
            "student_number_label": "",
            "student_number_required": false,
            "student_union_enable": false,
            "student_union_label": "",
            "student_union_required": false,
            "timezone": 483,
            "tshirt_enable": false,
            "tshirt_label": "",
            "tshirt_required": false,
            "university": null,
            "upload_exec_list": false,
            "website_url": "",
            "welcome_email_enable": false,
            "welcome_email_html": false,
            "welcome_email_msg": "",
            "welcome_email_subject": "",
            "welcome_page": ""
        },
        "model": "rgchapter.chapter",
        "pk": 24
    },
    {
        "fields": {
            "address": "",
            "city": "",
            "country": "AU",
            "creation_date": "2011-09-24",
            "display_columns": [
                26,
                25,
                9,
                22,
                31,
                29
            ],
            "emailtext": "",
            "exclude_in_reports": false,
            "facebook_url": "http://www.facebook.com/#!/pages/Robogals-Canberra/254743647903977",
            "faculty_contact": "",
            "faculty_department": "",
            "faculty_email": "",
            "faculty_phone": "",
            "faculty_position": "",
            "ftp_host": "",
            "ftp_pass": "",
            "ftp_path": "",
            "ftp_user": "",
            "goal": 5000,
            "goal_start": "2018-09-23",
            "infobox": "The Robogals Canberra Chapter was founded in September 2011 and has been active for many years.\r\n\r\nIn 2018 we exceeded our goals of teaching 2000 girls in workshops around the ACT and rural NSW!\r\n ",
            "invite_email_html": false,
            "invite_email_msg": "Hello,\r\n\r\n{visit.chapter.name} will be conducting a workshop soon:\r\nWhen: {visit.visit_time}\r\nLocation: {visit.location}\r\nSchool: {visit.school.name}\r\n\r\nFor more information, and to accept or decline this invitation to volunteer at this workshop, please visit https://my.robogals.org/teaching/{visit.pk}/\r\n\r\nThanks,\r\n\r\n{user.first_name}",
            "invite_email_subject": "",
            "is_joinable": true,
            "join_page": "",
            "latitude": -35.284302,
            "location": "Canberra, Australia",
            "longitude": 149.11647,
            "mobile_regexes": 1,
            "myrobogals_url": "canberra",
            "name": "Robogals Canberra",
            "name_display": 0,
            "notify_enable": false,
            "notify_list": null,
            "parent": 2,
            "photo": "",
            "police_check_number_enable": false,
            "police_check_number_label": "",
            "police_check_number_required": false,
            "postcode": "",
            "short": "Canberra",
            "short_en": "Canberra",
            "sms_limit": 2000,
            "smstext": "",
            "state": "",
            "status": 0,
            "student_number_enable": true,
            "student_number_label": "Student number",
            "student_number_required": false,
            "student_union_enable": false,
            "student_union_label": "Union member",
            "student_union_required": false,
            "timezone": 482,
            "tshirt_enable": true,
            "tshirt_label": "T-shirt size",
            "tshirt_required": true,
            "university": 14,
            "upload_exec_list": true,
            "website_url": "https://www.robogalscanberra.org/",
            "welcome_email_enable": true,
            "welcome_email_html": false,
            "welcome_email_msg": "Dear {user.first_name},\r\n\r\nThankyou for joining {chapter.name}! And welcome to the international network of Robogals members - students around the world committed to increasing female participation in engineering!\r\n\r\nYour member account has been created - simply log in using the following username and password.\r\n\r\nUsername: {user.username}\r\nPassword: {plaintext_password}\r\nLogin at https://my.robogals.org\r\n\r\nRegards,\r\n\r\n{chapter.name}\r\n",
            "welcome_email_subject": "Welcome to Robogals!",
            "welcome_page": "Welcome to the mailing list of {chapter.name}, and congrats on joining the international network of Robogals members - students around the world committed to increasing female participation in engineering!<br>\r\n<br>\r\nYour member account has been created - simply log in using the form to the left."
        },
        "model": "rgchapter.chapter",
        "pk": 27
    },
    {
        "fields": {
            "address": "",
            "city": "",
            "country": "AU",
            "creation_date": "2013-12-03",
            "display_columns": [
                26,
                4,
                25,
                22,
                31,
                29
            ],
            "emailtext": "",
            "exclude_in_reports": false,
            "facebook_url": "",
            "faculty_contact": "",
            "faculty_department": "",
            "faculty_email": "",
            "faculty_phone": "",
            "faculty_position": "",
            "ftp_host": "",
            "ftp_pass": "",
            "ftp_path": "",
            "ftp_user": "",
            "goal": 200,
            "goal_start": "2015-01-17",
            "infobox": "",
            "invite_email_html": false,
            "invite_email_msg": "Hello,\r\n\r\n{user.chapter.name} will be conducting a workshop soon:\r\nWhen: {visit.visit_start.year}-{visit.visit_start.month}-{visit.visit_start.day}, {visit.visit_start.hour}:{visit.visit_start.minute} to {visit.visit_end.hour}:{visit.visit_end.minute}\r\nLocation: {visit.location}\r\nSchool: {visit.school.name}\r\n\r\nTo accept or decline this invitation to volunteer at this workshop, please visit https://my.robogals.org/teaching/{visit.pk}/\r\n\r\nThanks,\r\n\r\n{user.first_name}",
            "invite_email_subject": "Upcoming Robogals workshop",
            "is_joinable": true,
            "join_page": "",
            "latitude": 44.2261474,
            "location": "Kingston, Ontario, Canada",
            "longitude": -76.4965691,
            "mobile_regexes": 7,
            "myrobogals_url": "queens",
            "name": "Robogals Queen's",
            "name_display": 0,
            "notify_enable": false,
            "notify_list": null,
            "parent": 21,
            "photo": "",
            "police_check_number_enable": false,
            "police_check_number_label": "",
            "police_check_number_required": false,
            "postcode": "",
            "short": "Queen's",
            "short_en": "Queen's",
            "sms_limit": 1000,
            "smstext": "",
            "state": "",
            "status": 0,
            "student_number_enable": true,
            "student_number_label": "",
            "student_number_required": false,
            "student_union_enable": true,
            "student_union_label": "",
            "student_union_required": false,
            "timezone": 165,
            "tshirt_enable": true,
            "tshirt_label": "",
            "tshirt_required": false,
            "university": 74,
            "upload_exec_list": false,
            "website_url": "",
            "welcome_email_enable": true,
            "welcome_email_html": false,
            "welcome_email_msg": "Dear {user.first_name},\r\n\r\nThankyou for joining {chapter.name}!\r\n\r\nYour username and password for myRobogals can be found below:\r\n\r\nUsername: {user.username}\r\nPassword: {plaintext_password}\r\nLogin at https://my.robogals.org\r\n\r\nRegards,\r\n\r\n{chapter.name}\r\n",
            "welcome_email_subject": "Welcome to Robogals!",
            "welcome_page": "Congratulations on becoming a member of {chapter.name}, and welcome to the international network of Robogals members - students around the world committed to increasing female participation in engineering!<br>\r\n<br>\r\nYour member account has been created - simply log in using the form to the left."
        },
        "model": "rgchapter.chapter",
        "pk": 45
    },
    {
        "fields": {
            "address": "",
            "city": "Test-city",
            "country": "AU",
            "creation_date": "2015-06-09",
            "display_columns": [
                2,
                3,
                4
            ],
            "emailtext": "",
            "exclude_in_reports": false,
            "facebook_url": "",
            "faculty_contact": "",
            "faculty_department": "",
            "faculty_email": "",
            "faculty_phone": "",
            "faculty_position": "",
            "ftp_host": "",
            "ftp_pass": "",
            "ftp_path": "",
            "ftp_user": "",
            "goal": 200,
            "goal_start": "2015-06-09",
            "infobox": "",
            "invite_email_html": false,
            "invite_email_msg": "Hello,\r\n\r\n{user.chapter.name} will be conducting a workshop soon:\r\nWhen: {visit.visit_start.year}-{visit.visit_start.month}-{visit.visit_start.day}, {visit.visit_start.hour}:{visit.visit_start.minute} to {visit.visit_end.hour}:{visit.visit_end.minute}\r\nLocation: {visit.location}\r\nSchool: {visit.school.name}\r\n\r\nTo accept or decline this invitation to volunteer at this workshop, please visit https://my.robogals.org/teaching/{visit.pk}/\r\n\r\nThanks,\r\n\r\n{user.first_name}",
            "invite_email_subject": "Upcoming Robogals workshop",
            "is_joinable": false,
            "join_page": "",
            "latitude": null,
            "location": "Test Location",
            "longitude": null,
            "mobile_regexes": 1,
            "myrobogals_url": "test",
            "name": "Test Chapter",
            "name_display": 0,
            "notify_enable": false,
            "notify_list": null,
            "parent": 2,
            "photo": "",
            "police_check_number_enable": false,
            "police_check_number_label": "",
            "police_check_number_required": false,
            "postcode": "",
            "short": "test-name",
            "short_en": "Test-city",
            "sms_limit": 1000,
            "smstext": "",
            "state": "",
            "status": 1,
            "student_number_enable": true,
            "student_number_label": "",
            "student_number_required": false,
            "student_union_enable": false,
            "student_union_label": "",
            "student_union_required": false,
            "timezone": 25,
            "tshirt_enable": false,
            "tshirt_label": "",
            "tshirt_required": false,
            "university": 88,
            "upload_exec_list": false,
            "website_url": "",
            "welcome_email_enable": true,
            "welcome_email_html": false,
            "welcome_email_msg": "Dear {user.first_name},\r\n\r\nThankyou for joining {chapter.name}!\r\n\r\nYour username and password for myRobogals can be found below:\r\n\r\nUsername: {user.username}\r\nPassword: {plaintext_password}\r\nLogin at https://my.robogals.org\r\n\r\nRegards,\r\n\r\n{chapter.name}\r\n",
            "welcome_email_subject": "Welcome to Robogals!",
            "welcome_page": "Congratulations on becoming a member of {chapter.name}, and welcome to the international network of Robogals members - students around the world committed to increasing female participation in engineering!<br>\r\n<br>\r\nYour member account has been created - simply log in using the form to the left."
        },
        "model": "rgchapter.chapter",
        "pk": 57
    },
    {
        "fields": {
            "chapter": 1,
            "order": 1,
            "size_long": "Extra Small",
            "size_short": "XS"
        },
        "model": "rgchapter.shirtsize",
        "pk": 16
    },
    {
        "fields": {
            "chapter": 1,
            "order": 2,
            "size_long": "Small",
            "size_short": "S"
        },
        "model": "rgchapter.shirtsize",
        "pk": 17
    },
    {
        "fields": {
            "chapter": 1,
            "order": 3,
            "size_long": "Medium",
            "size_short": "M"
        },
        "model": "rgchapter.shirtsize",
        "pk": 18
    },
    {
        "fields": {
            "chapter": 1,
            "order": 4,
            "size_long": "Large",
            "size_short": "L"
        },
        "model": "rgchapter.shirtsize",
        "pk": 19
    },
    {
        "fields": {
            "chapter": 1,
            "order": 5,
            "size_long": "Extra Large",
            "size_short": "XL"
        },
        "model": "rgchapter.shirtsize",
        "pk": 20
    },
    {
        "fields": {
            "chapter": 27,
            "order": 1,
            "size_long": "XS",
            "size_short": "XS"
        },
        "model": "rgchapter.shirtsize",
        "pk": 26
    },
    {
        "fields": {
            "chapter": 27,
            "order": 2,
            "size_long": "S",
            "size_short": "S"
        },
        "model": "rgchapter.shirtsize",
        "pk": 27
    },
    {
        "fields": {
            "chapter": 27,
            "order": 3,
            "size_long": "M",
            "size_short": "M"
        },
        "model": "rgchapter.shirtsize",
        "pk": 28
    },
    {
        "fields": {
            "chapter": 27,
            "order": 5,
            "size_long": "L",
            "size_short": "L"
        },
        "model": "rgchapter.shirtsize",
        "pk": 29
    },
    {
        "fields": {
            "chapter": 27,
            "order": 6,
            "size_long": "XL",
            "size_short": "XL"
        },
        "model": "rgchapter.shirtsize",
        "pk": 30
    },
    {
        "fields": {
            "award_description": "Awarded to the Robogals chapter to have had the biggest impact on increasing girls' interest in engineering. This is a deliberately broad definition, so that all activities run by a Robogals chapter are counted!",
            "award_name": "Biggest Impact",
            "award_type": 0
        },
        "model": "rgchapter.award",
        "pk": 1
    },
    {
        "fields": {
            "award_description": "Awarded to the chapter that teaches the most number of girls through robotics workshops organised primarily by the Robogals chapter, either by visiting the school or having the school visit your uni. This particular award is for robotics workshops only and does not include girls impacted in other ways.\r\n\r\nGirls count as 1 the first time they participate in a robotics workshop, and 0.5 for every subsequent visit.  This is an attempt to strike a good balance between rewarding breadth and rewarding depth.  Boys attending robotics workshops are not counted towards this award.",
            "award_name": "Most Girls Taught",
            "award_type": 0
        },
        "model": "rgchapter.award",
        "pk": 2
    },
    {
        "fields": {
            "award_description": "Awarded to the chapter that has the most vibrant Robogals community on campus, as determined by the number of members, social events, and camaraderie amongst members and particularly amongst the executive committee.",
            "award_name": "Best Community",
            "award_type": 1
        },
        "model": "rgchapter.award",
        "pk": 3
    },
    {
        "fields": {
            "award_description": "Awarded to the chapter that communicated the most clearly, effectively and frequently.",
            "award_name": "Best Communication",
            "award_type": 1
        },
        "model": "rgchapter.award",
        "pk": 4
    },
    {
        "fields": {
            "award_description": "Awarded to the chapter that demonstrated the most initiative or creativity in robotics workshops, events, recruitment strategies or any other area.",
            "award_name": "Most Initiative",
            "award_type": 1
        },
        "model": "rgchapter.award",
        "pk": 5
    },
    {
        "fields": {
            "award_description": "This is perhaps a strange name for an award, but since one of our Robogals values is \"integrity\", defined as \"being your word\", we have an award for it.",
            "award_name": "Most Integrity",
            "award_type": 1
        },
        "model": "rgchapter.award",
        "pk": 6
    },
    {
        "fields": {
            "award_description": "Awarded to the chapter that runs the best event during the year. Criteria include the number of attendees (particularly the number of schoolgirls), how well-organised the event was, and how effective it was at increasing girls' interest in engineering.",
            "award_name": "Best Event",
            "award_type": 1
        },
        "model": "rgchapter.award",
        "pk": 7
    },
    {
        "fields": {
            "award_description": "Awarded for the best publicity received in the media or other forums. Criteria include the reach of the publicity, and how well Robogals was portrayed.",
            "award_name": "Best Publicity",
            "award_type": 1
        },
        "model": "rgchapter.award",
        "pk": 8
    },
    {
        "fields": {
            "award_description": "Awarded to the most creative chapter. This award is no longer awarded; it has been somewhat superseded by Most Initiative.",
            "award_name": "Most Creative",
            "award_type": 1
        },
        "model": "rgchapter.award",
        "pk": 9
    },
    {
        "fields": {
            "award_description": "Awarded to the chapter that demonstrated the best teamwork throughout the year. This award is no longer awarded; it has been superseded by Best Community.",
            "award_name": "Best Teamwork",
            "award_type": 1
        },
        "model": "rgchapter.award",
        "pk": 10
    },
    {
        "fields": {
            "award_description": "For the chapter that had the most Facebook fans. This award is no longer awarded.",
            "award_name": "Most Facebook Fans",
            "award_type": 1
        },
        "model": "rgchapter.award",
        "pk": 11
    },
    {
        "fields": {
            "award_description": "For those chapters that were awesome but didn't quite make Biggest Impact :)",
            "award_name": "Biggest Impact - Honorable Mention",
            "award_type": 1
        },
        "model": "rgchapter.award",
        "pk": 12
    },
    {
        "fields": {
            "award_description": "Awarded to the chapter that ran the best rural & regional road trip",
            "award_name": "Best Rural Trip",
            "award_type": 1
        },
        "model": "rgchapter.award",
        "pk": 13
    },
    {
        "fields": {
            "award": 1,
            "chapter": 3,
            "description": "",
            "region": 0,
            "year": 2010
        },
        "model": "rgchapter.awardrecipient",
        "pk": 1
    },
    {
        "fields": {
            "award": 10,
            "chapter": 3,
            "description": "",
            "region": 0,
            "year": 2010
        },
        "model": "rgchapter.awardrecipient",
        "pk": 3
    },
    {
        "fields": {
            "award": 7,
            "chapter": 3,
            "description": "for their Robogals Science and Engineering Expo",
            "region": 0,
            "year": 2010
        },
        "model": "rgchapter.awardrecipient",
        "pk": 5
    },
    {
        "fields": {
            "award": 1,
            "chapter": 9,
            "description": "",
            "region": 1,
            "year": 2011
        },
        "model": "rgchapter.awardrecipient",
        "pk": 8
    },
    {
        "fields": {
            "award": 2,
            "chapter": 14,
            "description": "",
            "region": 1,
            "year": 2011
        },
        "model": "rgchapter.awardrecipient",
        "pk": 9
    },
    {
        "fields": {
            "award": 3,
            "chapter": 3,
            "description": "- 20 trained volunteers (not including exec and Global)\r\n- 175 members on myRobogals\r\n- Sent 40 emails to all of these members during the year\r\n",
            "region": 0,
            "year": 2011
        },
        "model": "rgchapter.awardrecipient",
        "pk": 10
    },
    {
        "fields": {
            "award": 2,
            "chapter": 3,
            "description": "Taught 279 girls in the period 10/09/2010 to 24/09/2011 according to the above method of counting.  The next best chapter was 144!  These guys blitzed it!",
            "region": 0,
            "year": 2011
        },
        "model": "rgchapter.awardrecipient",
        "pk": 16
    },
    {
        "fields": {
            "award": 7,
            "chapter": 9,
            "description": "For their robotics workshops at the London Science Museum",
            "region": 1,
            "year": 2012
        },
        "model": "rgchapter.awardrecipient",
        "pk": 18
    },
    {
        "fields": {
            "award": 2,
            "chapter": 9,
            "description": "For teaching robotics workshops to 214.5 girls in the period Feb 2011 to Feb 2012 (weighted girl-visits: 1 for first visit and 0.5 for repeat visit)",
            "region": 1,
            "year": 2012
        },
        "model": "rgchapter.awardrecipient",
        "pk": 19
    },
    {
        "fields": {
            "award": 3,
            "chapter": 14,
            "description": "",
            "region": 1,
            "year": 2012
        },
        "model": "rgchapter.awardrecipient",
        "pk": 20
    },
    {
        "fields": {
            "award": 12,
            "chapter": 14,
            "description": "",
            "region": 1,
            "year": 2012
        },
        "model": "rgchapter.awardrecipient",
        "pk": 23
    },
    {
        "fields": {
            "award": 1,
            "chapter": 9,
            "description": "",
            "region": 1,
            "year": 2012
        },
        "model": "rgchapter.awardrecipient",
        "pk": 28
    },
    {
        "fields": {
            "award": 6,
            "chapter": 27,
            "description": "For constantly tracking against their goals throughout the year, and keeping up with and exceeding them!",
            "region": 2,
            "year": 2012
        },
        "model": "rgchapter.awardrecipient",
        "pk": 31
    },
    {
        "fields": {
            "award": 3,
            "chapter": 27,
            "description": "For having many, many on-campus events throughout the year to engage students including BBQs, information sessions and social events.  Have 34 active volunteers.",
            "region": 2,
            "year": 2012
        },
        "model": "rgchapter.awardrecipient",
        "pk": 33
    },
    {
        "fields": {
            "award": 8,
            "chapter": 3,
            "description": "For their booth at the Grand Prix expo - reached a lot of people and resulted in many inquiries from schools, who then had Robogals conduct robotics workshops at their school.",
            "region": 2,
            "year": 2012
        },
        "model": "rgchapter.awardrecipient",
        "pk": 34
    },
    {
        "fields": {
            "award": 2,
            "chapter": 3,
            "description": "For reaching 1,088 girls in the period Sep 2011 to Sep 2012 using the above method of counting.",
            "region": 2,
            "year": 2012
        },
        "model": "rgchapter.awardrecipient",
        "pk": 36
    },
    {
        "fields": {
            "award": 1,
            "chapter": 27,
            "description": "This was very close and difficult to choose as the standard this year was so high!  The board awarded this to ANU because of their broad impact in many areas.  This chapter did everything a Robogals chapter should do: taught lots of robotics workshops (smashed their goal by over 150%, reaching 410 girls, and a few hundred boys too); ran two rural trips; recruited, trained and used lots of volunteers, thus engaging with their university community; held 8 events including BBQs and NXT drop-ins; partnered with Codarra Robotics Challenge; raised funds to buy LEGO NXTs and laptops; held regular team meetings with 92% attendance. They are also feedback junkies who like to analyse everything they're doing to ensure that it's actually having an impact.  What a great effort from this chapter in only their first year - they have had a large on-the-ground impact in schools as well as creating a solid Robogals community that will ensure an ever-bigger impact in the years to come!",
            "region": 2,
            "year": 2012
        },
        "model": "rgchapter.awardrecipient",
        "pk": 37
    },
    {
        "fields": {
            "award": 12,
            "chapter": 3,
            "description": "Biggest Impact was difficult to choose this year as the standard was so high!  Melbourne won an Honourable Mention for being a very active chapter that reached over 1,000 girls all across Victoria, including five rural trips!",
            "region": 2,
            "year": 2012
        },
        "model": "rgchapter.awardrecipient",
        "pk": 39
    },
    {
        "fields": {
            "award": 1,
            "chapter": 3,
            "description": "Robogals Melbourne had a solid year Sept 2012-Sept 2013; exceeding all goals they set for themselves.  They constantly achieved successful results in all areas of their chapter; from events like attendance to the Avalon International Air Show to gaining more active volunteers to teaching 1392 girls.",
            "region": 2,
            "year": 2013
        },
        "model": "rgchapter.awardrecipient",
        "pk": 40
    },
    {
        "fields": {
            "award": 4,
            "chapter": 3,
            "description": "Robogals Melbourne has established a professional system of communicating with their members.  They created a monthly newsletter that is distributed, they have an active Facebook group, good system from finding volunteers for workshops and also establishing and maintaining good contacts with industry.",
            "region": 2,
            "year": 2013
        },
        "model": "rgchapter.awardrecipient",
        "pk": 44
    },
    {
        "fields": {
            "award": 8,
            "chapter": 27,
            "description": "Robogals Canberra: our local television stars!  Appearing on Prime Possum Kids Television show.  Introducing young girls to engineering on prime-time tv!  Their appearance can be found on Yahoo 7 website: \"Dust and Rust: Part 2\".",
            "region": 2,
            "year": 2013
        },
        "model": "rgchapter.awardrecipient",
        "pk": 49
    },
    {
        "fields": {
            "award": 8,
            "chapter": 22,
            "description": "For their work collaborating with Disney on the Tinkerbell Movie and going to the Pasadena Education Expo to increase their reach in their the community. ",
            "region": 3,
            "year": 2014
        },
        "model": "rgchapter.awardrecipient",
        "pk": 51
    },
    {
        "fields": {
            "award": 2,
            "chapter": 14,
            "description": "467 girls taught- an amazing achievement!",
            "region": 1,
            "year": 2014
        },
        "model": "rgchapter.awardrecipient",
        "pk": 54
    },
    {
        "fields": {
            "award": 5,
            "chapter": 14,
            "description": "For the creation of many documents, ideas, stickers, activity booklets, library visits and activity sheets.",
            "region": 1,
            "year": 2014
        },
        "model": "rgchapter.awardrecipient",
        "pk": 57
    },
    {
        "fields": {
            "award": 6,
            "chapter": 9,
            "description": "For persistence in the face of difficulty, and working through and sticking to what they had planned with minimal volunteers and executive members.",
            "region": 1,
            "year": 2014
        },
        "model": "rgchapter.awardrecipient",
        "pk": 58
    },
    {
        "fields": {
            "address_city": "Melbourne",
            "address_country": "AU",
            "address_postcode": "3000",
            "address_state": "VIC",
            "address_street": "1 Robot Street",
            "chapter": 3,
            "contact_email": "",
            "contact_person": "",
            "contact_phone": "",
            "contact_position": "",
            "name": "Melbourne Test School",
            "notes": ""
        },
        "model": "rgteaching.school",
        "pk": 2187
    },
    {
        "fields": {
            "allow_rsvp": 0,
            "chapter": 3,
            "contact": "",
            "contact_email": "",
            "contact_phone": "",
            "creator": [
                "emilyl"
            ],
            "date_modified": null,
            "location": "Enter location",
            "meeting_location": "",
            "meeting_time": null,
            "notes": "",
            "status": 1,
            "visit_end": "2020-08-17T03:20:00Z",
            "visit_start": "2020-08-17T00:20:00Z"
        },
        "model": "rgteaching.event",
        "pk": 5450
    },
    {
        "fields": {
            "closing_comments": "",
            "created_method": 0,
            "lessonnum": "",
            "numrobots": "",
            "numstudents": "",
            "otherprep": "",
            "school": 2187,
            "tobring": "",
            "toprint": "",
            "yearlvl": ""
        },
        "model": "rgteaching.schoolvisit",
        "pk": 5450
    },
    {
        "fields": {
            "actual_status": 1,
            "event": 5450,
            "hours": 3,
            "rsvp_status": 0,
            "user": [
                "emilyl"
            ]
        },
        "model": "rgteaching.eventattendee",
        "pk": 53151
    },
    {
        "fields": {
            "high_boys_first": null,
            "high_boys_repeat": null,
            "high_girls_first": null,
            "high_girls_repeat": null,
            "notes": "",
            "other_boys_first": null,
            "other_boys_repeat": null,
            "other_girls_first": null,
            "other_girls_repeat": null,
            "primary_boys_first": null,
            "primary_boys_repeat": null,
            "primary_girls_first": 30,
            "primary_girls_repeat": null,
            "visit": 5450,
            "visit_type": 0
        },
        "model": "rgteaching.schoolvisitstats",
        "pk": 5988
    },
    {
        "fields": {
            "key": "maxuploadfilesize",
            "value": "10"
        },
        "model": "rgmessages.messagessettings",
        "pk": 1
    },
    {
        "fields": {
            "description": "Uni student",
            "order": 1,
            "public": true
        },
        "model": "rgmessages.subscribertype",
        "pk": 1
    },
    {
        "fields": {
            "description": "School student",
            "order": 2,
            "public": true
        },
        "model": "rgmessages.subscribertype",
        "pk": 2
    },
    {
        "fields": {
            "description": "Faculty",
            "order": 3,
            "public": true
        },
        "model": "rgmessages.subscribertype",
        "pk": 3
    },
    {
        "fields": {
            "description": "Corporate",
            "order": 4,
            "public": true
        },
        "model": "rgmessages.subscribertype",
        "pk": 4
    },
    {
        "fields": {
            "description": "Sponsor/Partner",
            "order": 5,
            "public": false
        },
        "model": "rgmessages.subscribertype",
        "pk": 5
    },
    {
        "fields": {
            "description": "Friend",
            "order": 6,
            "public": false
        },
        "model": "rgmessages.subscribertype",
        "pk": 6
    },
    {
        "fields": {
            "description": "Parent of school student",
            "order": 7,
            "public": true
        },
        "model": "rgmessages.subscribertype",
        "pk": 7
    },
    {
        "fields": {
            "description": "Other",
            "order": 8,
            "public": true
        },
        "model": "rgmessages.subscribertype",
        "pk": 8
    },
    {
        "fields": {
            "description": "Teacher",
            "order": 9,
            "public": true
        },
        "model": "rgmessages.subscribertype",
        "pk": 9
    },
    {
        "fields": {
            "chapter": null,
            "created_on": "2013-03-18T06:03:01Z",
            "exec_only": false,
            "name": "Robogals Public Square"
        },
        "model": "rgforums.category",
        "pk": 1
    },
    {
        "fields": {
            "chapter": 1,
            "created_on": "2013-03-18T06:11:35Z",
            "exec_only": true,
            "name": "Global Team Hangout"
        },
        "model": "rgforums.category",
        "pk": 2
    },
    {
        "fields": {
            "chapter": null,
            "created_on": "2014-08-21T00:20:31Z",
            "exec_only": false,
            "name": "Workshop Guidelines"
        },
        "model": "rgforums.category",
        "pk": 7
    },
    {
        "fields": {
            "blacklist": [],
            "category": 1,
            "created_by": [
                "edit"
            ],
            "created_on": "2013-03-18T06:05:02Z",
            "description": "<em>Curriculum and Lesson Sharing:</em> This forum focuses on discussions regarding session ideas, reviews of lessons, new topics, new ways of teaching and a place to share our lesson plans with each other!",
            "last_post_time": "2016-07-22T12:02:57Z",
            "last_post_user": null,
            "name": "The Classroom",
            "watchers": []
        },
        "model": "rgforums.forum",
        "pk": 1
    },
    {
        "fields": {
            "blacklist": [],
            "category": 1,
            "created_by": [
                "edit"
            ],
            "created_on": "2013-03-18T06:06:15Z",
            "description": "<em>Rural and regional trips:</em> A discussion board about the trips to rural areas.  This could include ideas, reviews, comments, feedback and most importantly: stories!",
            "last_post_time": "2013-05-13T06:46:01Z",
            "last_post_user": null,
            "name": "The Shearing Shed",
            "watchers": []
        },
        "model": "rgforums.forum",
        "pk": 3
    },
    {
        "fields": {
            "blacklist": [],
            "category": 1,
            "created_by": [
                "edit"
            ],
            "created_on": "2013-03-18T06:08:30Z",
            "description": "<em>Events:</em> Ideas forum for events, potential events, sharing checklists for events, links to photos and stories!  It is the place to be.",
            "last_post_time": "2013-06-03T22:57:47Z",
            "last_post_user": null,
            "name": "The Red Carpet",
            "watchers": []
        },
        "model": "rgforums.forum",
        "pk": 6
    },
    {
        "fields": {
            "blacklist": [],
            "category": 2,
            "created_by": [
                "edit"
            ],
            "created_on": "2013-03-18T06:12:02Z",
            "description": "A forum in which to criticise the city of Canberra and its inhabitants",
            "last_post_time": "2013-10-14T11:13:01Z",
            "last_post_user": null,
            "name": "Canberra-bashing",
            "watchers": []
        },
        "model": "rgforums.forum",
        "pk": 8
    },
    {
        "fields": {
            "blacklist": [],
            "category": 2,
            "created_by": [
                "edit"
            ],
            "created_on": "2013-04-17T05:43:35Z",
            "description": "Discussion about the SINE Video",
            "last_post_time": "2013-05-13T23:29:45Z",
            "last_post_user": null,
            "name": "SINE Video",
            "watchers": []
        },
        "model": "rgforums.forum",
        "pk": 10
    },
    {
        "fields": {
            "blacklist": [],
            "category": 1,
            "created_by": [
                "edit"
            ],
            "created_on": "2013-10-03T09:42:52Z",
            "description": "Give us your ideas on who we should contact for 2014's Judging Panel.. doesn't matter how known or unknown they are, if they're awesome name them, if you have thier contact details or their website etc. even better :) ... (Also sorry international chapters Australian only)",
            "last_post_time": "2013-10-08T06:03:16Z",
            "last_post_user": null,
            "name": "Robogals Science Challenge Judges 2014",
            "watchers": []
        },
        "model": "rgforums.forum",
        "pk": 17
    },
    {
        "fields": {
            "blacklist": [],
            "category": 7,
            "created_by": [
                "edit"
            ],
            "created_on": "2014-08-21T00:22:11Z",
            "description": "These Guidelines have been developed for all chapters to use when creating their workshops.  We would like to have consistency between workshops, so please have a look and let us know what you think!",
            "last_post_time": "2014-08-21T00:23:23Z",
            "last_post_user": null,
            "name": "2014 Workshop Guidelines",
            "watchers": []
        },
        "model": "rgforums.forum",
        "pk": 21
    },
    {
        "fields": {
            "key": "maxuploadfilesize",
            "value": "20"
        },
        "model": "rgforums.forumsettings",
        "pk": 1
    },
    {
        "fields": {
            "closed_msg": "This form is now closed. To add/modify/remove RSVPs please email sam@robogals.org",
            "committee_year": 2013,
            "custom1_label": "Towel",
            "custom1_setting": 1,
            "custom2_label": "Retreat Day 1",
            "custom2_setting": 1,
            "custom3_label": "Retreat Day 2",
            "custom3_setting": 1,
            "custom4_label": "",
            "custom4_setting": 0,
            "custom5_label": "",
            "custom5_setting": 0,
            "details": "",
            "early_rsvp_close": "2013-09-01T00:00:00Z",
            "enable_invoicing": true,
            "end_date": "2013-09-30",
            "host": 27,
            "late_rsvp_close": "2013-09-28T00:00:00Z",
            "name": "Robogals Asia Pacific SINE 2013",
            "policy": 0,
            "rsvp_close": "2013-09-07T23:59:00Z",
            "start_date": "2013-09-28",
            "timezone": 482,
            "timezone_desc": "Australian Eastern Standard Time (Sydney/Melbourne/Canberra)",
            "url": "http://www.robogals.org/about/sine/canberra2013"
        },
        "model": "rgconf.conference",
        "pk": 5
    },
    {
        "fields": {
            "format": "$%0.02f",
            "iso_code": "AUD",
            "name": "Australian dollar",
            "symbol": "$"
        },
        "model": "rgconf.conferencecurrency",
        "pk": 1
    },
    {
        "fields": {
            "format": "$%0.02f",
            "iso_code": "USD",
            "name": "US dollar",
            "symbol": "$"
        },
        "model": "rgconf.conferencecurrency",
        "pk": 2
    },
    {
        "fields": {
            "format": "\u00a3%0.02f",
            "iso_code": "GBP",
            "name": "Pound Sterling",
            "symbol": "\u00a3"
        },
        "model": "rgconf.conferencecurrency",
        "pk": 3
    },
    {
        "fields": {
            "conference": 5,
            "cost": "42.00",
            "currency": 1,
            "details": "",
            "gst_incl": true,
            "order": 3,
            "title": "Extra Accommodation: Tuesday (2nd Oct) Night"
        },
        "model": "rgconf.conferencepart",
        "pk": 10
    },
    {
        "fields": {
            "conference": 5,
            "cost": "42.00",
            "currency": 1,
            "details": "",
            "gst_incl": true,
            "order": 2,
            "title": "Extra Accommodation: Monday (1st Oct) Night"
        },
        "model": "rgconf.conferencepart",
        "pk": 11
    },
    {
        "fields": {
            "conference": 5,
            "cost": "50.00",
            "currency": 1,
            "details": "",
            "gst_incl": true,
            "order": 4,
            "title": "Retreat Day 1"
        },
        "model": "rgconf.conferencepart",
        "pk": 13
    },
    {
        "fields": {
            "conference": 5,
            "cost": "25.00",
            "currency": 1,
            "details": "",
            "gst_incl": true,
            "order": 5,
            "title": "Retreat Day 2"
        },
        "model": "rgconf.conferencepart",
        "pk": 14
    },
    {
        "fields": {
            "conference": 5,
            "cost": "2.00",
            "currency": 1,
            "details": "",
            "gst_incl": true,
            "order": 6,
            "title": "Towel Hire (at accommodation)"
        },
        "model": "rgconf.conferencepart",
        "pk": 15
    },
    {
        "fields": {
            "conference": 5,
            "cost": "42.00",
            "currency": 1,
            "details": "",
            "gst_incl": true,
            "order": 1,
            "title": "Extra Accommodation: Friday (27th Sept) Night"
        },
        "model": "rgconf.conferencepart",
        "pk": 16
    },
    {
        "fields": {
            "positionChapter": 1,
            "positionType": 14,
            "position_date_end": "2010-10-31",
            "position_date_start": "2009-10-01",
            "user": [
                "mark"
            ]
        },
        "model": "rgprofile.position",
        "pk": 82
    },
    {
        "fields": {
            "positionChapter": 1,
            "positionType": 23,
            "position_date_end": "2011-08-13",
            "position_date_start": "2010-11-01",
            "user": [
                "mark"
            ]
        },
        "model": "rgprofile.position",
        "pk": 127
    },
    {
        "fields": {
            "positionChapter": 1,
            "positionType": 32,
            "position_date_end": "2011-12-31",
            "position_date_start": "2011-06-18",
            "user": [
                "munxin"
            ]
        },
        "model": "rgprofile.position",
        "pk": 181
    },
    {
        "fields": {
            "positionChapter": 1,
            "positionType": 35,
            "position_date_end": "2012-12-31",
            "position_date_start": "2008-07-14",
            "user": [
                "marita"
            ]
        },
        "model": "rgprofile.position",
        "pk": 186
    },
    {
        "fields": {
            "positionChapter": 1,
            "positionType": 34,
            "position_date_end": "2012-12-31",
            "position_date_start": "2011-08-14",
            "user": [
                "mark"
            ]
        },
        "model": "rgprofile.position",
        "pk": 187
    },
    {
        "fields": {
            "positionChapter": 22,
            "positionType": 6,
            "position_date_end": null,
            "position_date_start": "2012-02-25",
            "user": [
                "dohee"
            ]
        },
        "model": "rgprofile.position",
        "pk": 269
    },
    {
        "fields": {
            "positionChapter": 22,
            "positionType": 36,
            "position_date_end": null,
            "position_date_start": "2012-02-25",
            "user": [
                "margaux"
            ]
        },
        "model": "rgprofile.position",
        "pk": 271
    },
    {
        "fields": {
            "positionChapter": 20,
            "positionType": 28,
            "position_date_end": "2013-04-19",
            "position_date_start": "2012-03-19",
            "user": [
                "deanna"
            ]
        },
        "model": "rgprofile.position",
        "pk": 297
    },
    {
        "fields": {
            "positionChapter": 1,
            "positionType": 32,
            "position_date_end": "2013-09-30",
            "position_date_start": "2012-08-07",
            "user": [
                "munxin"
            ]
        },
        "model": "rgprofile.position",
        "pk": 322
    },
    {
        "fields": {
            "positionChapter": 3,
            "positionType": 62,
            "position_date_end": "2012-12-31",
            "position_date_start": "2012-08-11",
            "user": [
                "caitie"
            ]
        },
        "model": "rgprofile.position",
        "pk": 323
    },
    {
        "fields": {
            "positionChapter": 1,
            "positionType": 32,
            "position_date_end": "2013-09-30",
            "position_date_start": "2012-08-11",
            "user": [
                "suhashiw"
            ]
        },
        "model": "rgprofile.position",
        "pk": 327
    },
    {
        "fields": {
            "positionChapter": 1,
            "positionType": 32,
            "position_date_end": "2013-09-30",
            "position_date_start": "2012-12-04",
            "user": [
                "caitie"
            ]
        },
        "model": "rgprofile.position",
        "pk": 381
    },
    {
        "fields": {
            "positionChapter": 1,
            "positionType": 72,
            "position_date_end": null,
            "position_date_start": "2013-01-01",
            "user": [
                "mark"
            ]
        },
        "model": "rgprofile.position",
        "pk": 387
    },
    {
        "fields": {
            "positionChapter": 1,
            "positionType": 73,
            "position_date_end": null,
            "position_date_start": "2013-01-01",
            "user": [
                "marita"
            ]
        },
        "model": "rgprofile.position",
        "pk": 388
    },
    {
        "fields": {
            "positionChapter": 1,
            "positionType": 71,
            "position_date_end": null,
            "position_date_start": "2013-01-01",
            "user": [
                "jamie"
            ]
        },
        "model": "rgprofile.position",
        "pk": 393
    },
    {
        "fields": {
            "positionChapter": 22,
            "positionType": 38,
            "position_date_end": null,
            "position_date_start": "2013-04-01",
            "user": [
                "vh"
            ]
        },
        "model": "rgprofile.position",
        "pk": 439
    },
    {
        "fields": {
            "positionChapter": 22,
            "positionType": 36,
            "position_date_end": "2013-12-03",
            "position_date_start": "2013-04-01",
            "user": [
                "mkeehan"
            ]
        },
        "model": "rgprofile.position",
        "pk": 440
    },
    {
        "fields": {
            "positionChapter": 20,
            "positionType": 62,
            "position_date_end": "2014-08-03",
            "position_date_start": "2013-04-19",
            "user": [
                "caitie"
            ]
        },
        "model": "rgprofile.position",
        "pk": 442
    },
    {
        "fields": {
            "positionChapter": 2,
            "positionType": 84,
            "position_date_end": "2014-05-20",
            "position_date_start": "2013-09-30",
            "user": [
                "caitie"
            ]
        },
        "model": "rgprofile.position",
        "pk": 466
    },
    {
        "fields": {
            "positionChapter": 2,
            "positionType": 84,
            "position_date_end": "2014-05-20",
            "position_date_start": "2013-09-30",
            "user": [
                "suhashiw"
            ]
        },
        "model": "rgprofile.position",
        "pk": 495
    },
    {
        "fields": {
            "positionChapter": 22,
            "positionType": 1,
            "position_date_end": null,
            "position_date_start": "2013-12-03",
            "user": [
                "mkeehan"
            ]
        },
        "model": "rgprofile.position",
        "pk": 546
    },
    {
        "fields": {
            "positionChapter": 22,
            "positionType": 2,
            "position_date_end": null,
            "position_date_start": "2013-12-03",
            "user": [
                "kc"
            ]
        },
        "model": "rgprofile.position",
        "pk": 547
    },
    {
        "fields": {
            "positionChapter": 45,
            "positionType": 38,
            "position_date_end": null,
            "position_date_start": "2013-12-03",
            "user": [
                "JenniferW"
            ]
        },
        "model": "rgprofile.position",
        "pk": 548
    },
    {
        "fields": {
            "positionChapter": 45,
            "positionType": 1,
            "position_date_end": "2014-05-18",
            "position_date_start": "2013-12-03",
            "user": [
                "nproulx"
            ]
        },
        "model": "rgprofile.position",
        "pk": 550
    },
    {
        "fields": {
            "positionChapter": 45,
            "positionType": 5,
            "position_date_end": "2015-02-01",
            "position_date_start": "2013-12-03",
            "user": [
                "DaisyL"
            ]
        },
        "model": "rgprofile.position",
        "pk": 552
    },
    {
        "fields": {
            "positionChapter": 22,
            "positionType": 5,
            "position_date_end": null,
            "position_date_start": "2013-12-03",
            "user": [
                "jdp"
            ]
        },
        "model": "rgprofile.position",
        "pk": 553
    },
    {
        "fields": {
            "positionChapter": 21,
            "positionType": 44,
            "position_date_end": null,
            "position_date_start": "2014-05-19",
            "user": [
                "nproulx"
            ]
        },
        "model": "rgprofile.position",
        "pk": 638
    },
    {
        "fields": {
            "positionChapter": 2,
            "positionType": 99,
            "position_date_end": "2014-12-01",
            "position_date_start": "2014-05-20",
            "user": [
                "munxin"
            ]
        },
        "model": "rgprofile.position",
        "pk": 647
    },
    {
        "fields": {
            "positionChapter": 2,
            "positionType": 94,
            "position_date_end": "2014-07-11",
            "position_date_start": "2014-05-20",
            "user": [
                "suhashiw"
            ]
        },
        "model": "rgprofile.position",
        "pk": 648
    },
    {
        "fields": {
            "positionChapter": 2,
            "positionType": 98,
            "position_date_end": "2018-03-13",
            "position_date_start": "2014-05-20",
            "user": [
                "caitie"
            ]
        },
        "model": "rgprofile.position",
        "pk": 654
    },
    {
        "fields": {
            "positionChapter": 9,
            "positionType": 1,
            "position_date_end": null,
            "position_date_start": "2014-06-27",
            "user": [
                "karen"
            ]
        },
        "model": "rgprofile.position",
        "pk": 661
    },
    {
        "fields": {
            "positionChapter": 3,
            "positionType": 6,
            "position_date_end": "2015-09-24",
            "position_date_start": "2014-10-15",
            "user": [
                "Qalissa"
            ]
        },
        "model": "rgprofile.position",
        "pk": 716
    },
    {
        "fields": {
            "positionChapter": 45,
            "positionType": 37,
            "position_date_end": null,
            "position_date_start": "2015-02-01",
            "user": [
                "AlexG"
            ]
        },
        "model": "rgprofile.position",
        "pk": 745
    },
    {
        "fields": {
            "positionChapter": 45,
            "positionType": 103,
            "position_date_end": null,
            "position_date_start": "2015-02-01",
            "user": [
                "DaisyL"
            ]
        },
        "model": "rgprofile.position",
        "pk": 746
    },
    {
        "fields": {
            "positionChapter": 45,
            "positionType": 36,
            "position_date_end": "2016-04-30",
            "position_date_start": "2015-02-01",
            "user": [
                "DominiqueF"
            ]
        },
        "model": "rgprofile.position",
        "pk": 748
    },
    {
        "fields": {
            "positionChapter": 8,
            "positionType": 44,
            "position_date_end": null,
            "position_date_start": "2015-04-16",
            "user": [
                "ncheung"
            ]
        },
        "model": "rgprofile.position",
        "pk": 808
    },
    {
        "fields": {
            "positionChapter": 3,
            "positionType": 1,
            "position_date_end": "2016-10-01",
            "position_date_start": "2015-09-24",
            "user": [
                "Qalissa"
            ]
        },
        "model": "rgprofile.position",
        "pk": 870
    },
    {
        "fields": {
            "positionChapter": 14,
            "positionType": 1,
            "position_date_end": null,
            "position_date_start": "2016-04-02",
            "user": [
                "Cyndi"
            ]
        },
        "model": "rgprofile.position",
        "pk": 928
    },
    {
        "fields": {
            "positionChapter": 21,
            "positionType": 83,
            "position_date_end": null,
            "position_date_start": "2016-06-01",
            "user": [
                "Kj97"
            ]
        },
        "model": "rgprofile.position",
        "pk": 955
    },
    {
        "fields": {
            "positionChapter": 45,
            "positionType": 1,
            "position_date_end": null,
            "position_date_start": "2016-05-01",
            "user": [
                "DominiqueF"
            ]
        },
        "model": "rgprofile.position",
        "pk": 957
    },
    {
        "fields": {
            "positionChapter": 27,
            "positionType": 1,
            "position_date_end": "2020-02-01",
            "position_date_start": "2016-10-25",
            "user": [
                "morganm"
            ]
        },
        "model": "rgprofile.position",
        "pk": 997
    },
    {
        "fields": {
            "positionChapter": 27,
            "positionType": 36,
            "position_date_end": "2020-04-30",
            "position_date_start": "2016-10-25",
            "user": [
                "lb"
            ]
        },
        "model": "rgprofile.position",
        "pk": 999
    },
    {
        "fields": {
            "positionChapter": 27,
            "positionType": 2,
            "position_date_end": "2020-04-30",
            "position_date_start": "2016-10-25",
            "user": [
                "canberrasecretary"
            ]
        },
        "model": "rgprofile.position",
        "pk": 1001
    },
    {
        "fields": {
            "positionChapter": 27,
            "positionType": 42,
            "position_date_end": "2020-04-30",
            "position_date_start": "2016-10-25",
            "user": [
                "Teresa"
            ]
        },
        "model": "rgprofile.position",
        "pk": 1003
    },
    {
        "fields": {
            "positionChapter": 27,
            "positionType": 38,
            "position_date_end": "2020-04-30",
            "position_date_start": "2016-10-25",
            "user": [
                "njha"
            ]
        },
        "model": "rgprofile.position",
        "pk": 1004
    },
    {
        "fields": {
            "positionChapter": 2,
            "positionType": 17,
            "position_date_end": "2018-09-22",
            "position_date_start": "2016-10-01",
            "user": [
                "Qalissa"
            ]
        },
        "model": "rgprofile.position",
        "pk": 1024
    },
    {
        "fields": {
            "positionChapter": 2,
            "positionType": 83,
            "position_date_end": "2018-09-22",
            "position_date_start": "2017-08-24",
            "user": [
                "lachlanh"
            ]
        },
        "model": "rgprofile.position",
        "pk": 1033
    },
    {
        "fields": {
            "positionChapter": 1,
            "positionType": 100,
            "position_date_end": null,
            "position_date_start": "2018-03-13",
            "user": [
                "caitie"
            ]
        },
        "model": "rgprofile.position",
        "pk": 1074
    },
    {
        "fields": {
            "positionChapter": 8,
            "positionType": 81,
            "position_date_end": null,
            "position_date_start": "2018-03-17",
            "user": [
                "anjalit"
            ]
        },
        "model": "rgprofile.position",
        "pk": 1082
    },
    {
        "fields": {
            "positionChapter": 3,
            "positionType": 36,
            "position_date_end": "2019-09-28",
            "position_date_start": "2018-07-12",
            "user": [
                "emilyl"
            ]
        },
        "model": "rgprofile.position",
        "pk": 1085
    },
    {
        "fields": {
            "positionChapter": 2,
            "positionType": 116,
            "position_date_end": null,
            "position_date_start": "2018-09-22",
            "user": [
                "katel"
            ]
        },
        "model": "rgprofile.position",
        "pk": 1135
    },
    {
        "fields": {
            "positionChapter": 2,
            "positionType": 81,
            "position_date_end": null,
            "position_date_start": "2018-09-22",
            "user": [
                "Qalissa"
            ]
        },
        "model": "rgprofile.position",
        "pk": 1137
    },
    {
        "fields": {
            "positionChapter": 2,
            "positionType": 121,
            "position_date_end": "2019-03-04",
            "position_date_start": "2018-09-22",
            "user": [
                "lachlanh"
            ]
        },
        "model": "rgprofile.position",
        "pk": 1138
    },
    {
        "fields": {
            "positionChapter": 3,
            "positionType": 1,
            "position_date_end": null,
            "position_date_start": "2019-09-29",
            "user": [
                "emilyl"
            ]
        },
        "model": "rgprofile.position",
        "pk": 1156
    },
    {
        "fields": {
            "positionChapter": 3,
            "positionType": 38,
            "position_date_end": null,
            "position_date_start": "2019-09-29",
            "user": [
                "sandy"
            ]
        },
        "model": "rgprofile.position",
        "pk": 1157
    },
    {
        "fields": {
            "positionChapter": 1,
            "positionType": 71,
            "position_date_end": "2018-07-01",
            "position_date_start": "2015-09-01",
            "user": [
                "dayle"
            ]
        },
        "model": "rgprofile.position",
        "pk": 1165
    },
    {
        "fields": {
            "positionChapter": 1,
            "positionType": 74,
            "position_date_end": null,
            "position_date_start": "2018-07-01",
            "user": [
                "dayle"
            ]
        },
        "model": "rgprofile.position",
        "pk": 1166
    },
    {
        "fields": {
            "positionChapter": 27,
            "positionType": 123,
            "position_date_end": "2020-04-30",
            "position_date_start": "2019-03-01",
            "user": [
                "olivia"
            ]
        },
        "model": "rgprofile.position",
        "pk": 1174
    },
    {
        "fields": {
            "positionChapter": 27,
            "positionType": 38,
            "position_date_end": null,
            "position_date_start": "2019-07-01",
            "user": [
                "anakhab"
            ]
        },
        "model": "rgprofile.position",
        "pk": 1175
    },
    {
        "fields": {
            "positionChapter": 1,
            "positionType": 76,
            "position_date_end": null,
            "position_date_start": "2019-11-01",
            "user": [
                "ldc"
            ]
        },
        "model": "rgprofile.position",
        "pk": 1185
    },
    {
        "fields": {
            "positionChapter": 1,
            "positionType": 70,
            "position_date_end": null,
            "position_date_start": "2020-02-01",
            "user": [
                "morganm"
            ]
        },
        "model": "rgprofile.position",
        "pk": 1201
    },
    {
        "fields": {
            "positionChapter": 27,
            "positionType": 1,
            "position_date_end": null,
            "position_date_start": "2020-05-01",
            "user": [
                "Robogals_Canberra_President"
            ]
        },
        "model": "rgprofile.position",
        "pk": 1214
    },
    {
        "fields": {
            "positionChapter": 27,
            "positionType": 126,
            "position_date_end": "2020-08-16",
            "position_date_start": "2020-05-01",
            "user": [
                "Robogals_Canberra_Workshops"
            ]
        },
        "model": "rgprofile.position",
        "pk": 1220
    },
    {
        "fields": {
            "positionChapter": 2,
            "positionType": 42,
            "position_date_end": null,
            "position_date_start": "2020-05-01",
            "user": [
                "Robogals_Canberra_Workshops"
            ]
        },
        "model": "rgprofile.position",
        "pk": 1221
    },
    {
        "fields": {
            "positionChapter": 27,
            "positionType": 38,
            "position_date_end": null,
            "position_date_start": "2020-05-01",
            "user": [
                "Robogals_Canberra_Training"
            ]
        },
        "model": "rgprofile.position",
        "pk": 1227
    },
    {
        "fields": {
            "statusType": 1,
            "status_date_end": null,
            "status_date_start": "2008-07-14",
            "user": [
                "mark"
            ]
        },
        "model": "rgprofile.memberstatus",
        "pk": 1
    },
    {
        "fields": {
            "statusType": 1,
            "status_date_end": null,
            "status_date_start": "2008-07-14",
            "user": [
                "marita"
            ]
        },
        "model": "rgprofile.memberstatus",
        "pk": 6
    },
    {
        "fields": {
            "statusType": 5,
            "status_date_end": null,
            "status_date_start": "2008-07-14",
            "user": [
                "edit"
            ]
        },
        "model": "rgprofile.memberstatus",
        "pk": 127
    },
    {
        "fields": {
            "statusType": 1,
            "status_date_end": null,
            "status_date_start": "2008-07-14",
            "user": [
                "munxin"
            ]
        },
        "model": "rgprofile.memberstatus",
        "pk": 310
    },
    {
        "fields": {
            "statusType": 1,
            "status_date_end": null,
            "status_date_start": "2011-08-10",
            "user": [
                "effie"
            ]
        },
        "model": "rgprofile.memberstatus",
        "pk": 629
    },
    {
        "fields": {
            "statusType": 1,
            "status_date_end": null,
            "status_date_start": "2011-08-10",
            "user": [
                "amandam"
            ]
        },
        "model": "rgprofile.memberstatus",
        "pk": 643
    },
    {
        "fields": {
            "statusType": 1,
            "status_date_end": null,
            "status_date_start": "2012-02-25",
            "user": [
                "margaux"
            ]
        },
        "model": "rgprofile.memberstatus",
        "pk": 1508
    },
    {
        "fields": {
            "statusType": 1,
            "status_date_end": null,
            "status_date_start": "2012-02-25",
            "user": [
                "dohee"
            ]
        },
        "model": "rgprofile.memberstatus",
        "pk": 1510
    },
    {
        "fields": {
            "statusType": 1,
            "status_date_end": null,
            "status_date_start": "2012-03-19",
            "user": [
                "deanna"
            ]
        },
        "model": "rgprofile.memberstatus",
        "pk": 2022
    },
    {
        "fields": {
            "statusType": 1,
            "status_date_end": null,
            "status_date_start": "2012-08-11",
            "user": [
                "caitie"
            ]
        },
        "model": "rgprofile.memberstatus",
        "pk": 2360
    },
    {
        "fields": {
            "statusType": 1,
            "status_date_end": null,
            "status_date_start": "2012-08-11",
            "user": [
                "suhashiw"
            ]
        },
        "model": "rgprofile.memberstatus",
        "pk": 2361
    },
    {
        "fields": {
            "statusType": 1,
            "status_date_end": null,
            "status_date_start": "2008-07-14",
            "user": [
                "jamie"
            ]
        },
        "model": "rgprofile.memberstatus",
        "pk": 2737
    },
    {
        "fields": {
            "statusType": 1,
            "status_date_end": null,
            "status_date_start": "2013-03-05",
            "user": [
                "Qalissa"
            ]
        },
        "model": "rgprofile.memberstatus",
        "pk": 3196
    },
    {
        "fields": {
            "statusType": 1,
            "status_date_end": null,
            "status_date_start": "2013-04-04",
            "user": [
                "vh"
            ]
        },
        "model": "rgprofile.memberstatus",
        "pk": 3363
    },
    {
        "fields": {
            "statusType": 1,
            "status_date_end": null,
            "status_date_start": "2013-04-12",
            "user": [
                "mkeehan"
            ]
        },
        "model": "rgprofile.memberstatus",
        "pk": 3374
    },
    {
        "fields": {
            "statusType": 1,
            "status_date_end": null,
            "status_date_start": "2013-11-26",
            "user": [
                "JenniferW"
            ]
        },
        "model": "rgprofile.memberstatus",
        "pk": 4173
    },
    {
        "fields": {
            "statusType": 1,
            "status_date_end": null,
            "status_date_start": "2013-11-26",
            "user": [
                "DaisyL"
            ]
        },
        "model": "rgprofile.memberstatus",
        "pk": 4174
    },
    {
        "fields": {
            "statusType": 1,
            "status_date_end": null,
            "status_date_start": "2013-11-27",
            "user": [
                "nproulx"
            ]
        },
        "model": "rgprofile.memberstatus",
        "pk": 4175
    },
    {
        "fields": {
            "statusType": 1,
            "status_date_end": null,
            "status_date_start": "2013-12-02",
            "user": [
                "kc"
            ]
        },
        "model": "rgprofile.memberstatus",
        "pk": 4178
    },
    {
        "fields": {
            "statusType": 1,
            "status_date_end": null,
            "status_date_start": "2013-12-03",
            "user": [
                "jdp"
            ]
        },
        "model": "rgprofile.memberstatus",
        "pk": 4181
    },
    {
        "fields": {
            "statusType": 1,
            "status_date_end": null,
            "status_date_start": "2013-12-12",
            "user": [
                "karen"
            ]
        },
        "model": "rgprofile.memberstatus",
        "pk": 4196
    },
    {
        "fields": {
            "statusType": 1,
            "status_date_end": null,
            "status_date_start": "2014-03-23",
            "user": [
                "AlexG"
            ]
        },
        "model": "rgprofile.memberstatus",
        "pk": 4826
    },
    {
        "fields": {
            "statusType": 1,
            "status_date_end": null,
            "status_date_start": "2014-11-08",
            "user": [
                "ami"
            ]
        },
        "model": "rgprofile.memberstatus",
        "pk": 5523
    },
    {
        "fields": {
            "statusType": 1,
            "status_date_end": null,
            "status_date_start": "2015-01-12",
            "user": [
                "ldc"
            ]
        },
        "model": "rgprofile.memberstatus",
        "pk": 5640
    },
    {
        "fields": {
            "statusType": 1,
            "status_date_end": null,
            "status_date_start": "2015-01-13",
            "user": [
                "Kj97"
            ]
        },
        "model": "rgprofile.memberstatus",
        "pk": 5644
    },
    {
        "fields": {
            "statusType": 1,
            "status_date_end": null,
            "status_date_start": "2015-01-25",
            "user": [
                "DominiqueF"
            ]
        },
        "model": "rgprofile.memberstatus",
        "pk": 5662
    },
    {
        "fields": {
            "statusType": 1,
            "status_date_end": null,
            "status_date_start": "2015-02-12",
            "user": [
                "lb"
            ]
        },
        "model": "rgprofile.memberstatus",
        "pk": 5801
    },
    {
        "fields": {
            "statusType": 1,
            "status_date_end": null,
            "status_date_start": "2015-04-01",
            "user": [
                "amyt"
            ]
        },
        "model": "rgprofile.memberstatus",
        "pk": 6328
    },
    {
        "fields": {
            "statusType": 1,
            "status_date_end": null,
            "status_date_start": "2015-04-01",
            "user": [
                "ncheung"
            ]
        },
        "model": "rgprofile.memberstatus",
        "pk": 6329
    },
    {
        "fields": {
            "statusType": 1,
            "status_date_end": null,
            "status_date_start": "2015-10-02",
            "user": [
                "Teresa"
            ]
        },
        "model": "rgprofile.memberstatus",
        "pk": 6715
    },
    {
        "fields": {
            "statusType": 1,
            "status_date_end": null,
            "status_date_start": "2016-02-09",
            "user": [
                "Cyndi"
            ]
        },
        "model": "rgprofile.memberstatus",
        "pk": 6912
    },
    {
        "fields": {
            "statusType": 1,
            "status_date_end": null,
            "status_date_start": "2016-03-29",
            "user": [
                "morganm"
            ]
        },
        "model": "rgprofile.memberstatus",
        "pk": 7335
    },
    {
        "fields": {
            "statusType": 1,
            "status_date_end": null,
            "status_date_start": "2016-09-30",
            "user": [
                "AnnG"
            ]
        },
        "model": "rgprofile.memberstatus",
        "pk": 7603
    },
    {
        "fields": {
            "statusType": 1,
            "status_date_end": null,
            "status_date_start": "2016-10-25",
            "user": [
                "canberrasecretary"
            ]
        },
        "model": "rgprofile.memberstatus",
        "pk": 7694
    },
    {
        "fields": {
            "statusType": 1,
            "status_date_end": null,
            "status_date_start": "2016-10-25",
            "user": [
                "njha"
            ]
        },
        "model": "rgprofile.memberstatus",
        "pk": 7696
    },
    {
        "fields": {
            "statusType": 1,
            "status_date_end": null,
            "status_date_start": "2017-03-09",
            "user": [
                "xl"
            ]
        },
        "model": "rgprofile.memberstatus",
        "pk": 7923
    },
    {
        "fields": {
            "statusType": 1,
            "status_date_end": null,
            "status_date_start": "2017-06-21",
            "user": [
                "emilyl"
            ]
        },
        "model": "rgprofile.memberstatus",
        "pk": 8039
    },
    {
        "fields": {
            "statusType": 1,
            "status_date_end": null,
            "status_date_start": "2017-09-24",
            "user": [
                "lachlanh"
            ]
        },
        "model": "rgprofile.memberstatus",
        "pk": 8142
    },
    {
        "fields": {
            "statusType": 1,
            "status_date_end": null,
            "status_date_start": "2017-09-27",
            "user": [
                "anjalit"
            ]
        },
        "model": "rgprofile.memberstatus",
        "pk": 8149
    },
    {
        "fields": {
            "statusType": 1,
            "status_date_end": null,
            "status_date_start": "2017-10-08",
            "user": [
                "andrap"
            ]
        },
        "model": "rgprofile.memberstatus",
        "pk": 8159
    },
    {
        "fields": {
            "statusType": 1,
            "status_date_end": null,
            "status_date_start": "2019-01-14",
            "user": [
                "olivia"
            ]
        },
        "model": "rgprofile.memberstatus",
        "pk": 8781
    },
    {
        "fields": {
            "statusType": 1,
            "status_date_end": null,
            "status_date_start": "2019-03-04",
            "user": [
                "katel"
            ]
        },
        "model": "rgprofile.memberstatus",
        "pk": 8811
    },
    {
        "fields": {
            "statusType": 1,
            "status_date_end": null,
            "status_date_start": "2019-09-29",
            "user": [
                "sandy"
            ]
        },
        "model": "rgprofile.memberstatus",
        "pk": 9109
    },
    {
        "fields": {
            "statusType": 1,
            "status_date_end": null,
            "status_date_start": "2019-09-29",
            "user": [
                "dayle"
            ]
        },
        "model": "rgprofile.memberstatus",
        "pk": 9110
    },
    {
        "fields": {
            "statusType": 1,
            "status_date_end": null,
            "status_date_start": "2019-09-29",
            "user": [
                "anakhab"
            ]
        },
        "model": "rgprofile.memberstatus",
        "pk": 9115
    },
    {
        "fields": {
            "statusType": 1,
            "status_date_end": null,
            "status_date_start": "2020-04-07",
            "user": [
                "Robogals_Canberra_Treasurer"
            ]
        },
        "model": "rgprofile.memberstatus",
        "pk": 9244
    },
    {
        "fields": {
            "statusType": 1,
            "status_date_end": null,
            "status_date_start": "2020-04-08",
            "user": [
                "Robogals_Canberra_Secretary"
            ]
        },
        "model": "rgprofile.memberstatus",
        "pk": 9245
    },
    {
        "fields": {
            "statusType": 1,
            "status_date_end": null,
            "status_date_start": "2020-04-08",
            "user": [
                "Robogals_Canberra_President"
            ]
        },
        "model": "rgprofile.memberstatus",
        "pk": 9247
    },
    {
        "fields": {
            "statusType": 1,
            "status_date_end": null,
            "status_date_start": "2020-04-08",
            "user": [
                "Robogals_Canberra_Workshops"
            ]
        },
        "model": "rgprofile.memberstatus",
        "pk": 9248
    },
    {
        "fields": {
            "statusType": 1,
            "status_date_end": null,
            "status_date_start": "2020-04-10",
            "user": [
                "Robogals_Canberra_Training"
            ]
        },
        "model": "rgprofile.memberstatus",
        "pk": 9254
    },
    {
        "fields": {
            "action_flag": 2,
            "action_time": "2020-08-17T12:30:05Z",
            "change_message": "Changed is_superuser.",
            "content_type": [
                "rgprofile",
                "user"
            ],
            "object_id": "7125",
            "object_repr": "xl",
            "user": [
                "mark"
            ]
        },
        "model": "admin.logentry",
        "pk": 1
    },
    {
        "fields": {
            "action_flag": 2,
            "action_time": "2020-08-17T12:31:30Z",
            "change_message": "Changed infobox.",
            "content_type": [
                "rgchapter",
                "chapter"
            ],
            "object_id": "1",
            "object_repr": "Robogals Global",
            "user": [
                "mark"
            ]
        },
        "model": "admin.logentry",
        "pk": 2
    },
    {
        "fields": {
            "action_flag": 3,
            "action_time": "2020-08-17T12:31:47Z",
            "change_message": "",
            "content_type": [
                "rgprofile",
                "user"
            ],
            "object_id": "7262",
            "object_repr": "carinel",
            "user": [
                "mark"
            ]
        },
        "model": "admin.logentry",
        "pk": 3
    },
    {
        "fields": {
            "action_flag": 2,
            "action_time": "2020-08-17T12:31:59Z",
            "change_message": "Deleted position \"Development Manager, Robogals Global (Oct 2019 - present)\".",
            "content_type": [
                "rgprofile",
                "user"
            ],
            "object_id": "5073",
            "object_repr": "ldc",
            "user": [
                "mark"
            ]
        },
        "model": "admin.logentry",
        "pk": 4
    },
    {
        "fields": {
            "action_flag": 2,
            "action_time": "2020-08-17T12:32:18Z",
            "change_message": "Changed positionChapter for position \"Regional Executive Officer, Robogals EMEA (Mar 2018 - present)\".",
            "content_type": [
                "rgprofile",
                "user"
            ],
            "object_id": "7340",
            "object_repr": "anjalit",
            "user": [
                "mark"
            ]
        },
        "model": "admin.logentry",
        "pk": 5
    },
    {
        "fields": {
            "action_flag": 2,
            "action_time": "2020-08-17T12:36:49Z",
            "change_message": "Changed positionType for position \"President, Robogals London (Jun 2014 - present)\".",
            "content_type": [
                "rgprofile",
                "user"
            ],
            "object_id": "3677",
            "object_repr": "karen",
            "user": [
                "mark"
            ]
        },
        "model": "admin.logentry",
        "pk": 6
    },
    {
        "fields": {
            "action_flag": 2,
            "action_time": "2020-08-17T12:37:14Z",
            "change_message": "Changed positionType for position \"President, Robogals Manchester (Apr 2016 - present)\".",
            "content_type": [
                "rgprofile",
                "user"
            ],
            "object_id": "6263",
            "object_repr": "Cyndi",
            "user": [
                "mark"
            ]
        },
        "model": "admin.logentry",
        "pk": 7
    },
    {
        "fields": {
            "action_flag": 2,
            "action_time": "2020-08-17T12:37:43Z",
            "change_message": "Changed is_staff and chapter. Deleted position \"Secretary & Treasurer, Robogals EMEA (Apr 2015 - present)\".",
            "content_type": [
                "rgprofile",
                "user"
            ],
            "object_id": "5739",
            "object_repr": "amyt",
            "user": [
                "mark"
            ]
        },
        "model": "admin.logentry",
        "pk": 8
    },
    {
        "fields": {
            "action_flag": 2,
            "action_time": "2020-08-17T12:38:54Z",
            "change_message": "Changed password.",
            "content_type": [
                "rgprofile",
                "user"
            ],
            "object_id": "7237",
            "object_repr": "emilyl",
            "user": [
                "mark"
            ]
        },
        "model": "admin.logentry",
        "pk": 9
    }
]
