[{"pk": 0, "model": "auth.timezone", "fields": {"description": "Etc/UTC"}}, {"pk": 1, "model": "auth.timezone", "fields": {"description": "GB"}}, {"pk": 2, "model": "auth.timezone", "fields": {"description": "NZ"}}, {"pk": 3, "model": "auth.timezone", "fields": {"description": "US/Alaska"}}, {"pk": 4, "model": "auth.timezone", "fields": {"description": "US/Pacific"}}, {"pk": 5, "model": "auth.timezone", "fields": {"description": "US/Hawaii"}}, {"pk": 6, "model": "auth.timezone", "fields": {"description": "US/Samoa"}}, {"pk": 7, "model": "auth.timezone", "fields": {"description": "US/Michigan"}}, {"pk": 8, "model": "auth.timezone", "fields": {"description": "US/Arizona"}}, {"pk": 9, "model": "auth.timezone", "fields": {"description": "US/Mountain"}}, {"pk": 10, "model": "auth.timezone", "fields": {"description": "US/Central"}}, {"pk": 11, "model": "auth.timezone", "fields": {"description": "US/East-Indiana"}}, {"pk": 12, "model": "auth.timezone", "fields": {"description": "US/Pacific-New"}}, {"pk": 13, "model": "auth.timezone", "fields": {"description": "US/Aleutian"}}, {"pk": 14, "model": "auth.timezone", "fields": {"description": "US/Eastern"}}, {"pk": 15, "model": "auth.timezone", "fields": {"description": "US/Indiana-Starke"}}, {"pk": 16, "model": "auth.timezone", "fields": {"description": "CET"}}, {"pk": 17, "model": "auth.timezone", "fields": {"description": "EET"}}, {"pk": 18, "model": "auth.timezone", "fields": {"description": "EST"}}, {"pk": 19, "model": "auth.timezone", "fields": {"description": "GMT"}}, {"pk": 20, "model": "auth.timezone", "fields": {"description": "HST"}}, {"pk": 21, "model": "auth.timezone", "fields": {"description": "Etc/GMT"}}, {"pk": 22, "model": "auth.timezone", "fields": {"description": "Etc/UCT"}}, {"pk": 23, "model": "auth.timezone", "fields": {"description": "Etc/GMT0"}}, {"pk": 24, "model": "auth.timezone", "fields": {"description": "Etc/Zulu"}}, {"pk": 25, "model": "auth.timezone", "fields": {"description": "Etc/GMT+10"}}, {"pk": 26, "model": "auth.timezone", "fields": {"description": "Etc/GMT+11"}}, {"pk": 27, "model": "auth.timezone", "fields": {"description": "Etc/GMT+12"}}, {"pk": 28, "model": "auth.timezone", "fields": {"description": "Etc/GMT-10"}}, {"pk": 29, "model": "auth.timezone", "fields": {"description": "Etc/GMT-11"}}, {"pk": 30, "model": "auth.timezone", "fields": {"description": "Etc/GMT-12"}}, {"pk": 31, "model": "auth.timezone", "fields": {"description": "Etc/GMT-13"}}, {"pk": 32, "model": "auth.timezone", "fields": {"description": "Etc/GMT-14"}}, {"pk": 33, "model": "auth.timezone", "fields": {"description": "Etc/Universal"}}, {"pk": 34, "model": "auth.timezone", "fields": {"description": "Etc/GMT+0"}}, {"pk": 35, "model": "auth.timezone", "fields": {"description": "Etc/GMT+1"}}, {"pk": 36, "model": "auth.timezone", "fields": {"description": "Etc/GMT+2"}}, {"pk": 37, "model": "auth.timezone", "fields": {"description": "Etc/GMT+3"}}, {"pk": 38, "model": "auth.timezone", "fields": {"description": "Etc/GMT+4"}}, {"pk": 39, "model": "auth.timezone", "fields": {"description": "Etc/GMT+5"}}, {"pk": 40, "model": "auth.timezone", "fields": {"description": "Etc/GMT+6"}}, {"pk": 41, "model": "auth.timezone", "fields": {"description": "Etc/GMT+7"}}, {"pk": 42, "model": "auth.timezone", "fields": {"description": "Etc/GMT+8"}}, {"pk": 43, "model": "auth.timezone", "fields": {"description": "Etc/GMT+9"}}, {"pk": 44, "model": "auth.timezone", "fields": {"description": "Etc/GMT-0"}}, {"pk": 45, "model": "auth.timezone", "fields": {"description": "Etc/GMT-1"}}, {"pk": 46, "model": "auth.timezone", "fields": {"description": "Etc/GMT-2"}}, {"pk": 47, "model": "auth.timezone", "fields": {"description": "Etc/GMT-3"}}, {"pk": 48, "model": "auth.timezone", "fields": {"description": "Etc/GMT-4"}}, {"pk": 49, "model": "auth.timezone", "fields": {"description": "Etc/GMT-5"}}, {"pk": 50, "model": "auth.timezone", "fields": {"description": "Etc/GMT-6"}}, {"pk": 51, "model": "auth.timezone", "fields": {"description": "Etc/GMT-7"}}, {"pk": 52, "model": "auth.timezone", "fields": {"description": "Etc/GMT-8"}}, {"pk": 53, "model": "auth.timezone", "fields": {"description": "Etc/GMT-9"}}, {"pk": 54, "model": "auth.timezone", "fields": {"description": "Etc/Greenwich"}}, {"pk": 55, "model": "auth.timezone", "fields": {"description": "MET"}}, {"pk": 56, "model": "auth.timezone", "fields": {"description": "MST"}}, {"pk": 57, "model": "auth.timezone", "fields": {"description": "PRC"}}, {"pk": 58, "model": "auth.timezone", "fields": {"description": "ROC"}}, {"pk": 59, "model": "auth.timezone", "fields": {"description": "ROK"}}, {"pk": 60, "model": "auth.timezone", "fields": {"description": "UCT"}}, {"pk": 61, "model": "auth.timezone", "fields": {"description": "UTC"}}, {"pk": 62, "model": "auth.timezone", "fields": {"description": "WET"}}, {"pk": 63, "model": "auth.timezone", "fields": {"description": "Asia/Almaty"}}, {"pk": 64, "model": "auth.timezone", "fields": {"description": "Asia/Anadyr"}}, {"pk": 65, "model": "auth.timezone", "fields": {"description": "Asia/Aden"}}, {"pk": 66, "model": "auth.timezone", "fields": {"description": "Asia/Baku"}}, {"pk": 67, "model": "auth.timezone", "fields": {"description": "Asia/Dili"}}, {"pk": 68, "model": "auth.timezone", "fields": {"description": "Asia/Beirut"}}, {"pk": 69, "model": "auth.timezone", "fields": {"description": "Asia/Gaza"}}, {"pk": 70, "model": "auth.timezone", "fields": {"description": "Asia/Hovd"}}, {"pk": 71, "model": "auth.timezone", "fields": {"description": "Asia/Omsk"}}, {"pk": 72, "model": "auth.timezone", "fields": {"description": "Asia/Oral"}}, {"pk": 73, "model": "auth.timezone", "fields": {"description": "Asia/Aqtobe"}}, {"pk": 74, "model": "auth.timezone", "fields": {"description": "Asia/Brunei"}}, {"pk": 75, "model": "auth.timezone", "fields": {"description": "Asia/Baghdad"}}, {"pk": 76, "model": "auth.timezone", "fields": {"description": "Asia/Bahrain"}}, {"pk": 77, "model": "auth.timezone", "fields": {"description": "Asia/Bangkok"}}, {"pk": 78, "model": "auth.timezone", "fields": {"description": "Asia/Makassar"}}, {"pk": 79, "model": "auth.timezone", "fields": {"description": "Asia/Vladivostok"}}, {"pk": 80, "model": "auth.timezone", "fields": {"description": "Asia/Harbin"}}, {"pk": 81, "model": "auth.timezone", "fields": {"description": "Asia/Amman"}}, {"pk": 82, "model": "auth.timezone", "fields": {"description": "Asia/Aqtau"}}, {"pk": 83, "model": "auth.timezone", "fields": {"description": "Asia/Dacca"}}, {"pk": 84, "model": "auth.timezone", "fields": {"description": "Asia/Dhaka"}}, {"pk": 85, "model": "auth.timezone", "fields": {"description": "Asia/Dubai"}}, {"pk": 86, "model": "auth.timezone", "fields": {"description": "Asia/Yekaterinburg"}}, {"pk": 87, "model": "auth.timezone", "fields": {"description": "Asia/Kabul"}}, {"pk": 88, "model": "auth.timezone", "fields": {"description": "Asia/Macao"}}, {"pk": 89, "model": "auth.timezone", "fields": {"description": "Asia/Macau"}}, {"pk": 90, "model": "auth.timezone", "fields": {"description": "Asia/Calcutta"}}, {"pk": 91, "model": "auth.timezone", "fields": {"description": "Asia/Qatar"}}, {"pk": 92, "model": "auth.timezone", "fields": {"description": "Asia/Seoul"}}, {"pk": 93, "model": "auth.timezone", "fields": {"description": "Asia/Tokyo"}}, {"pk": 94, "model": "auth.timezone", "fields": {"description": "Asia/Kuwait"}}, {"pk": 95, "model": "auth.timezone", "fields": {"description": "Asia/Manila"}}, {"pk": 96, "model": "auth.timezone", "fields": {"description": "Asia/Bishkek"}}, {"pk": 97, "model": "auth.timezone", "fields": {"description": "Asia/Ho_Chi_Minh"}}, {"pk": 98, "model": "auth.timezone", "fields": {"description": "Asia/Muscat"}}, {"pk": 99, "model": "auth.timezone", "fields": {"description": "Asia/Jakarta"}}, {"pk": 100, "model": "auth.timezone", "fields": {"description": "Asia/Riyadh"}}, {"pk": 101, "model": "auth.timezone", "fields": {"description": "Asia/Saigon"}}, {"pk": 102, "model": "auth.timezone", "fields": {"description": "Asia/Taipei"}}, {"pk": 103, "model": "auth.timezone", "fields": {"description": "Asia/Tehran"}}, {"pk": 104, "model": "auth.timezone", "fields": {"description": "Asia/Thimbu"}}, {"pk": 105, "model": "auth.timezone", "fields": {"description": "Asia/Choibalsan"}}, {"pk": 106, "model": "auth.timezone", "fields": {"description": "Asia/Urumqi"}}, {"pk": 107, "model": "auth.timezone", "fields": {"description": "Asia/Irkutsk"}}, {"pk": 108, "model": "auth.timezone", "fields": {"description": "Asia/Karachi"}}, {"pk": 109, "model": "auth.timezone", "fields": {"description": "Asia/Kashgar"}}, {"pk": 110, "model": "auth.timezone", "fields": {"description": "Asia/Ulan_Bator"}}, {"pk": 111, "model": "auth.timezone", "fields": {"description": "Asia/Colombo"}}, {"pk": 112, "model": "auth.timezone", "fields": {"description": "Asia/Rangoon"}}, {"pk": 113, "model": "auth.timezone", "fields": {"description": "Asia/Krasnoyarsk"}}, {"pk": 114, "model": "auth.timezone", "fields": {"description": "Asia/Ashkhabad"}}, {"pk": 115, "model": "auth.timezone", "fields": {"description": "Asia/Yakutsk"}}, {"pk": 116, "model": "auth.timezone", "fields": {"description": "Asia/Istanbul"}}, {"pk": 117, "model": "auth.timezone", "fields": {"description": "Asia/Tashkent"}}, {"pk": 118, "model": "auth.timezone", "fields": {"description": "Asia/Singapore"}}, {"pk": 119, "model": "auth.timezone", "fields": {"description": "Asia/Yerevan"}}, {"pk": 120, "model": "auth.timezone", "fields": {"description": "Asia/Jayapura"}}, {"pk": 121, "model": "auth.timezone", "fields": {"description": "Asia/Samarkand"}}, {"pk": 122, "model": "auth.timezone", "fields": {"description": "Asia/Ashgabat"}}, {"pk": 123, "model": "auth.timezone", "fields": {"description": "Asia/Riyadh87"}}, {"pk": 124, "model": "auth.timezone", "fields": {"description": "Asia/Riyadh88"}}, {"pk": 125, "model": "auth.timezone", "fields": {"description": "Asia/Riyadh89"}}, {"pk": 126, "model": "auth.timezone", "fields": {"description": "Asia/Pontianak"}}, {"pk": 127, "model": "auth.timezone", "fields": {"description": "Asia/Novokuznetsk"}}, {"pk": 128, "model": "auth.timezone", "fields": {"description": "Asia/Kolkata"}}, {"pk": 129, "model": "auth.timezone", "fields": {"description": "Asia/Kuching"}}, {"pk": 130, "model": "auth.timezone", "fields": {"description": "Asia/Magadan"}}, {"pk": 131, "model": "auth.timezone", "fields": {"description": "Asia/Shanghai"}}, {"pk": 132, "model": "auth.timezone", "fields": {"description": "Asia/Pyongyang"}}, {"pk": 133, "model": "auth.timezone", "fields": {"description": "Asia/Jerusalem"}}, {"pk": 134, "model": "auth.timezone", "fields": {"description": "Asia/Kuala_Lumpur"}}, {"pk": 135, "model": "auth.timezone", "fields": {"description": "Asia/Tbilisi"}}, {"pk": 136, "model": "auth.timezone", "fields": {"description": "Asia/Hong_Kong"}}, {"pk": 137, "model": "auth.timezone", "fields": {"description": "Asia/Dushanbe"}}, {"pk": 138, "model": "auth.timezone", "fields": {"description": "Asia/Damascus"}}, {"pk": 139, "model": "auth.timezone", "fields": {"description": "Asia/Sakhalin"}}, {"pk": 140, "model": "auth.timezone", "fields": {"description": "Asia/Thimphu"}}, {"pk": 141, "model": "auth.timezone", "fields": {"description": "Asia/Chungking"}}, {"pk": 142, "model": "auth.timezone", "fields": {"description": "Asia/Kamchatka"}}, {"pk": 143, "model": "auth.timezone", "fields": {"description": "Asia/Nicosia"}}, {"pk": 144, "model": "auth.timezone", "fields": {"description": "Asia/Ujung_Pandang"}}, {"pk": 145, "model": "auth.timezone", "fields": {"description": "Asia/Chongqing"}}, {"pk": 146, "model": "auth.timezone", "fields": {"description": "Asia/Tel_Aviv"}}, {"pk": 147, "model": "auth.timezone", "fields": {"description": "Asia/Novosibirsk"}}, {"pk": 148, "model": "auth.timezone", "fields": {"description": "Asia/Kathmandu"}}, {"pk": 149, "model": "auth.timezone", "fields": {"description": "Asia/Vientiane"}}, {"pk": 150, "model": "auth.timezone", "fields": {"description": "Asia/Qyzylorda"}}, {"pk": 151, "model": "auth.timezone", "fields": {"description": "Asia/Phnom_Penh"}}, {"pk": 152, "model": "auth.timezone", "fields": {"description": "Asia/Ulaanbaatar"}}, {"pk": 153, "model": "auth.timezone", "fields": {"description": "Asia/Katmandu"}}, {"pk": 154, "model": "auth.timezone", "fields": {"description": "Cuba"}}, {"pk": 155, "model": "auth.timezone", "fields": {"description": "GMT0"}}, {"pk": 156, "model": "auth.timezone", "fields": {"description": "Eire"}}, {"pk": 157, "model": "auth.timezone", "fields": {"description": "Iran"}}, {"pk": 158, "model": "auth.timezone", "fields": {"description": "W-SU"}}, {"pk": 159, "model": "auth.timezone", "fields": {"description": "Arctic/Longyearbyen"}}, {"pk": 160, "model": "auth.timezone", "fields": {"description": "Zulu"}}, {"pk": 161, "model": "auth.timezone", "fields": {"description": "Canada/Pacific"}}, {"pk": 162, "model": "auth.timezone", "fields": {"description": "Canada/Yukon"}}, {"pk": 163, "model": "auth.timezone", "fields": {"description": "Canada/Mountain"}}, {"pk": 164, "model": "auth.timezone", "fields": {"description": "Canada/Central"}}, {"pk": 165, "model": "auth.timezone", "fields": {"description": "Canada/Eastern"}}, {"pk": 166, "model": "auth.timezone", "fields": {"description": "Canada/Newfoundland"}}, {"pk": 167, "model": "auth.timezone", "fields": {"description": "Canada/East-Saskatchewan"}}, {"pk": 168, "model": "auth.timezone", "fields": {"description": "Canada/Atlantic"}}, {"pk": 169, "model": "auth.timezone", "fields": {"description": "Canada/Saskatchewan"}}, {"pk": 170, "model": "auth.timezone", "fields": {"description": "Brazil/Acre"}}, {"pk": 171, "model": "auth.timezone", "fields": {"description": "Brazil/East"}}, {"pk": 172, "model": "auth.timezone", "fields": {"description": "Brazil/West"}}, {"pk": 173, "model": "auth.timezone", "fields": {"description": "Brazil/DeNoronha"}}, {"pk": 174, "model": "auth.timezone", "fields": {"description": "America/Mexico_City"}}, {"pk": 175, "model": "auth.timezone", "fields": {"description": "America/Adak"}}, {"pk": 176, "model": "auth.timezone", "fields": {"description": "America/Atka"}}, {"pk": 177, "model": "auth.timezone", "fields": {"description": "America/Belize"}}, {"pk": 178, "model": "auth.timezone", "fields": {"description": "America/Lima"}}, {"pk": 179, "model": "auth.timezone", "fields": {"description": "America/Nome"}}, {"pk": 180, "model": "auth.timezone", "fields": {"description": "America/Cancun"}}, {"pk": 181, "model": "auth.timezone", "fields": {"description": "America/Cayman"}}, {"pk": 182, "model": "auth.timezone", "fields": {"description": "America/Bogota"}}, {"pk": 183, "model": "auth.timezone", "fields": {"description": "America/Dawson"}}, {"pk": 184, "model": "auth.timezone", "fields": {"description": "America/Denver"}}, {"pk": 185, "model": "auth.timezone", "fields": {"description": "America/Cuiaba"}}, {"pk": 186, "model": "auth.timezone", "fields": {"description": "America/Ojinaga"}}, {"pk": 187, "model": "auth.timezone", "fields": {"description": "America/Antigua"}}, {"pk": 188, "model": "auth.timezone", "fields": {"description": "America/Havana"}}, {"pk": 189, "model": "auth.timezone", "fields": {"description": "America/Bahia"}}, {"pk": 190, "model": "auth.timezone", "fields": {"description": "America/Belem"}}, {"pk": 191, "model": "auth.timezone", "fields": {"description": "America/Aruba"}}, {"pk": 192, "model": "auth.timezone", "fields": {"description": "America/Boise"}}, {"pk": 193, "model": "auth.timezone", "fields": {"description": "America/Thunder_Bay"}}, {"pk": 194, "model": "auth.timezone", "fields": {"description": "America/Guatemala"}}, {"pk": 195, "model": "auth.timezone", "fields": {"description": "America/Guyana"}}, {"pk": 196, "model": "auth.timezone", "fields": {"description": "America/Jujuy"}}, {"pk": 197, "model": "auth.timezone", "fields": {"description": "America/Inuvik"}}, {"pk": 198, "model": "auth.timezone", "fields": {"description": "America/Thule"}}, {"pk": 199, "model": "auth.timezone", "fields": {"description": "America/Rankin_Inlet"}}, {"pk": 200, "model": "auth.timezone", "fields": {"description": "America/Juneau"}}, {"pk": 201, "model": "auth.timezone", "fields": {"description": "America/La_Paz"}}, {"pk": 202, "model": "auth.timezone", "fields": {"description": "America/Maceio"}}, {"pk": 203, "model": "auth.timezone", "fields": {"description": "America/Manaus"}}, {"pk": 204, "model": "auth.timezone", "fields": {"description": "America/Merida"}}, {"pk": 205, "model": "auth.timezone", "fields": {"description": "America/Guayaquil"}}, {"pk": 206, "model": "auth.timezone", "fields": {"description": "America/Montreal"}}, {"pk": 207, "model": "auth.timezone", "fields": {"description": "America/Nassau"}}, {"pk": 208, "model": "auth.timezone", "fields": {"description": "America/Cambridge_Bay"}}, {"pk": 209, "model": "auth.timezone", "fields": {"description": "America/Phoenix"}}, {"pk": 210, "model": "auth.timezone", "fields": {"description": "America/Panama"}}, {"pk": 211, "model": "auth.timezone", "fields": {"description": "America/Puerto_Rico"}}, {"pk": 212, "model": "auth.timezone", "fields": {"description": "America/Caracas"}}, {"pk": 213, "model": "auth.timezone", "fields": {"description": "America/Cayenne"}}, {"pk": 214, "model": "auth.timezone", "fields": {"description": "America/Jamaica"}}, {"pk": 215, "model": "auth.timezone", "fields": {"description": "America/Porto_Acre"}}, {"pk": 216, "model": "auth.timezone", "fields": {"description": "America/Recife"}}, {"pk": 217, "model": "auth.timezone", "fields": {"description": "America/Regina"}}, {"pk": 218, "model": "auth.timezone", "fields": {"description": "America/Indiana/Knox"}}, {"pk": 219, "model": "auth.timezone", "fields": {"description": "America/Indiana/Vincennes"}}, {"pk": 220, "model": "auth.timezone", "fields": {"description": "America/Indiana/Vevay"}}, {"pk": 221, "model": "auth.timezone", "fields": {"description": "America/Indiana/Winamac"}}, {"pk": 222, "model": "auth.timezone", "fields": {"description": "America/Indiana/Tell_City"}}, {"pk": 223, "model": "auth.timezone", "fields": {"description": "America/Indiana/Petersburg"}}, {"pk": 224, "model": "auth.timezone", "fields": {"description": "America/Indiana/Marengo"}}, {"pk": 225, "model": "auth.timezone", "fields": {"description": "America/Indiana/Indianapolis"}}, {"pk": 226, "model": "auth.timezone", "fields": {"description": "America/Santa_Isabel"}}, {"pk": 227, "model": "auth.timezone", "fields": {"description": "America/Buenos_Aires"}}, {"pk": 228, "model": "auth.timezone", "fields": {"description": "America/Danmarkshavn"}}, {"pk": 229, "model": "auth.timezone", "fields": {"description": "America/Mazatlan"}}, {"pk": 230, "model": "auth.timezone", "fields": {"description": "America/Iqaluit"}}, {"pk": 231, "model": "auth.timezone", "fields": {"description": "America/Blanc-Sablon"}}, {"pk": 232, "model": "auth.timezone", "fields": {"description": "America/Boa_Vista"}}, {"pk": 233, "model": "auth.timezone", "fields": {"description": "America/Virgin"}}, {"pk": 234, "model": "auth.timezone", "fields": {"description": "America/Chicago"}}, {"pk": 235, "model": "auth.timezone", "fields": {"description": "America/Ensenada"}}, {"pk": 236, "model": "auth.timezone", "fields": {"description": "America/Catamarca"}}, {"pk": 237, "model": "auth.timezone", "fields": {"description": "America/Costa_Rica"}}, {"pk": 238, "model": "auth.timezone", "fields": {"description": "America/Fortaleza"}}, {"pk": 239, "model": "auth.timezone", "fields": {"description": "America/St_Johns"}}, {"pk": 240, "model": "auth.timezone", "fields": {"description": "America/St_Kitts"}}, {"pk": 241, "model": "auth.timezone", "fields": {"description": "America/Miquelon"}}, {"pk": 242, "model": "auth.timezone", "fields": {"description": "America/St_Lucia"}}, {"pk": 243, "model": "auth.timezone", "fields": {"description": "America/Coral_Harbour"}}, {"pk": 244, "model": "auth.timezone", "fields": {"description": "America/Port-au-Prince"}}, {"pk": 245, "model": "auth.timezone", "fields": {"description": "America/Vancouver"}}, {"pk": 246, "model": "auth.timezone", "fields": {"description": "America/Porto_Velho"}}, {"pk": 247, "model": "auth.timezone", "fields": {"description": "America/Winnipeg"}}, {"pk": 248, "model": "auth.timezone", "fields": {"description": "America/Martinique"}}, {"pk": 249, "model": "auth.timezone", "fields": {"description": "America/Cordoba"}}, {"pk": 250, "model": "auth.timezone", "fields": {"description": "America/Whitehorse"}}, {"pk": 251, "model": "auth.timezone", "fields": {"description": "America/New_York"}}, {"pk": 252, "model": "auth.timezone", "fields": {"description": "America/Glace_Bay"}}, {"pk": 253, "model": "auth.timezone", "fields": {"description": "America/Yakutat"}}, {"pk": 254, "model": "auth.timezone", "fields": {"description": "America/Detroit"}}, {"pk": 255, "model": "auth.timezone", "fields": {"description": "America/St_Barthelemy"}}, {"pk": 256, "model": "auth.timezone", "fields": {"description": "America/Louisville"}}, {"pk": 257, "model": "auth.timezone", "fields": {"description": "America/Grand_Turk"}}, {"pk": 258, "model": "auth.timezone", "fields": {"description": "America/Fort_Wayne"}}, {"pk": 259, "model": "auth.timezone", "fields": {"description": "America/Goose_Bay"}}, {"pk": 260, "model": "auth.timezone", "fields": {"description": "America/Yellowknife"}}, {"pk": 261, "model": "auth.timezone", "fields": {"description": "America/Curacao"}}, {"pk": 262, "model": "auth.timezone", "fields": {"description": "America/Hermosillo"}}, {"pk": 263, "model": "auth.timezone", "fields": {"description": "America/Tegucigalpa"}}, {"pk": 264, "model": "auth.timezone", "fields": {"description": "America/Paramaribo"}}, {"pk": 265, "model": "auth.timezone", "fields": {"description": "America/Scoresbysund"}}, {"pk": 266, "model": "auth.timezone", "fields": {"description": "America/Swift_Current"}}, {"pk": 267, "model": "auth.timezone", "fields": {"description": "America/Kentucky/Louisville"}}, {"pk": 268, "model": "auth.timezone", "fields": {"description": "America/Kentucky/Monticello"}}, {"pk": 269, "model": "auth.timezone", "fields": {"description": "America/Knox_IN"}}, {"pk": 270, "model": "auth.timezone", "fields": {"description": "America/Anchorage"}}, {"pk": 271, "model": "auth.timezone", "fields": {"description": "America/Eirunepe"}}, {"pk": 272, "model": "auth.timezone", "fields": {"description": "America/Rosario"}}, {"pk": 273, "model": "auth.timezone", "fields": {"description": "America/Argentina/Ushuaia"}}, {"pk": 274, "model": "auth.timezone", "fields": {"description": "America/Argentina/Jujuy"}}, {"pk": 275, "model": "auth.timezone", "fields": {"description": "America/Argentina/Salta"}}, {"pk": 276, "model": "auth.timezone", "fields": {"description": "America/Argentina/Rio_Gallegos"}}, {"pk": 277, "model": "auth.timezone", "fields": {"description": "America/Argentina/Buenos_Aires"}}, {"pk": 278, "model": "auth.timezone", "fields": {"description": "America/Argentina/La_Rioja"}}, {"pk": 279, "model": "auth.timezone", "fields": {"description": "America/Argentina/ComodRivadavia"}}, {"pk": 280, "model": "auth.timezone", "fields": {"description": "America/Argentina/Catamarca"}}, {"pk": 281, "model": "auth.timezone", "fields": {"description": "America/Argentina/Cordoba"}}, {"pk": 282, "model": "auth.timezone", "fields": {"description": "America/Argentina/Mendoza"}}, {"pk": 283, "model": "auth.timezone", "fields": {"description": "America/Argentina/San_Juan"}}, {"pk": 284, "model": "auth.timezone", "fields": {"description": "America/Argentina/San_Luis"}}, {"pk": 285, "model": "auth.timezone", "fields": {"description": "America/Argentina/Tucuman"}}, {"pk": 286, "model": "auth.timezone", "fields": {"description": "America/Barbados"}}, {"pk": 287, "model": "auth.timezone", "fields": {"description": "America/Dawson_Creek"}}, {"pk": 288, "model": "auth.timezone", "fields": {"description": "America/Managua"}}, {"pk": 289, "model": "auth.timezone", "fields": {"description": "America/Atikokan"}}, {"pk": 290, "model": "auth.timezone", "fields": {"description": "America/Marigot"}}, {"pk": 291, "model": "auth.timezone", "fields": {"description": "America/Pangnirtung"}}, {"pk": 292, "model": "auth.timezone", "fields": {"description": "America/Asuncion"}}, {"pk": 293, "model": "auth.timezone", "fields": {"description": "America/Menominee"}}, {"pk": 294, "model": "auth.timezone", "fields": {"description": "America/St_Thomas"}}, {"pk": 295, "model": "auth.timezone", "fields": {"description": "America/Sao_Paulo"}}, {"pk": 296, "model": "auth.timezone", "fields": {"description": "America/Mendoza"}}, {"pk": 297, "model": "auth.timezone", "fields": {"description": "America/Guadeloupe"}}, {"pk": 298, "model": "auth.timezone", "fields": {"description": "America/Monterrey"}}, {"pk": 299, "model": "auth.timezone", "fields": {"description": "America/North_Dakota/Center"}}, {"pk": 300, "model": "auth.timezone", "fields": {"description": "America/North_Dakota/New_Salem"}}, {"pk": 301, "model": "auth.timezone", "fields": {"description": "America/Araguaina"}}, {"pk": 302, "model": "auth.timezone", "fields": {"description": "America/Port_of_Spain"}}, {"pk": 303, "model": "auth.timezone", "fields": {"description": "America/Shiprock"}}, {"pk": 304, "model": "auth.timezone", "fields": {"description": "America/Anguilla"}}, {"pk": 305, "model": "auth.timezone", "fields": {"description": "America/Dominica"}}, {"pk": 306, "model": "auth.timezone", "fields": {"description": "America/Edmonton"}}, {"pk": 307, "model": "auth.timezone", "fields": {"description": "America/Rio_Branco"}}, {"pk": 308, "model": "auth.timezone", "fields": {"description": "America/Tijuana"}}, {"pk": 309, "model": "auth.timezone", "fields": {"description": "America/Campo_Grande"}}, {"pk": 310, "model": "auth.timezone", "fields": {"description": "America/Montevideo"}}, {"pk": 311, "model": "auth.timezone", "fields": {"description": "America/Santarem"}}, {"pk": 312, "model": "auth.timezone", "fields": {"description": "America/Santiago"}}, {"pk": 313, "model": "auth.timezone", "fields": {"description": "America/Moncton"}}, {"pk": 314, "model": "auth.timezone", "fields": {"description": "America/Resolute"}}, {"pk": 315, "model": "auth.timezone", "fields": {"description": "America/Toronto"}}, {"pk": 316, "model": "auth.timezone", "fields": {"description": "America/Tortola"}}, {"pk": 317, "model": "auth.timezone", "fields": {"description": "America/Los_Angeles"}}, {"pk": 318, "model": "auth.timezone", "fields": {"description": "America/Nipigon"}}, {"pk": 319, "model": "auth.timezone", "fields": {"description": "America/Rainy_River"}}, {"pk": 320, "model": "auth.timezone", "fields": {"description": "America/El_Salvador"}}, {"pk": 321, "model": "auth.timezone", "fields": {"description": "America/Halifax"}}, {"pk": 322, "model": "auth.timezone", "fields": {"description": "America/Santo_Domingo"}}, {"pk": 323, "model": "auth.timezone", "fields": {"description": "America/St_Vincent"}}, {"pk": 324, "model": "auth.timezone", "fields": {"description": "America/Indianapolis"}}, {"pk": 325, "model": "auth.timezone", "fields": {"description": "America/Godthab"}}, {"pk": 326, "model": "auth.timezone", "fields": {"description": "America/Montserrat"}}, {"pk": 327, "model": "auth.timezone", "fields": {"description": "America/Chihuahua"}}, {"pk": 328, "model": "auth.timezone", "fields": {"description": "America/Noronha"}}, {"pk": 329, "model": "auth.timezone", "fields": {"description": "America/Matamoros"}}, {"pk": 330, "model": "auth.timezone", "fields": {"description": "America/Grenada"}}, {"pk": 331, "model": "auth.timezone", "fields": {"description": "Universal"}}, {"pk": 332, "model": "auth.timezone", "fields": {"description": "Europe/San_Marino"}}, {"pk": 333, "model": "auth.timezone", "fields": {"description": "Europe/Kiev"}}, {"pk": 334, "model": "auth.timezone", "fields": {"description": "Europe/Berlin"}}, {"pk": 335, "model": "auth.timezone", "fields": {"description": "Europe/Oslo"}}, {"pk": 336, "model": "auth.timezone", "fields": {"description": "Europe/Riga"}}, {"pk": 337, "model": "auth.timezone", "fields": {"description": "Europe/Rome"}}, {"pk": 338, "model": "auth.timezone", "fields": {"description": "Europe/Athens"}}, {"pk": 339, "model": "auth.timezone", "fields": {"description": "Europe/Luxembourg"}}, {"pk": 340, "model": "auth.timezone", "fields": {"description": "Europe/Dublin"}}, {"pk": 341, "model": "auth.timezone", "fields": {"description": "Europe/Andorra"}}, {"pk": 342, "model": "auth.timezone", "fields": {"description": "Europe/Vilnius"}}, {"pk": 343, "model": "auth.timezone", "fields": {"description": "Europe/Belgrade"}}, {"pk": 344, "model": "auth.timezone", "fields": {"description": "Europe/Belfast"}}, {"pk": 345, "model": "auth.timezone", "fields": {"description": "Europe/Chisinau"}}, {"pk": 346, "model": "auth.timezone", "fields": {"description": "Europe/Malta"}}, {"pk": 347, "model": "auth.timezone", "fields": {"description": "Europe/Minsk"}}, {"pk": 348, "model": "auth.timezone", "fields": {"description": "Europe/Paris"}}, {"pk": 349, "model": "auth.timezone", "fields": {"description": "Europe/Sofia"}}, {"pk": 350, "model": "auth.timezone", "fields": {"description": "Europe/Vaduz"}}, {"pk": 351, "model": "auth.timezone", "fields": {"description": "Europe/Jersey"}}, {"pk": 352, "model": "auth.timezone", "fields": {"description": "Europe/Brussels"}}, {"pk": 353, "model": "auth.timezone", "fields": {"description": "Europe/Lisbon"}}, {"pk": 354, "model": "auth.timezone", "fields": {"description": "Europe/Madrid"}}, {"pk": 355, "model": "auth.timezone", "fields": {"description": "Europe/Bratislava"}}, {"pk": 356, "model": "auth.timezone", "fields": {"description": "Europe/London"}}, {"pk": 357, "model": "auth.timezone", "fields": {"description": "Europe/Kaliningrad"}}, {"pk": 358, "model": "auth.timezone", "fields": {"description": "Europe/Monaco"}}, {"pk": 359, "model": "auth.timezone", "fields": {"description": "Europe/Moscow"}}, {"pk": 360, "model": "auth.timezone", "fields": {"description": "Europe/Prague"}}, {"pk": 361, "model": "auth.timezone", "fields": {"description": "Europe/Stockholm"}}, {"pk": 362, "model": "auth.timezone", "fields": {"description": "Europe/Samara"}}, {"pk": 363, "model": "auth.timezone", "fields": {"description": "Europe/Skopje"}}, {"pk": 364, "model": "auth.timezone", "fields": {"description": "Europe/Tirane"}}, {"pk": 365, "model": "auth.timezone", "fields": {"description": "Europe/Vienna"}}, {"pk": 366, "model": "auth.timezone", "fields": {"description": "Europe/Warsaw"}}, {"pk": 367, "model": "auth.timezone", "fields": {"description": "Europe/Budapest"}}, {"pk": 368, "model": "auth.timezone", "fields": {"description": "Europe/Simferopol"}}, {"pk": 369, "model": "auth.timezone", "fields": {"description": "Europe/Zagreb"}}, {"pk": 370, "model": "auth.timezone", "fields": {"description": "Europe/Guernsey"}}, {"pk": 371, "model": "auth.timezone", "fields": {"description": "Europe/Zurich"}}, {"pk": 372, "model": "auth.timezone", "fields": {"description": "Europe/Bucharest"}}, {"pk": 373, "model": "auth.timezone", "fields": {"description": "Europe/Istanbul"}}, {"pk": 374, "model": "auth.timezone", "fields": {"description": "Europe/Amsterdam"}}, {"pk": 375, "model": "auth.timezone", "fields": {"description": "Europe/Volgograd"}}, {"pk": 376, "model": "auth.timezone", "fields": {"description": "Europe/Copenhagen"}}, {"pk": 377, "model": "auth.timezone", "fields": {"description": "Europe/Uzhgorod"}}, {"pk": 378, "model": "auth.timezone", "fields": {"description": "Europe/Tiraspol"}}, {"pk": 379, "model": "auth.timezone", "fields": {"description": "Europe/Tallinn"}}, {"pk": 380, "model": "auth.timezone", "fields": {"description": "Europe/Helsinki"}}, {"pk": 381, "model": "auth.timezone", "fields": {"description": "Europe/Isle_of_Man"}}, {"pk": 382, "model": "auth.timezone", "fields": {"description": "Europe/Mariehamn"}}, {"pk": 383, "model": "auth.timezone", "fields": {"description": "Europe/Sarajevo"}}, {"pk": 384, "model": "auth.timezone", "fields": {"description": "Europe/Zaporozhye"}}, {"pk": 385, "model": "auth.timezone", "fields": {"description": "Europe/Nicosia"}}, {"pk": 386, "model": "auth.timezone", "fields": {"description": "Europe/Podgorica"}}, {"pk": 387, "model": "auth.timezone", "fields": {"description": "Europe/Gibraltar"}}, {"pk": 388, "model": "auth.timezone", "fields": {"description": "Europe/Ljubljana"}}, {"pk": 389, "model": "auth.timezone", "fields": {"description": "Europe/Vatican"}}, {"pk": 390, "model": "auth.timezone", "fields": {"description": "Pacific/Yap"}}, {"pk": 391, "model": "auth.timezone", "fields": {"description": "Pacific/Apia"}}, {"pk": 392, "model": "auth.timezone", "fields": {"description": "Pacific/Fiji"}}, {"pk": 393, "model": "auth.timezone", "fields": {"description": "Pacific/Guam"}}, {"pk": 394, "model": "auth.timezone", "fields": {"description": "Pacific/Niue"}}, {"pk": 395, "model": "auth.timezone", "fields": {"description": "Pacific/Truk"}}, {"pk": 396, "model": "auth.timezone", "fields": {"description": "Pacific/Wake"}}, {"pk": 397, "model": "auth.timezone", "fields": {"description": "Pacific/Easter"}}, {"pk": 398, "model": "auth.timezone", "fields": {"description": "Pacific/Pago_Pago"}}, {"pk": 399, "model": "auth.timezone", "fields": {"description": "Pacific/Efate"}}, {"pk": 400, "model": "auth.timezone", "fields": {"description": "Pacific/Nauru"}}, {"pk": 401, "model": "auth.timezone", "fields": {"description": "Pacific/Palau"}}, {"pk": 402, "model": "auth.timezone", "fields": {"description": "Pacific/Samoa"}}, {"pk": 403, "model": "auth.timezone", "fields": {"description": "Pacific/Kosrae"}}, {"pk": 404, "model": "auth.timezone", "fields": {"description": "Pacific/Majuro"}}, {"pk": 405, "model": "auth.timezone", "fields": {"description": "Pacific/Midway"}}, {"pk": 406, "model": "auth.timezone", "fields": {"description": "Pacific/Honolulu"}}, {"pk": 407, "model": "auth.timezone", "fields": {"description": "Pacific/Guadalcanal"}}, {"pk": 408, "model": "auth.timezone", "fields": {"description": "Pacific/Noumea"}}, {"pk": 409, "model": "auth.timezone", "fields": {"description": "Pacific/Ponape"}}, {"pk": 410, "model": "auth.timezone", "fields": {"description": "Pacific/Saipan"}}, {"pk": 411, "model": "auth.timezone", "fields": {"description": "Pacific/Pitcairn"}}, {"pk": 412, "model": "auth.timezone", "fields": {"description": "Pacific/Tahiti"}}, {"pk": 413, "model": "auth.timezone", "fields": {"description": "Pacific/Tarawa"}}, {"pk": 414, "model": "auth.timezone", "fields": {"description": "Pacific/Chatham"}}, {"pk": 415, "model": "auth.timezone", "fields": {"description": "Pacific/Johnston"}}, {"pk": 416, "model": "auth.timezone", "fields": {"description": "Pacific/Wallis"}}, {"pk": 417, "model": "auth.timezone", "fields": {"description": "Pacific/Galapagos"}}, {"pk": 418, "model": "auth.timezone", "fields": {"description": "Pacific/Kwajalein"}}, {"pk": 419, "model": "auth.timezone", "fields": {"description": "Pacific/Tongatapu"}}, {"pk": 420, "model": "auth.timezone", "fields": {"description": "Pacific/Fakaofo"}}, {"pk": 421, "model": "auth.timezone", "fields": {"description": "Pacific/Auckland"}}, {"pk": 422, "model": "auth.timezone", "fields": {"description": "Pacific/Gambier"}}, {"pk": 423, "model": "auth.timezone", "fields": {"description": "Pacific/Rarotonga"}}, {"pk": 424, "model": "auth.timezone", "fields": {"description": "Pacific/Funafuti"}}, {"pk": 425, "model": "auth.timezone", "fields": {"description": "Pacific/Port_Moresby"}}, {"pk": 426, "model": "auth.timezone", "fields": {"description": "Pacific/Marquesas"}}, {"pk": 427, "model": "auth.timezone", "fields": {"description": "Pacific/Enderbury"}}, {"pk": 428, "model": "auth.timezone", "fields": {"description": "Pacific/Kiritimati"}}, {"pk": 429, "model": "auth.timezone", "fields": {"description": "Pacific/Norfolk"}}, {"pk": 430, "model": "auth.timezone", "fields": {"description": "Iceland"}}, {"pk": 431, "model": "auth.timezone", "fields": {"description": "Chile/EasterIsland"}}, {"pk": 432, "model": "auth.timezone", "fields": {"description": "Chile/Continental"}}, {"pk": 433, "model": "auth.timezone", "fields": {"description": "GMT+0"}}, {"pk": 434, "model": "auth.timezone", "fields": {"description": "GMT-0"}}, {"pk": 435, "model": "auth.timezone", "fields": {"description": "Egypt"}}, {"pk": 436, "model": "auth.timezone", "fields": {"description": "Japan"}}, {"pk": 437, "model": "auth.timezone", "fields": {"description": "Portugal"}}, {"pk": 438, "model": "auth.timezone", "fields": {"description": "Libya"}}, {"pk": 439, "model": "auth.timezone", "fields": {"description": "Indian/Mahe"}}, {"pk": 440, "model": "auth.timezone", "fields": {"description": "Indian/Chagos"}}, {"pk": 441, "model": "auth.timezone", "fields": {"description": "Indian/Comoro"}}, {"pk": 442, "model": "auth.timezone", "fields": {"description": "Indian/Kerguelen"}}, {"pk": 443, "model": "auth.timezone", "fields": {"description": "Indian/Maldives"}}, {"pk": 444, "model": "auth.timezone", "fields": {"description": "Indian/Cocos"}}, {"pk": 445, "model": "auth.timezone", "fields": {"description": "Indian/Christmas"}}, {"pk": 446, "model": "auth.timezone", "fields": {"description": "Indian/Mauritius"}}, {"pk": 447, "model": "auth.timezone", "fields": {"description": "Indian/Reunion"}}, {"pk": 448, "model": "auth.timezone", "fields": {"description": "Indian/Antananarivo"}}, {"pk": 449, "model": "auth.timezone", "fields": {"description": "Indian/Mayotte"}}, {"pk": 450, "model": "auth.timezone", "fields": {"description": "Israel"}}, {"pk": 451, "model": "auth.timezone", "fields": {"description": "Hongkong"}}, {"pk": 452, "model": "auth.timezone", "fields": {"description": "Mexico/BajaSur"}}, {"pk": 453, "model": "auth.timezone", "fields": {"description": "Mexico/BajaNorte"}}, {"pk": 454, "model": "auth.timezone", "fields": {"description": "Mexico/General"}}, {"pk": 455, "model": "auth.timezone", "fields": {"description": "Navajo"}}, {"pk": 456, "model": "auth.timezone", "fields": {"description": "Poland"}}, {"pk": 457, "model": "auth.timezone", "fields": {"description": "Jamaica"}}, {"pk": 458, "model": "auth.timezone", "fields": {"description": "EST5EDT"}}, {"pk": 459, "model": "auth.timezone", "fields": {"description": "Turkey"}}, {"pk": 460, "model": "auth.timezone", "fields": {"description": "GB-Eire"}}, {"pk": 461, "model": "auth.timezone", "fields": {"description": "Antarctica/Casey"}}, {"pk": 462, "model": "auth.timezone", "fields": {"description": "Antarctica/Davis"}}, {"pk": 463, "model": "auth.timezone", "fields": {"description": "Antarctica/Syowa"}}, {"pk": 464, "model": "auth.timezone", "fields": {"description": "Antarctica/Mawson"}}, {"pk": 465, "model": "auth.timezone", "fields": {"description": "Antarctica/Palmer"}}, {"pk": 466, "model": "auth.timezone", "fields": {"description": "Antarctica/Vostok"}}, {"pk": 467, "model": "auth.timezone", "fields": {"description": "Antarctica/Rothera"}}, {"pk": 468, "model": "auth.timezone", "fields": {"description": "Antarctica/DumontDUrville"}}, {"pk": 469, "model": "auth.timezone", "fields": {"description": "Antarctica/McMurdo"}}, {"pk": 470, "model": "auth.timezone", "fields": {"description": "Antarctica/South_Pole"}}, {"pk": 471, "model": "auth.timezone", "fields": {"description": "Australia/ACT"}}, {"pk": 472, "model": "auth.timezone", "fields": {"description": "Australia/LHI"}}, {"pk": 473, "model": "auth.timezone", "fields": {"description": "Australia/NSW"}}, {"pk": 474, "model": "auth.timezone", "fields": {"description": "Australia/West"}}, {"pk": 475, "model": "auth.timezone", "fields": {"description": "Australia/Darwin"}}, {"pk": 476, "model": "auth.timezone", "fields": {"description": "Australia/Currie"}}, {"pk": 477, "model": "auth.timezone", "fields": {"description": "Australia/Eucla"}}, {"pk": 478, "model": "auth.timezone", "fields": {"description": "Australia/Hobart"}}, {"pk": 479, "model": "auth.timezone", "fields": {"description": "Australia/North"}}, {"pk": 480, "model": "auth.timezone", "fields": {"description": "Australia/Perth"}}, {"pk": 481, "model": "auth.timezone", "fields": {"description": "Australia/South"}}, {"pk": 482, "model": "auth.timezone", "fields": {"description": "Australia/Canberra"}}, {"pk": 483, "model": "auth.timezone", "fields": {"description": "Australia/Melbourne"}}, {"pk": 484, "model": "auth.timezone", "fields": {"description": "Australia/Sydney"}}, {"pk": 485, "model": "auth.timezone", "fields": {"description": "Australia/Adelaide"}}, {"pk": 486, "model": "auth.timezone", "fields": {"description": "Australia/Tasmania"}}, {"pk": 487, "model": "auth.timezone", "fields": {"description": "Australia/Broken_Hill"}}, {"pk": 488, "model": "auth.timezone", "fields": {"description": "Australia/Lord_Howe"}}, {"pk": 489, "model": "auth.timezone", "fields": {"description": "Australia/Yancowinna"}}, {"pk": 490, "model": "auth.timezone", "fields": {"description": "Australia/Victoria"}}, {"pk": 491, "model": "auth.timezone", "fields": {"description": "Australia/Lindeman"}}, {"pk": 492, "model": "auth.timezone", "fields": {"description": "Australia/Queensland"}}, {"pk": 493, "model": "auth.timezone", "fields": {"description": "Australia/Brisbane"}}, {"pk": 494, "model": "auth.timezone", "fields": {"description": "Kwajalein"}}, {"pk": 495, "model": "auth.timezone", "fields": {"description": "MST7MDT"}}, {"pk": 496, "model": "auth.timezone", "fields": {"description": "Singapore"}}, {"pk": 497, "model": "auth.timezone", "fields": {"description": "NZ-CHAT"}}, {"pk": 498, "model": "auth.timezone", "fields": {"description": "Factory"}}, {"pk": 499, "model": "auth.timezone", "fields": {"description": "Atlantic/Canary"}}, {"pk": 500, "model": "auth.timezone", "fields": {"description": "Atlantic/Azores"}}, {"pk": 501, "model": "auth.timezone", "fields": {"description": "Atlantic/Faeroe"}}, {"pk": 502, "model": "auth.timezone", "fields": {"description": "Atlantic/Faroe"}}, {"pk": 503, "model": "auth.timezone", "fields": {"description": "Atlantic/Bermuda"}}, {"pk": 504, "model": "auth.timezone", "fields": {"description": "Atlantic/Reykjavik"}}, {"pk": 505, "model": "auth.timezone", "fields": {"description": "Atlantic/Jan_Mayen"}}, {"pk": 506, "model": "auth.timezone", "fields": {"description": "Atlantic/Cape_Verde"}}, {"pk": 507, "model": "auth.timezone", "fields": {"description": "Atlantic/St_Helena"}}, {"pk": 508, "model": "auth.timezone", "fields": {"description": "Atlantic/Madeira"}}, {"pk": 509, "model": "auth.timezone", "fields": {"description": "Atlantic/Stanley"}}, {"pk": 510, "model": "auth.timezone", "fields": {"description": "Atlantic/South_Georgia"}}, {"pk": 511, "model": "auth.timezone", "fields": {"description": "Greenwich"}}, {"pk": 512, "model": "auth.timezone", "fields": {"description": "Mideast/Riyadh87"}}, {"pk": 513, "model": "auth.timezone", "fields": {"description": "Mideast/Riyadh88"}}, {"pk": 514, "model": "auth.timezone", "fields": {"description": "Mideast/Riyadh89"}}, {"pk": 515, "model": "auth.timezone", "fields": {"description": "PST8PDT"}}, {"pk": 516, "model": "auth.timezone", "fields": {"description": "CST6CDT"}}, {"pk": 517, "model": "auth.timezone", "fields": {"description": "Africa/Bamako"}}, {"pk": 518, "model": "auth.timezone", "fields": {"description": "Africa/Bangui"}}, {"pk": 519, "model": "auth.timezone", "fields": {"description": "Africa/Banjul"}}, {"pk": 520, "model": "auth.timezone", "fields": {"description": "Africa/Lome"}}, {"pk": 521, "model": "auth.timezone", "fields": {"description": "Africa/Asmara"}}, {"pk": 522, "model": "auth.timezone", "fields": {"description": "Africa/Asmera"}}, {"pk": 523, "model": "auth.timezone", "fields": {"description": "Africa/Bissau"}}, {"pk": 524, "model": "auth.timezone", "fields": {"description": "Africa/Algiers"}}, {"pk": 525, "model": "auth.timezone", "fields": {"description": "Africa/Johannesburg"}}, {"pk": 526, "model": "auth.timezone", "fields": {"description": "Africa/Douala"}}, {"pk": 527, "model": "auth.timezone", "fields": {"description": "Africa/Ndjamena"}}, {"pk": 528, "model": "auth.timezone", "fields": {"description": "Africa/Harare"}}, {"pk": 529, "model": "auth.timezone", "fields": {"description": "Africa/Kinshasa"}}, {"pk": 530, "model": "auth.timezone", "fields": {"description": "Africa/Accra"}}, {"pk": 531, "model": "auth.timezone", "fields": {"description": "Africa/Cairo"}}, {"pk": 532, "model": "auth.timezone", "fields": {"description": "Africa/Ceuta"}}, {"pk": 533, "model": "auth.timezone", "fields": {"description": "Africa/Dakar"}}, {"pk": 534, "model": "auth.timezone", "fields": {"description": "Africa/Lagos"}}, {"pk": 535, "model": "auth.timezone", "fields": {"description": "Africa/Tunis"}}, {"pk": 536, "model": "auth.timezone", "fields": {"description": "Africa/Lubumbashi"}}, {"pk": 537, "model": "auth.timezone", "fields": {"description": "Africa/Kigali"}}, {"pk": 538, "model": "auth.timezone", "fields": {"description": "Africa/Malabo"}}, {"pk": 539, "model": "auth.timezone", "fields": {"description": "Africa/Maputo"}}, {"pk": 540, "model": "auth.timezone", "fields": {"description": "Africa/Maseru"}}, {"pk": 541, "model": "auth.timezone", "fields": {"description": "Africa/Porto-Novo"}}, {"pk": 542, "model": "auth.timezone", "fields": {"description": "Africa/Monrovia"}}, {"pk": 543, "model": "auth.timezone", "fields": {"description": "Africa/Luanda"}}, {"pk": 544, "model": "auth.timezone", "fields": {"description": "Africa/Lusaka"}}, {"pk": 545, "model": "auth.timezone", "fields": {"description": "Africa/Niamey"}}, {"pk": 546, "model": "auth.timezone", "fields": {"description": "Africa/Freetown"}}, {"pk": 547, "model": "auth.timezone", "fields": {"description": "Africa/Windhoek"}}, {"pk": 548, "model": "auth.timezone", "fields": {"description": "Africa/Kampala"}}, {"pk": 549, "model": "auth.timezone", "fields": {"description": "Africa/Gaborone"}}, {"pk": 550, "model": "auth.timezone", "fields": {"description": "Africa/Conakry"}}, {"pk": 551, "model": "auth.timezone", "fields": {"description": "Africa/Mogadishu"}}, {"pk": 552, "model": "auth.timezone", "fields": {"description": "Africa/Brazzaville"}}, {"pk": 553, "model": "auth.timezone", "fields": {"description": "Africa/Timbuktu"}}, {"pk": 554, "model": "auth.timezone", "fields": {"description": "Africa/Addis_Ababa"}}, {"pk": 555, "model": "auth.timezone", "fields": {"description": "Africa/Bujumbura"}}, {"pk": 556, "model": "auth.timezone", "fields": {"description": "Africa/Nouakchott"}}, {"pk": 557, "model": "auth.timezone", "fields": {"description": "Africa/Casablanca"}}, {"pk": 558, "model": "auth.timezone", "fields": {"description": "Africa/Mbabane"}}, {"pk": 559, "model": "auth.timezone", "fields": {"description": "Africa/El_Aaiun"}}, {"pk": 560, "model": "auth.timezone", "fields": {"description": "Africa/Libreville"}}, {"pk": 561, "model": "auth.timezone", "fields": {"description": "Africa/Dar_es_Salaam"}}, {"pk": 562, "model": "auth.timezone", "fields": {"description": "Africa/Ouagadougou"}}, {"pk": 563, "model": "auth.timezone", "fields": {"description": "Africa/Khartoum"}}, {"pk": 564, "model": "auth.timezone", "fields": {"description": "Africa/Nairobi"}}, {"pk": 565, "model": "auth.timezone", "fields": {"description": "Africa/Sao_Tome"}}, {"pk": 566, "model": "auth.timezone", "fields": {"description": "Africa/Tripoli"}}, {"pk": 567, "model": "auth.timezone", "fields": {"description": "Africa/Abidjan"}}, {"pk": 568, "model": "auth.timezone", "fields": {"description": "Africa/Djibouti"}}, {"pk": 569, "model": "auth.timezone", "fields": {"description": "Africa/Blantyre"}}, {"pk": 8, "model": "auth.emaildomain", "fields": {"domainname": "robogals.ch"}}, {"pk": 4, "model": "auth.emaildomain", "fields": {"domainname": "robogals.eu"}}, {"pk": 6, "model": "auth.emaildomain", "fields": {"domainname": "robogals.ie"}}, {"pk": 7, "model": "auth.emaildomain", "fields": {"domainname": "robogals.nl"}}, {"pk": 1, "model": "auth.emaildomain", "fields": {"domainname": "robogals.org"}}, {"pk": 2, "model": "auth.emaildomain", "fields": {"domainname": "robogals.org.au"}}, {"pk": 5, "model": "auth.emaildomain", "fields": {"domainname": "robogals.org.nz"}}, {"pk": 3, "model": "auth.emaildomain", "fields": {"domainname": "robogals.org.uk"}}, {"pk": 9, "model": "auth.emaildomain", "fields": {"domainname": "usa.robogals.org"}}, {"pk": 1, "model": "auth.group", "fields": {"status": 0, "smstext": "", "notify_list": null, "photo": "unipics/global-myrobogals.jpg", "ftp_path": "", "welcome_email_msg": "Dear {user.first_name},\r\n\r\nThankyou for joining {chapter.name}!\r\n\r\nYour username and password for myRobogals can be found below:\r\n\r\nUsername: {user.username}\r\nPassword: {plaintext_password}\r\nLogin at https://my.robogals.org\r\n\r\nRegards,\r\n\r\n{chapter.name}\r\n", "creation_date": "2008-07-14", "name_display": 0, "postcode": "3052", "notify_enable": false, "tshirt_enable": false, "timezone": 483, "tshirt_required": false, "default_email_domain": [1], "display_columns": [26, 4, 15, 10, 6], "city": "Melbourne University", "student_union_enable": false, "student_number_enable": false, "mobile_regexes": 1, "infobox": "", "state": "VIC", "join_page": "You can't join Robogals Global directly - please choose one of our chapters instead :)", "location": "Melbourne, Australia", "tshirt_label": "T-shirt size", "faculty_email": "", "student_number_required": false, "welcome_email_enable": false, "website_url": "http://www.robogals.org/", "ftp_host": "", "short_en": "Global", "ftp_user": "", "student_union_label": "", "parent": null, "faculty_department": "", "facebook_url": "http://www.facebook.com/robogals", "invite_email_msg": "", "is_joinable": false, "ftp_pass": "", "faculty_position": "", "address": "PO Box 4435", "student_union_required": false, "student_number_label": "", "goal": null, "sms_limit": 1000, "name": "Robogals Global", "upload_exec_list": false, "goal_start": null, "short": "Global", "myrobogals_url": "global", "welcome_email_subject": "Welcome to Robogals!", "country": "AU", "university": null, "emailtext": "", "faculty_contact": "", "welcome_email_html": false, "invite_email_html": false, "faculty_phone": "", "welcome_page": "Congratulations on becoming a member of {chapter.name}, and welcome to the international network of Robogals members - students around the world committed to increasing female participation in engineering!<br>\r\n<br>\r\nYour member account has been created - simply log in using the form to the left.", "invite_email_subject": ""}}, {"pk": 2, "model": "auth.group", "fields": {"status": 0, "smstext": "", "notify_list": null, "photo": "", "ftp_path": "", "welcome_email_msg": "Dear {user.first_name},\r\n\r\nThankyou for joining {chapter.name}!\r\n\r\nYour username and password for myRobogals can be found below:\r\n\r\nUsername: {user.username}\r\nPassword: {plaintext_password}\r\nLogin at https://my.robogals.org\r\n\r\nRegards,\r\n\r\n{chapter.name}\r\n", "creation_date": "2010-09-10", "name_display": 0, "postcode": "3052", "notify_enable": false, "tshirt_enable": false, "timezone": 483, "tshirt_required": false, "default_email_domain": [2, 5], "display_columns": [26, 4, 15, 6], "city": "Melbourne University", "student_union_enable": false, "student_number_enable": false, "mobile_regexes": 1, "infobox": "", "state": "VIC", "join_page": "", "location": "Melbourne, Australia", "tshirt_label": "", "faculty_email": "", "student_number_required": false, "welcome_email_enable": false, "website_url": "http://www.robogals.org.au/", "ftp_host": "", "short_en": "Asia Pacific", "ftp_user": "", "student_union_label": "", "parent": 1, "faculty_department": "", "facebook_url": "", "invite_email_msg": "", "is_joinable": false, "ftp_pass": "", "faculty_position": "", "address": "PO Box 4435", "student_union_required": false, "student_number_label": "", "goal": 0, "sms_limit": 1000, "name": "Robogals Asia Pacific", "upload_exec_list": false, "goal_start": null, "short": "Asia Pacific", "myrobogals_url": "asiapac", "welcome_email_subject": "Welcome to Robogals!", "country": "AU", "university": null, "emailtext": "", "faculty_contact": "", "welcome_email_html": false, "invite_email_html": false, "faculty_phone": "", "welcome_page": "Congratulations on becoming a member of {chapter.name}, and welcome to the international network of Robogals members - students around the world committed to increasing female participation in engineering!<br>\r\n<br>\r\nYour member account has been created - simply log in using the form to the left.", "invite_email_subject": ""}}, {"pk": 3, "model": "auth.group", "fields": {"status": 0, "smstext": "", "notify_list": null, "photo": "unipics/melbourne_.jpg", "ftp_path": "", "welcome_email_msg": "Dear {user.first_name},\r\n\r\nThankyou for joining {chapter.name}!\r\n\r\nYour username and password for myRobogals can be found below:\r\n\r\nUsername: {user.username}\r\nPassword: {plaintext_password}\r\nLogin at https://my.robogals.org\r\n\r\nRegards,\r\n\r\n{chapter.name}\r\n", "creation_date": "2008-07-14", "name_display": 0, "postcode": "3052", "notify_enable": false, "tshirt_enable": false, "timezone": 483, "tshirt_required": false, "default_email_domain": [2], "display_columns": [26, 4, 15, 29], "city": "Melbourne University", "student_union_enable": true, "student_number_enable": true, "mobile_regexes": 1, "infobox": "It all started here! :)", "state": "VIC", "join_page": "", "location": "Melbourne, Australia", "tshirt_label": "", "faculty_email": "jse@unimelb.edu.au", "student_number_required": false, "welcome_email_enable": true, "website_url": "http://melbourne.robogals.org.au/", "ftp_host": "", "short_en": "Melbourne", "ftp_user": "", "student_union_label": "Student union member", "parent": 2, "faculty_department": "Melbourne School of Engineering", "facebook_url": "http://www.facebook.com/pages/Robogals-Melbourne/194015920671150", "invite_email_msg": "", "is_joinable": true, "ftp_pass": "", "faculty_position": "Associate Dean (Academic)", "address": "PO Box 4435", "student_union_required": false, "student_number_label": "Student number", "goal": 500, "sms_limit": 1000, "name": "Robogals Melbourne", "upload_exec_list": true, "goal_start": "2011-09-26", "short": "Melbourne", "myrobogals_url": "melbourne", "welcome_email_subject": "Welcome to Robogals!", "country": "AU", "university": 1, "emailtext": "", "faculty_contact": "Professor Jamie Evans", "welcome_email_html": false, "invite_email_html": false, "faculty_phone": "+61 3 8344 7687", "welcome_page": "Congratulations on becoming a member of {chapter.name}, and welcome to the international network of Robogals members - students around the world committed to increasing female participation in engineering!<br>\r\n<br>\r\nYour member account has been created - simply log in using the form to the left.", "invite_email_subject": ""}}, {"pk": 4, "model": "auth.group", "fields": {"status": 0, "smstext": "", "notify_list": null, "photo": "unipics/unsw.jpg", "ftp_path": "", "welcome_email_msg": "Dear {user.first_name},\r\n\r\nThankyou for joining {chapter.name}!\r\n\r\nYour username and password for myRobogals can be found below:\r\n\r\nUsername: {user.username}\r\nPassword: {plaintext_password}\r\nLogin at https://my.robogals.org\r\n\r\nRegards,\r\n\r\n{chapter.name}\r\n", "creation_date": "2009-10-01", "name_display": 0, "postcode": "2052", "notify_enable": false, "tshirt_enable": true, "timezone": 484, "tshirt_required": true, "default_email_domain": [2], "display_columns": [26, 4, 25, 9, 21], "city": "UNSW Sydney", "student_union_enable": true, "student_number_enable": true, "mobile_regexes": 1, "infobox": "", "state": "NSW", "join_page": "", "location": "Sydney, Australia", "tshirt_label": "T-shirt size", "faculty_email": "", "student_number_required": true, "welcome_email_enable": true, "website_url": "http://sydney.robogals.org.au/", "ftp_host": "", "short_en": "Sydney", "ftp_user": "", "student_union_label": "Arc member", "parent": 2, "faculty_department": "", "facebook_url": "http://www.facebook.com/group.php?gid=144979354405", "invite_email_msg": "", "is_joinable": true, "ftp_pass": "", "faculty_position": "", "address": "c/- Brenda Ford\r\nSchool of Computer Science & Engineering", "student_union_required": false, "student_number_label": "Student number", "goal": 0, "sms_limit": 1000, "name": "Robogals UNSW", "upload_exec_list": true, "goal_start": null, "short": "Sydney", "myrobogals_url": "sydney", "welcome_email_subject": "Welcome to Robogals!", "country": "AU", "university": 3, "emailtext": "", "faculty_contact": "", "welcome_email_html": false, "invite_email_html": false, "faculty_phone": "", "welcome_page": "Congratulations on becoming a member of {chapter.name}, and welcome to the international network of Robogals members - students around the world committed to increasing female participation in engineering!<br>\r\n<br>\r\nYour member account has been created - simply log in using the form to the left.", "invite_email_subject": ""}}, {"pk": 8, "model": "auth.group", "fields": {"status": 0, "smstext": "", "notify_list": null, "photo": "unipics/eu-myrobogals.jpg", "ftp_path": "", "welcome_email_msg": "Dear {user.first_name},\r\n\r\nThankyou for joining {chapter.name}!\r\n\r\nYour username and password for myRobogals can be found below:\r\n\r\nUsername: {user.username}\r\nPassword: {plaintext_password}\r\nLogin at https://my.robogals.org\r\n\r\nRegards,\r\n\r\n{chapter.name}\r\n", "creation_date": "2011-02-11", "name_display": 0, "postcode": "", "notify_enable": false, "tshirt_enable": false, "timezone": 356, "tshirt_required": false, "default_email_domain": [8, 4, 6, 7, 3], "display_columns": [26, 4, 15], "city": "", "student_union_enable": false, "student_number_enable": false, "mobile_regexes": 3, "infobox": "", "state": "", "join_page": "", "location": "London, UK", "tshirt_label": "", "faculty_email": "", "student_number_required": false, "welcome_email_enable": true, "website_url": "http://www.robogals.org.uk/", "ftp_host": "", "short_en": "UK & Europe", "ftp_user": "", "student_union_label": "", "parent": 1, "faculty_department": "", "facebook_url": "", "invite_email_msg": "", "is_joinable": false, "ftp_pass": "", "faculty_position": "", "address": "", "student_union_required": false, "student_number_label": "", "goal": 0, "sms_limit": 1000, "name": "Robogals UK & Europe", "upload_exec_list": false, "goal_start": null, "short": "UK & Europe", "myrobogals_url": "eu", "welcome_email_subject": "Welcome to Robogals!", "country": "GB", "university": null, "emailtext": "", "faculty_contact": "", "welcome_email_html": false, "invite_email_html": false, "faculty_phone": "", "welcome_page": "Congratulations on becoming a member of {chapter.name}, and welcome to the international network of Robogals members - students around the world committed to increasing female participation in engineering!<br>\r\n<br>\r\nYour member account has been created - simply log in using the form to the left.", "invite_email_subject": ""}}, {"pk": 20, "model": "auth.group", "fields": {"status": 0, "smstext": "", "notify_list": null, "photo": "unipics/rrr.jpg", "ftp_path": "", "welcome_email_msg": "Dear {user.first_name},\r\n\r\nThankyou for joining {chapter.name}!\r\n\r\nYour username and password for myRobogals can be found below:\r\n\r\nUsername: {user.username}\r\nPassword: {plaintext_password}\r\nLogin at https://my.robogals.org\r\n\r\nRegards,\r\n\r\n{chapter.name}\r\n", "creation_date": "2011-03-19", "name_display": 0, "postcode": "3052", "notify_enable": false, "tshirt_enable": false, "timezone": 483, "tshirt_required": false, "default_email_domain": [1], "display_columns": [26, 4, 15, 14], "city": "Melbourne University", "student_union_enable": false, "student_number_enable": false, "mobile_regexes": 1, "infobox": "", "state": "VIC", "join_page": "", "location": "Australia-wide", "tshirt_label": "T-shirt size", "faculty_email": "", "student_number_required": false, "welcome_email_enable": true, "website_url": "http://www.robogals.org.au/about/rrr", "ftp_host": "", "short_en": "Robogals Rural & Regional", "ftp_user": "", "student_union_label": "", "parent": 24, "faculty_department": "", "facebook_url": "", "invite_email_msg": "", "is_joinable": true, "ftp_pass": "", "faculty_position": "", "address": "PO Box 4435", "student_union_required": false, "student_number_label": "", "goal": 0, "sms_limit": 1000, "name": "Robogals Rural & Regional", "upload_exec_list": false, "goal_start": null, "short": "Robogals Rural & Regional", "myrobogals_url": "rrr", "welcome_email_subject": "Welcome to Robogals!", "country": "AU", "university": null, "emailtext": "", "faculty_contact": "", "welcome_email_html": false, "invite_email_html": false, "faculty_phone": "", "welcome_page": "Thanks for joining the Robogals Rural and Regional programme, and welcome to the international network of Robogals members - students around the world committed to increasing female participation in engineering!<br>\r\n<br>\r\nYour member account has been created - simply log in using the form to the left.", "invite_email_subject": ""}}, {"pk": 9, "model": "auth.group", "fields": {"status": 0, "smstext": "", "notify_list": null, "photo": "unipics/imperial.jpg", "ftp_path": "", "welcome_email_msg": "Dear {user.first_name},\r\n\r\nThankyou for joining {chapter.name}!\r\n\r\nYour username and password for myRobogals can be found below:\r\n\r\nUsername: {user.username}\r\nPassword: {plaintext_password}\r\nLogin at https://my.robogals.org\r\n\r\nRegards,\r\n\r\n{chapter.name}\r\n", "creation_date": "2009-02-15", "name_display": 0, "postcode": "", "notify_enable": false, "tshirt_enable": false, "timezone": 356, "tshirt_required": false, "default_email_domain": [3], "display_columns": [26, 4, 15, 29], "city": "", "student_union_enable": false, "student_number_enable": false, "mobile_regexes": 3, "infobox": "", "state": "", "join_page": "", "location": "London, UK", "tshirt_label": "", "faculty_email": "", "student_number_required": false, "welcome_email_enable": true, "website_url": "http://london.robogals.org.uk/", "ftp_host": "", "short_en": "London", "ftp_user": "", "student_union_label": "", "parent": 8, "faculty_department": "", "facebook_url": "", "invite_email_msg": "", "is_joinable": true, "ftp_pass": "", "faculty_position": "", "address": "", "student_union_required": false, "student_number_label": "", "goal": 0, "sms_limit": 1000, "name": "Robogals London", "upload_exec_list": true, "goal_start": null, "short": "London", "myrobogals_url": "london", "welcome_email_subject": "Welcome to Robogals!", "country": "GB", "university": 2, "emailtext": "", "faculty_contact": "", "welcome_email_html": false, "invite_email_html": false, "faculty_phone": "", "welcome_page": "Congratulations on becoming a member of {chapter.name}, and welcome to the international network of Robogals members - students around the world committed to increasing female participation in engineering!<br>\r\n<br>\r\nYour member account has been created - simply log in using the form to the left.", "invite_email_subject": ""}}, {"pk": 14, "model": "auth.group", "fields": {"status": 0, "smstext": "", "notify_list": null, "photo": "unipics/manchester.jpg", "ftp_path": "", "welcome_email_msg": "Dear {user.first_name},\r\n\r\nThankyou for joining {chapter.name}!\r\n\r\nYour username and password for myRobogals can be found below:\r\n\r\nUsername: {user.username}\r\nPassword: {plaintext_password}\r\nLogin at https://my.robogals.org\r\n\r\n\r\n\r\n\r\nRegards,\r\n\r\n{chapter.name}\r\n\r\n\r\nTo unsubscribe from our mailing list, email eejane@robogals.org.uk", "creation_date": "2010-04-25", "name_display": 0, "postcode": "", "notify_enable": false, "tshirt_enable": false, "timezone": 356, "tshirt_required": false, "default_email_domain": [3], "display_columns": [26, 15, 9, 29, 28], "city": "", "student_union_enable": false, "student_number_enable": false, "mobile_regexes": 3, "infobox": "Having spent last term helping schools with the FLL tournament held on campus in December we then took a bit of time off from teaching to organise the UK SINE. \r\n\r\nAt the time of writing were rebuilding our exec and getting some ideas together for a fantastic year.\r\n\r\n - Feb 2011", "state": "", "join_page": "", "location": "Manchester, UK", "tshirt_label": "", "faculty_email": "emma.lewis@manchester.ac.uk", "student_number_required": false, "welcome_email_enable": true, "website_url": "http://manchester.robogals.org.uk/", "ftp_host": "", "short_en": "Manchester", "ftp_user": "", "student_union_label": "", "parent": 8, "faculty_department": "Widening Participation Office", "facebook_url": "", "invite_email_msg": "", "is_joinable": true, "ftp_pass": "", "faculty_position": "Undergraduate enrichment and outreach", "address": "", "student_union_required": false, "student_number_label": "", "goal": 0, "sms_limit": 1000, "name": "Robogals Manchester", "upload_exec_list": true, "goal_start": null, "short": "Manchester", "myrobogals_url": "manchester", "welcome_email_subject": "Welcome to Robogals!", "country": "GB", "university": 11, "emailtext": "", "faculty_contact": "Emma Lewis", "welcome_email_html": false, "invite_email_html": false, "faculty_phone": "", "welcome_page": "Congratulations on becoming a member of {chapter.name}, and welcome to the international network of Robogals members - students around the world committed to increasing female participation in engineering!<br>\r\n<br>\r\nYour member account has been created - simply log in using the form to the left.", "invite_email_subject": ""}}, {"pk": 21, "model": "auth.group", "fields": {"status": 0, "smstext": "", "notify_list": null, "photo": "unipics/usacanada.jpg", "ftp_path": "", "welcome_email_msg": "", "creation_date": "2012-02-25", "name_display": 0, "postcode": "", "notify_enable": false, "tshirt_enable": false, "timezone": 317, "tshirt_required": false, "default_email_domain": [9], "display_columns": [26, 4, 15], "city": "", "student_union_enable": false, "student_number_enable": false, "mobile_regexes": 7, "infobox": "", "state": "", "join_page": "", "location": "Pasadena, California, USA", "tshirt_label": "", "faculty_email": "", "student_number_required": false, "welcome_email_enable": false, "website_url": "", "ftp_host": "", "short_en": "North America", "ftp_user": "", "student_union_label": "", "parent": 1, "faculty_department": "", "facebook_url": "", "invite_email_msg": "", "is_joinable": false, "ftp_pass": "", "faculty_position": "", "address": "", "student_union_required": false, "student_number_label": "", "goal": 0, "sms_limit": 0, "name": "Robogals North America", "upload_exec_list": false, "goal_start": null, "short": "North America", "myrobogals_url": "na", "welcome_email_subject": "", "country": "US", "university": null, "emailtext": "", "faculty_contact": "", "welcome_email_html": false, "invite_email_html": false, "faculty_phone": "", "welcome_page": "", "invite_email_subject": ""}}, {"pk": 22, "model": "auth.group", "fields": {"status": 0, "smstext": "", "notify_list": null, "photo": "unipics/caltech.jpg", "ftp_path": "", "welcome_email_msg": "Dear {user.first_name},\r\n\r\nThankyou for joining {chapter.name}!\r\n\r\nYour username and password for myRobogals can be found below:\r\n\r\nUsername: {user.username}\r\nPassword: {plaintext_password}\r\nLogin at https://my.robogals.org\r\n\r\nRegards,\r\n\r\n{chapter.name}\r\n", "creation_date": "2012-02-25", "name_display": 0, "postcode": "", "notify_enable": false, "tshirt_enable": false, "timezone": 317, "tshirt_required": false, "default_email_domain": [9], "display_columns": [26, 4, 15, 29], "city": "", "student_union_enable": false, "student_number_enable": false, "mobile_regexes": 7, "infobox": "", "state": "", "join_page": "", "location": "Pasadena, California, USA", "tshirt_label": "", "faculty_email": "", "student_number_required": false, "welcome_email_enable": true, "website_url": "", "ftp_host": "", "short_en": "Pasadena", "ftp_user": "", "student_union_label": "", "parent": 21, "faculty_department": "", "facebook_url": "", "invite_email_msg": "", "is_joinable": false, "ftp_pass": "", "faculty_position": "", "address": "", "student_union_required": false, "student_number_label": "", "goal": 0, "sms_limit": 1000, "name": "Robogals Caltech", "upload_exec_list": false, "goal_start": null, "short": "Pasadena", "myrobogals_url": "pasadena", "welcome_email_subject": "Welcome to Robogals!", "country": "US", "university": 58, "emailtext": "", "faculty_contact": "", "welcome_email_html": false, "invite_email_html": false, "faculty_phone": "", "welcome_page": "Congratulations on becoming a member of {chapter.name}, and welcome to the international network of Robogals members - students around the world committed to increasing female participation in engineering!<br>\r\n<br>\r\nYour member account has been created - simply log in using the form to the left.", "invite_email_subject": ""}}, {"pk": 24, "model": "auth.group", "fields": {"status": 2, "smstext": "", "notify_list": null, "photo": "", "ftp_path": "", "welcome_email_msg": "", "creation_date": "2011-03-19", "name_display": 0, "postcode": "", "notify_enable": false, "tshirt_enable": false, "timezone": 483, "tshirt_required": false, "default_email_domain": [1], "display_columns": [26, 4, 15], "city": "", "student_union_enable": false, "student_number_enable": false, "mobile_regexes": 1, "infobox": "The \"chapters\" in this virtual region are each special projects that don't fall within the traditional chapter structure.", "state": "", "join_page": "", "location": "Melbourne, Australia", "tshirt_label": "", "faculty_email": "", "student_number_required": false, "welcome_email_enable": false, "website_url": "", "ftp_host": "", "short_en": "Special Projects", "ftp_user": "", "student_union_label": "", "parent": 1, "faculty_department": "", "facebook_url": "", "invite_email_msg": "", "is_joinable": false, "ftp_pass": "", "faculty_position": "", "address": "", "student_union_required": false, "student_number_label": "", "goal": 0, "sms_limit": 0, "name": "Special Projects", "upload_exec_list": false, "goal_start": null, "short": "Special Projects", "myrobogals_url": "special", "welcome_email_subject": "", "country": "AU", "university": null, "emailtext": "", "faculty_contact": "", "welcome_email_html": false, "invite_email_html": false, "faculty_phone": "", "welcome_page": "", "invite_email_subject": ""}}, {"pk": 26, "model": "auth.group", "fields": {"status": 0, "smstext": "", "notify_list": null, "photo": "", "ftp_path": "", "welcome_email_msg": "Dear {user.first_name},\r\n\r\nThankyou for joining {chapter.name}!\r\n\r\nYour username and password for myRobogals can be found below:\r\n\r\nUsername: {user.username}\r\nPassword: {plaintext_password}\r\nLogin at https://my.robogals.org\r\n\r\nRegards,\r\n\r\n{chapter.name}\r\n", "creation_date": "2011-10-01", "name_display": 0, "postcode": "", "notify_enable": false, "tshirt_enable": false, "timezone": 93, "tshirt_required": false, "default_email_domain": [1], "display_columns": [26, 4, 15], "city": "", "student_union_enable": false, "student_number_enable": false, "mobile_regexes": 8, "infobox": "", "state": "", "join_page": "", "location": "Tokyo, Japan", "tshirt_label": "", "faculty_email": "", "student_number_required": false, "welcome_email_enable": true, "website_url": "", "ftp_host": "", "short_en": "Tokyo", "ftp_user": "", "student_union_label": "", "parent": 2, "faculty_department": "", "facebook_url": "", "invite_email_msg": "", "is_joinable": true, "ftp_pass": "", "faculty_position": "", "address": "", "student_union_required": false, "student_number_label": "", "goal": 0, "sms_limit": 0, "name": "Robogals Tokyo", "upload_exec_list": false, "goal_start": null, "short": "Tokyo", "myrobogals_url": "tokyo", "welcome_email_subject": "Welcome to Robogals!", "country": "JP", "university": 60, "emailtext": "", "faculty_contact": "", "welcome_email_html": false, "invite_email_html": false, "faculty_phone": "", "welcome_page": "Congratulations on becoming a member of {chapter.name}, and welcome to the international network of Robogals members - students around the world committed to increasing female participation in engineering!<br>\r\n<br>\r\nYour member account has been created - simply log in using the form to the left.", "invite_email_subject": ""}}, {"pk": 31, "model": "auth.group", "fields": {"status": 0, "smstext": "", "notify_list": null, "photo": "unipics/columbia.jpg", "ftp_path": "", "welcome_email_msg": "Dear {user.first_name},\r\n\r\nThankyou for joining {chapter.name}!\r\n\r\nYour username and password for myRobogals can be found below:\r\n\r\nUsername: {user.username}\r\nPassword: {plaintext_password}\r\nLogin at https://my.robogals.org\r\n\r\nRegards,\r\n\r\n{chapter.name}\r\n", "creation_date": "2012-02-25", "name_display": 0, "postcode": "", "notify_enable": false, "tshirt_enable": false, "timezone": 251, "tshirt_required": false, "default_email_domain": [9], "display_columns": [26, 4, 15], "city": "", "student_union_enable": false, "student_number_enable": false, "mobile_regexes": 7, "infobox": "", "state": "", "join_page": "", "location": "New York, New York, USA", "tshirt_label": "", "faculty_email": "", "student_number_required": false, "welcome_email_enable": true, "website_url": "", "ftp_host": "", "short_en": "New York", "ftp_user": "", "student_union_label": "", "parent": 21, "faculty_department": "", "facebook_url": "", "invite_email_msg": "", "is_joinable": true, "ftp_pass": "", "faculty_position": "", "address": "", "student_union_required": false, "student_number_label": "", "goal": 0, "sms_limit": 1000, "name": "Robogals Columbia", "upload_exec_list": false, "goal_start": null, "short": "New York", "myrobogals_url": "ny", "welcome_email_subject": "Welcome to Robogals!", "country": "US", "university": 63, "emailtext": "", "faculty_contact": "", "welcome_email_html": false, "invite_email_html": false, "faculty_phone": "", "welcome_page": "Congratulations on becoming a member of {chapter.name}, and welcome to the international network of Robogals members - students around the world committed to increasing female participation in engineering!<br>\r\n<br>\r\nYour member account has been created - simply log in using the form to the left.", "invite_email_subject": ""}}, {"pk": 1, "model": "auth.memberstatustype", "fields": {"chapter": null, "description": "Student", "type_of_person": 1}}, {"pk": 2, "model": "auth.memberstatustype", "fields": {"chapter": null, "description": "Alumni", "type_of_person": 2}}, {"pk": 3, "model": "auth.memberstatustype", "fields": {"chapter": null, "description": "Industry", "type_of_person": 2}}, {"pk": 4, "model": "auth.memberstatustype", "fields": {"chapter": null, "description": "Life Member", "type_of_person": 0}}, {"pk": 5, "model": "auth.memberstatustype", "fields": {"chapter": null, "description": "Other", "type_of_person": 0}}, {"pk": 8, "model": "auth.memberstatustype", "fields": {"chapter": null, "description": "Newsletter subscriber", "type_of_person": 0}}, {"pk": 2023, "model": "auth.memberstatus", "fields": {"status_date_end": null, "status_date_start": "2012-04-19", "statusType": 5, "user": 1735}}, {"pk": 1510, "model": "auth.memberstatus", "fields": {"status_date_end": null, "status_date_start": "2012-02-25", "statusType": 1, "user": 1310}}, {"pk": 1506, "model": "auth.memberstatus", "fields": {"status_date_end": null, "status_date_start": "2012-02-25", "statusType": 1, "user": 1306}}, {"pk": 1499, "model": "auth.memberstatus", "fields": {"status_date_end": null, "status_date_start": "2012-02-25", "statusType": 1, "user": 1299}}, {"pk": 1498, "model": "auth.memberstatus", "fields": {"status_date_end": null, "status_date_start": "2012-02-25", "statusType": 1, "user": 1298}}, {"pk": 1496, "model": "auth.memberstatus", "fields": {"status_date_end": null, "status_date_start": "2012-02-25", "statusType": 1, "user": 1296}}, {"pk": 617, "model": "auth.memberstatus", "fields": {"status_date_end": null, "status_date_start": "2011-10-01", "statusType": 1, "user": 659}}, {"pk": 629, "model": "auth.memberstatus", "fields": {"status_date_end": null, "status_date_start": "2011-08-10", "statusType": 1, "user": 671}}, {"pk": 632, "model": "auth.memberstatus", "fields": {"status_date_end": null, "status_date_start": "2011-08-10", "statusType": 1, "user": 674}}, {"pk": 633, "model": "auth.memberstatus", "fields": {"status_date_end": null, "status_date_start": "2011-08-10", "statusType": 1, "user": 675}}, {"pk": 635, "model": "auth.memberstatus", "fields": {"status_date_end": null, "status_date_start": "2011-08-10", "statusType": 1, "user": 677}}, {"pk": 636, "model": "auth.memberstatus", "fields": {"status_date_end": null, "status_date_start": "2011-08-10", "statusType": 1, "user": 678}}, {"pk": 619, "model": "auth.memberstatus", "fields": {"status_date_end": null, "status_date_start": "2011-08-06", "statusType": 1, "user": 661}}, {"pk": 606, "model": "auth.memberstatus", "fields": {"status_date_end": null, "status_date_start": "2011-08-02", "statusType": 1, "user": 648}}, {"pk": 572, "model": "auth.memberstatus", "fields": {"status_date_end": null, "status_date_start": "2011-07-08", "statusType": 1, "user": 614}}, {"pk": 563, "model": "auth.memberstatus", "fields": {"status_date_end": null, "status_date_start": "2011-07-07", "statusType": 1, "user": 605}}, {"pk": 544, "model": "auth.memberstatus", "fields": {"status_date_end": null, "status_date_start": "2011-06-18", "statusType": 1, "user": 586}}, {"pk": 496, "model": "auth.memberstatus", "fields": {"status_date_end": null, "status_date_start": "2011-04-17", "statusType": 1, "user": 539}}, {"pk": 483, "model": "auth.memberstatus", "fields": {"status_date_end": null, "status_date_start": "2011-04-10", "statusType": 1, "user": 526}}, {"pk": 216, "model": "auth.memberstatus", "fields": {"status_date_end": null, "status_date_start": "2011-02-20", "statusType": 1, "user": 257}}, {"pk": 151, "model": "auth.memberstatus", "fields": {"status_date_end": null, "status_date_start": "2010-11-20", "statusType": 1, "user": 192}}, {"pk": 149, "model": "auth.memberstatus", "fields": {"status_date_end": null, "status_date_start": "2010-11-17", "statusType": 1, "user": 190}}, {"pk": 137, "model": "auth.memberstatus", "fields": {"status_date_end": null, "status_date_start": "2010-10-29", "statusType": 1, "user": 178}}, {"pk": 111, "model": "auth.memberstatus", "fields": {"status_date_end": null, "status_date_start": "2010-09-10", "statusType": 1, "user": 152}}, {"pk": 52, "model": "auth.memberstatus", "fields": {"status_date_end": null, "status_date_start": "2010-04-25", "statusType": 1, "user": 117}}, {"pk": 54, "model": "auth.memberstatus", "fields": {"status_date_end": null, "status_date_start": "2010-04-25", "statusType": 1, "user": 120}}, {"pk": 55, "model": "auth.memberstatus", "fields": {"status_date_end": null, "status_date_start": "2010-04-25", "statusType": 1, "user": 122}}, {"pk": 71, "model": "auth.memberstatus", "fields": {"status_date_end": null, "status_date_start": "2010-04-25", "statusType": 1, "user": 92}}, {"pk": 31, "model": "auth.memberstatus", "fields": {"status_date_end": null, "status_date_start": "2009-10-01", "statusType": 1, "user": 30}}, {"pk": 42, "model": "auth.memberstatus", "fields": {"status_date_end": null, "status_date_start": "2009-03-01", "statusType": 1, "user": 41}}, {"pk": 8, "model": "auth.memberstatus", "fields": {"status_date_end": null, "status_date_start": "2008-08-15", "statusType": 1, "user": 7}}, {"pk": 6, "model": "auth.memberstatus", "fields": {"status_date_end": null, "status_date_start": "2008-07-14", "statusType": 1, "user": 1}}, {"pk": 1, "model": "auth.memberstatus", "fields": {"status_date_end": null, "status_date_start": "2008-07-14", "statusType": 1, "user": 5}}, {"pk": 674, "model": "auth.user", "fields": {"website": "", "last_name": "Henderson", "uni_end": null, "student_type": 0, "photo": "", "email_reminder_optin": true, "internal_notes": "", "email_public": false, "union_member": false, "course": "", "tshirt": null, "is_staff": true, "alt_email": "", "trained": false, "student_number": "", "user_permissions": [], "timezone": null, "mobile_marketing_optin": true, "email_othernewsletter_optin": true, "date_joined": "2011-08-13 00:00:00", "first_name": "Alison", "mobile_reminder_optin": true, "email_chapter_optin": true, "course_type": 0, "is_superuser": false, "last_login": "2011-08-14 23:20:58", "email": "alison@notrealaddress.com", "job_title": "", "username": "alison", "bio": "", "new_email": "", "company": "", "is_active": true, "uni_start": null, "password": "sha1$94a0b$60b025513f86dc59ea0ab56a867913dde887ff28", "chapter": 20, "email_newsletter_optin": true, "dob": null, "gender": 2, "university": 20, "privacy": 5, "name_display": null, "mobile": "", "dob_public": false, "mobile_verified": false}}, {"pk": 678, "model": "auth.user", "fields": {"website": "", "last_name": "McKenna", "uni_end": "2013-11-01", "student_type": 1, "photo": "", "email_reminder_optin": true, "internal_notes": "", "email_public": false, "union_member": false, "course": "Mining Engineering", "tshirt": null, "is_staff": false, "alt_email": "", "trained": false, "student_number": "", "user_permissions": [], "timezone": null, "mobile_marketing_optin": true, "email_othernewsletter_optin": true, "date_joined": "2011-08-13 00:00:00", "first_name": "Ashlee", "mobile_reminder_optin": true, "email_chapter_optin": true, "course_type": 1, "is_superuser": false, "last_login": "2011-12-06 05:44:30", "email": "ashlee@notrealaddress.com", "job_title": "", "username": "ashlee", "bio": "", "new_email": "", "company": "", "is_active": true, "uni_start": "2009-03-01", "password": "sha1$94a0b$60b025513f86dc59ea0ab56a867913dde887ff28", "chapter": 20, "email_newsletter_optin": true, "dob": null, "gender": 2, "university": 36, "privacy": 5, "name_display": null, "mobile": "", "dob_public": false, "mobile_verified": false}}, {"pk": 7, "model": "auth.user", "fields": {"website": "", "last_name": "Martin", "uni_end": "2012-11-01", "student_type": 1, "photo": "", "email_reminder_optin": true, "internal_notes": "", "email_public": true, "union_member": true, "course": "Bachelor of Commerce", "tshirt": null, "is_staff": true, "alt_email": "", "trained": false, "student_number": "", "user_permissions": [], "timezone": null, "mobile_marketing_optin": true, "email_othernewsletter_optin": true, "date_joined": "2008-08-15 00:00:00", "first_name": "Rebecca", "mobile_reminder_optin": true, "email_chapter_optin": true, "course_type": 1, "is_superuser": false, "last_login": "2012-03-08 01:35:42", "email": "britney@notrealaddress.com", "job_title": "", "username": "britney", "bio": "", "new_email": "", "company": "", "is_active": true, "uni_start": null, "password": "sha1$94a0b$60b025513f86dc59ea0ab56a867913dde887ff28", "chapter": 1, "email_newsletter_optin": true, "dob": null, "gender": 2, "university": 1, "privacy": 20, "name_display": null, "mobile": "", "dob_public": false, "mobile_verified": false}}, {"pk": 1299, "model": "auth.user", "fields": {"website": "", "last_name": "Subers", "uni_end": null, "student_type": 0, "photo": "", "email_reminder_optin": true, "internal_notes": "", "email_public": false, "union_member": false, "course": "", "tshirt": null, "is_staff": true, "alt_email": "", "trained": false, "student_number": "", "user_permissions": [], "timezone": null, "mobile_marketing_optin": true, "email_othernewsletter_optin": true, "date_joined": "2012-02-25 00:00:00", "first_name": "Brittany", "mobile_reminder_optin": true, "email_chapter_optin": true, "course_type": 0, "is_superuser": false, "last_login": "2012-02-20 07:13:10", "email": "brittany@notrealaddress.com", "job_title": "", "username": "brittany", "bio": "", "new_email": "", "company": "", "is_active": true, "uni_start": null, "password": "sha1$94a0b$60b025513f86dc59ea0ab56a867913dde887ff28", "chapter": 31, "email_newsletter_optin": true, "dob": null, "gender": 2, "university": 63, "privacy": 5, "name_display": null, "mobile": "", "dob_public": false, "mobile_verified": false}}, {"pk": 539, "model": "auth.user", "fields": {"website": "", "last_name": "Chan", "uni_end": "2012-11-01", "student_type": 2, "photo": "", "email_reminder_optin": true, "internal_notes": "", "email_public": false, "union_member": false, "course": "Engineering", "tshirt": null, "is_staff": true, "alt_email": "", "trained": false, "student_number": "", "user_permissions": [], "timezone": null, "mobile_marketing_optin": true, "email_othernewsletter_optin": true, "date_joined": "2011-04-17 07:35:30", "first_name": "Joanne", "mobile_reminder_optin": true, "email_chapter_optin": true, "course_type": 1, "is_superuser": false, "last_login": "2012-03-06 10:37:54", "email": "chancyj@notrealaddress.com", "job_title": "", "username": "chancyj", "bio": "", "new_email": "", "company": "", "is_active": true, "uni_start": null, "password": "sha1$94a0b$60b025513f86dc59ea0ab56a867913dde887ff28", "chapter": 2, "email_newsletter_optin": true, "dob": null, "gender": 2, "university": 1, "privacy": 20, "name_display": null, "mobile": "", "dob_public": false, "mobile_verified": false}}, {"pk": 1310, "model": "auth.user", "fields": {"website": "", "last_name": "Kim", "uni_end": null, "student_type": 0, "photo": "", "email_reminder_optin": true, "internal_notes": "", "email_public": false, "union_member": false, "course": "", "tshirt": null, "is_staff": true, "alt_email": "", "trained": false, "student_number": "", "user_permissions": [], "timezone": null, "mobile_marketing_optin": true, "email_othernewsletter_optin": true, "date_joined": "2012-02-25 00:00:00", "first_name": "Do Hee", "mobile_reminder_optin": true, "email_chapter_optin": true, "course_type": 0, "is_superuser": false, "last_login": "2012-02-25 23:04:55", "email": "dohee@notrealaddress.com", "job_title": "", "username": "dohee", "bio": "", "new_email": "", "company": "", "is_active": true, "uni_start": null, "password": "sha1$94a0b$60b025513f86dc59ea0ab56a867913dde887ff28", "chapter": 22, "email_newsletter_optin": true, "dob": null, "gender": 2, "university": 58, "privacy": 5, "name_display": null, "mobile": "", "dob_public": false, "mobile_verified": false}}, {"pk": 1735, "model": "auth.user", "fields": {"website": "", "last_name": "Admin", "uni_end": null, "student_type": 0, "photo": "", "email_reminder_optin": false, "internal_notes": "", "email_public": false, "union_member": false, "course": "", "tshirt": null, "is_staff": false, "alt_email": "", "trained": false, "student_number": "", "user_permissions": [], "timezone": null, "mobile_marketing_optin": false, "email_othernewsletter_optin": false, "date_joined": "2012-04-19 09:17:52", "first_name": "myRobogals", "mobile_reminder_optin": false, "email_chapter_optin": false, "course_type": 0, "is_superuser": false, "last_login": "2012-04-19 09:17:52", "email": "my@robogals.org", "job_title": "", "username": "edit", "bio": "", "new_email": "", "company": "", "is_active": false, "uni_start": null, "password": "!", "chapter": 1, "email_newsletter_optin": false, "dob": null, "gender": 0, "university": null, "privacy": 0, "name_display": null, "mobile": "", "dob_public": false, "mobile_verified": false}}, {"pk": 192, "model": "auth.user", "fields": {"website": "", "last_name": "Low", "uni_end": "2013-07-01", "student_type": 2, "photo": "", "email_reminder_optin": true, "internal_notes": "", "email_public": true, "union_member": false, "course": "Mechanical Engineering (Nuclear)", "tshirt": null, "is_staff": true, "alt_email": "", "trained": true, "student_number": "", "user_permissions": [], "timezone": null, "mobile_marketing_optin": false, "email_othernewsletter_optin": true, "date_joined": "2010-11-20 19:35:33", "first_name": "EeJane", "mobile_reminder_optin": false, "email_chapter_optin": true, "course_type": 1, "is_superuser": false, "last_login": "2012-03-06 22:06:05", "email": "eelow@notrealaddress.com", "job_title": "", "username": "eelow", "bio": "=]", "new_email": "", "company": "", "is_active": true, "uni_start": "2009-09-01", "password": "sha1$94a0b$60b025513f86dc59ea0ab56a867913dde887ff28", "chapter": 14, "email_newsletter_optin": true, "dob": null, "gender": 2, "university": 11, "privacy": 20, "name_display": null, "mobile": "", "dob_public": false, "mobile_verified": false}}, {"pk": 671, "model": "auth.user", "fields": {"website": "", "last_name": "Fox", "uni_end": null, "student_type": 0, "photo": "", "email_reminder_optin": true, "internal_notes": "", "email_public": false, "union_member": false, "course": "", "tshirt": null, "is_staff": false, "alt_email": "", "trained": false, "student_number": "", "user_permissions": [], "timezone": null, "mobile_marketing_optin": true, "email_othernewsletter_optin": true, "date_joined": "2011-08-13 00:00:00", "first_name": "Effie", "mobile_reminder_optin": true, "email_chapter_optin": true, "course_type": 0, "is_superuser": false, "last_login": "2011-12-22 23:27:13", "email": "effie@notrealaddress.com", "job_title": "", "username": "effie", "bio": "", "new_email": "", "company": "", "is_active": true, "uni_start": null, "password": "sha1$94a0b$60b025513f86dc59ea0ab56a867913dde887ff28", "chapter": 20, "email_newsletter_optin": true, "dob": null, "gender": 2, "university": 27, "privacy": 5, "name_display": null, "mobile": "", "dob_public": false, "mobile_verified": false}}, {"pk": 92, "model": "auth.user", "fields": {"website": "", "last_name": "Crichton", "uni_end": null, "student_type": 0, "photo": "", "email_reminder_optin": true, "internal_notes": "", "email_public": true, "union_member": false, "course": "Civil Engineering", "tshirt": null, "is_staff": true, "alt_email": "", "trained": false, "student_number": "", "user_permissions": [], "timezone": null, "mobile_marketing_optin": true, "email_othernewsletter_optin": true, "date_joined": "2010-04-25 00:00:00", "first_name": "Emma", "mobile_reminder_optin": true, "email_chapter_optin": true, "course_type": 0, "is_superuser": true, "last_login": "2012-02-14 09:52:42", "email": "emma@notrealaddress.com", "job_title": "", "username": "emma", "bio": "", "new_email": "", "company": "", "is_active": true, "uni_start": null, "password": "sha1$94a0b$60b025513f86dc59ea0ab56a867913dde887ff28", "chapter": 8, "email_newsletter_optin": true, "dob": null, "gender": 2, "university": 51, "privacy": 5, "name_display": null, "mobile": "", "dob_public": false, "mobile_verified": false}}, {"pk": 1296, "model": "auth.user", "fields": {"website": "", "last_name": "Melchior", "uni_end": null, "student_type": 0, "photo": "", "email_reminder_optin": true, "internal_notes": "", "email_public": false, "union_member": false, "course": "", "tshirt": null, "is_staff": true, "alt_email": "", "trained": false, "student_number": "", "user_permissions": [], "timezone": null, "mobile_marketing_optin": true, "email_othernewsletter_optin": true, "date_joined": "2012-02-25 00:00:00", "first_name": "Gabriela", "mobile_reminder_optin": true, "email_chapter_optin": true, "course_type": 0, "is_superuser": false, "last_login": "2012-03-12 19:40:43", "email": "gabriela@notrealaddress.com", "job_title": "", "username": "gabriela", "bio": "", "new_email": "", "company": "", "is_active": true, "uni_start": null, "password": "sha1$94a0b$60b025513f86dc59ea0ab56a867913dde887ff28", "chapter": 31, "email_newsletter_optin": true, "dob": null, "gender": 2, "university": 63, "privacy": 5, "name_display": null, "mobile": "", "dob_public": false, "mobile_verified": false}}, {"pk": 661, "model": "auth.user", "fields": {"website": "", "last_name": "Gupta", "uni_end": "2014-06-01", "student_type": 1, "photo": "", "email_reminder_optin": true, "internal_notes": "Is really awesome", "email_public": true, "union_member": false, "course": "Mechanical, Aerospace Engineering", "tshirt": null, "is_staff": true, "alt_email": "", "trained": true, "student_number": "", "user_permissions": [], "timezone": null, "mobile_marketing_optin": true, "email_othernewsletter_optin": true, "date_joined": "2011-08-06 23:25:25", "first_name": "Garima", "mobile_reminder_optin": true, "email_chapter_optin": true, "course_type": 1, "is_superuser": false, "last_login": "2012-03-10 02:00:18", "email": "garima@notrealaddress.com", "job_title": "", "username": "garima", "bio": "", "new_email": "", "company": "", "is_active": true, "uni_start": "2010-09-01", "password": "sha1$94a0b$60b025513f86dc59ea0ab56a867913dde887ff28", "chapter": 22, "email_newsletter_optin": true, "dob": null, "gender": 2, "university": 58, "privacy": 10, "name_display": null, "mobile": "", "dob_public": false, "mobile_verified": false}}, {"pk": 586, "model": "auth.user", "fields": {"website": "", "last_name": "Jones", "uni_end": null, "student_type": 0, "photo": "", "email_reminder_optin": true, "internal_notes": "", "email_public": false, "union_member": false, "course": "", "tshirt": null, "is_staff": true, "alt_email": "", "trained": false, "student_number": "", "user_permissions": [], "timezone": null, "mobile_marketing_optin": true, "email_othernewsletter_optin": true, "date_joined": "2011-06-18 10:25:30", "first_name": "Holly", "mobile_reminder_optin": true, "email_chapter_optin": true, "course_type": 0, "is_superuser": false, "last_login": "2011-08-14 00:12:24", "email": "hollyj@notrealaddress.com", "job_title": "", "username": "hollyj", "bio": "", "new_email": "", "company": "", "is_active": true, "uni_start": null, "password": "sha1$94a0b$60b025513f86dc59ea0ab56a867913dde887ff28", "chapter": 20, "email_newsletter_optin": true, "dob": null, "gender": 2, "university": 1, "privacy": 20, "name_display": null, "mobile": "", "dob_public": false, "mobile_verified": false}}, {"pk": 257, "model": "auth.user", "fields": {"website": "", "last_name": "Tsimos", "uni_end": null, "student_type": 0, "photo": "", "email_reminder_optin": true, "internal_notes": "", "email_public": true, "union_member": false, "course": "", "tshirt": 1, "is_staff": true, "alt_email": "", "trained": false, "student_number": "", "user_permissions": [], "timezone": null, "mobile_marketing_optin": true, "email_othernewsletter_optin": true, "date_joined": "2011-02-20 23:43:15", "first_name": "Irene", "mobile_reminder_optin": true, "email_chapter_optin": true, "course_type": 0, "is_superuser": false, "last_login": "2012-03-10 05:25:08", "email": "Irene@notrealaddress.com", "job_title": "", "username": "Irene", "bio": "", "new_email": "", "company": "", "is_active": true, "uni_start": null, "password": "sha1$94a0b$60b025513f86dc59ea0ab56a867913dde887ff28", "chapter": 4, "email_newsletter_optin": true, "dob": null, "gender": 2, "university": null, "privacy": 5, "name_display": null, "mobile": "", "dob_public": false, "mobile_verified": false}}, {"pk": 117, "model": "auth.user", "fields": {"website": "", "last_name": "Ng", "uni_end": null, "student_type": 0, "photo": "", "email_reminder_optin": true, "internal_notes": "", "email_public": false, "union_member": false, "course": "Chemical Engineering", "tshirt": null, "is_staff": true, "alt_email": "", "trained": false, "student_number": "", "user_permissions": [], "timezone": null, "mobile_marketing_optin": true, "email_othernewsletter_optin": true, "date_joined": "2010-04-25 00:00:00", "first_name": "Karen", "mobile_reminder_optin": true, "email_chapter_optin": true, "course_type": 0, "is_superuser": false, "last_login": "2011-08-04 08:27:42", "email": "karen@notrealaddress.com", "job_title": "", "username": "karen", "bio": "", "new_email": "", "company": "", "is_active": true, "uni_start": null, "password": "sha1$94a0b$60b025513f86dc59ea0ab56a867913dde887ff28", "chapter": 9, "email_newsletter_optin": true, "dob": null, "gender": 2, "university": 2, "privacy": 0, "name_display": null, "mobile": "", "dob_public": false, "mobile_verified": false}}, {"pk": 526, "model": "auth.user", "fields": {"website": "", "last_name": "Khor", "uni_end": null, "student_type": 0, "photo": "", "email_reminder_optin": true, "internal_notes": "", "email_public": true, "union_member": false, "course": "", "tshirt": null, "is_staff": true, "alt_email": "", "trained": true, "student_number": "", "user_permissions": [], "timezone": null, "mobile_marketing_optin": true, "email_othernewsletter_optin": true, "date_joined": "2011-03-30 00:00:00", "first_name": "Su Jin", "mobile_reminder_optin": true, "email_chapter_optin": true, "course_type": 0, "is_superuser": false, "last_login": "2012-03-01 05:08:51", "email": "khorsu@notrealaddress.com", "job_title": "", "username": "khorsu", "bio": "", "new_email": "", "company": "", "is_active": true, "uni_start": null, "password": "sha1$94a0b$60b025513f86dc59ea0ab56a867913dde887ff28", "chapter": 3, "email_newsletter_optin": true, "dob": null, "gender": 2, "university": null, "privacy": 10, "name_display": null, "mobile": "", "dob_public": false, "mobile_verified": false}}, {"pk": 677, "model": "auth.user", "fields": {"website": "", "last_name": "Jun", "uni_end": null, "student_type": 0, "photo": "", "email_reminder_optin": true, "internal_notes": "", "email_public": false, "union_member": false, "course": "", "tshirt": null, "is_staff": true, "alt_email": "", "trained": false, "student_number": "", "user_permissions": [], "timezone": null, "mobile_marketing_optin": true, "email_othernewsletter_optin": true, "date_joined": "2011-08-13 00:00:00", "first_name": "Liang", "mobile_reminder_optin": true, "email_chapter_optin": true, "course_type": 0, "is_superuser": false, "last_login": "2011-08-15 11:01:04", "email": "liang@notrealaddress.com", "job_title": "", "username": "liang", "bio": "", "new_email": "", "company": "", "is_active": true, "uni_start": null, "password": "sha1$94a0b$60b025513f86dc59ea0ab56a867913dde887ff28", "chapter": 20, "email_newsletter_optin": true, "dob": null, "gender": 2, "university": 36, "privacy": 5, "name_display": null, "mobile": "", "dob_public": false, "mobile_verified": false}}, {"pk": 1, "model": "auth.user", "fields": {"website": "", "last_name": "Cheng", "uni_end": "2012-07-01", "student_type": 0, "photo": "profilepics/marita.jpg", "email_reminder_optin": true, "internal_notes": "", "email_public": false, "union_member": true, "course": "Mechatronics Engineering & Computer Science", "tshirt": null, "is_staff": true, "alt_email": "", "trained": false, "student_number": "", "user_permissions": [], "timezone": null, "mobile_marketing_optin": true, "email_othernewsletter_optin": true, "date_joined": "2008-07-14 00:00:00", "first_name": "Marita", "mobile_reminder_optin": true, "email_chapter_optin": true, "course_type": 0, "is_superuser": true, "last_login": "2012-02-26 23:39:42", "email": "marita@notrealaddress.com", "job_title": "", "username": "marita", "bio": "I love robots", "new_email": "", "company": "", "is_active": true, "uni_start": "2007-02-01", "password": "sha1$94a0b$60b025513f86dc59ea0ab56a867913dde887ff28", "chapter": 1, "email_newsletter_optin": true, "dob": null, "gender": 2, "university": 1, "privacy": 20, "name_display": null, "mobile": "", "dob_public": false, "mobile_verified": false}}, {"pk": 5, "model": "auth.user", "fields": {"website": "", "last_name": "Parncutt", "uni_end": "2011-11-01", "student_type": 1, "photo": "profilepics/mark.jpg", "email_reminder_optin": true, "internal_notes": "", "email_public": false, "union_member": true, "course": "Software Engineering, Arts", "tshirt": 19, "is_staff": true, "alt_email": "", "trained": true, "student_number": "", "user_permissions": [], "timezone": null, "mobile_marketing_optin": true, "email_othernewsletter_optin": true, "date_joined": "2008-07-14 00:00:00", "first_name": "Mark", "mobile_reminder_optin": true, "email_chapter_optin": true, "course_type": 1, "is_superuser": true, "last_login": "2012-04-19 09:17:09", "email": "mark@notrealaddress.com", "job_title": "", "username": "mark", "bio": "What is this, MySpace!?", "new_email": "", "company": "", "is_active": true, "uni_start": "2007-03-01", "password": "sha1$94a0b$60b025513f86dc59ea0ab56a867913dde887ff28", "chapter": 1, "email_newsletter_optin": true, "dob": null, "gender": 1, "university": 1, "privacy": 20, "name_display": null, "mobile": "", "dob_public": false, "mobile_verified": false}}, {"pk": 178, "model": "auth.user", "fields": {"website": "", "last_name": "Gardner", "uni_end": null, "student_type": 0, "photo": "", "email_reminder_optin": true, "internal_notes": "", "email_public": true, "union_member": true, "course": "", "tshirt": 10, "is_staff": true, "alt_email": "", "trained": false, "student_number": "", "user_permissions": [], "timezone": null, "mobile_marketing_optin": true, "email_othernewsletter_optin": true, "date_joined": "2010-10-29 10:38:58", "first_name": "Mark", "mobile_reminder_optin": true, "email_chapter_optin": true, "course_type": 0, "is_superuser": false, "last_login": "2012-03-04 08:08:08", "email": "markgardner14@notrealaddress.com", "job_title": "", "username": "markgardner14", "bio": "", "new_email": "", "company": "", "is_active": true, "uni_start": null, "password": "sha1$94a0b$60b025513f86dc59ea0ab56a867913dde887ff28", "chapter": 4, "email_newsletter_optin": true, "dob": null, "gender": 1, "university": null, "privacy": 10, "name_display": null, "mobile": "", "dob_public": false, "mobile_verified": false}}, {"pk": 122, "model": "auth.user", "fields": {"website": "", "last_name": "Ho", "uni_end": "2012-06-01", "student_type": 2, "photo": "", "email_reminder_optin": true, "internal_notes": "", "email_public": true, "union_member": false, "course": "Biochemistry", "tshirt": null, "is_staff": true, "alt_email": "", "trained": false, "student_number": "", "user_permissions": [], "timezone": null, "mobile_marketing_optin": true, "email_othernewsletter_optin": true, "date_joined": "2010-04-25 00:00:00", "first_name": "Monique", "mobile_reminder_optin": true, "email_chapter_optin": true, "course_type": 1, "is_superuser": false, "last_login": "2011-12-31 10:04:54", "email": "monique@notrealaddress.com", "job_title": "", "username": "monique", "bio": "", "new_email": "", "company": "", "is_active": true, "uni_start": "2009-10-01", "password": "sha1$94a0b$60b025513f86dc59ea0ab56a867913dde887ff28", "chapter": 9, "email_newsletter_optin": true, "dob": null, "gender": 2, "university": 2, "privacy": 10, "name_display": null, "mobile": "", "dob_public": false, "mobile_verified": false}}, {"pk": 605, "model": "auth.user", "fields": {"website": "", "last_name": "el-Hariry", "uni_end": null, "student_type": 0, "photo": "", "email_reminder_optin": true, "internal_notes": "", "email_public": false, "union_member": false, "course": "", "tshirt": null, "is_staff": true, "alt_email": "", "trained": false, "student_number": "", "user_permissions": [], "timezone": null, "mobile_marketing_optin": true, "email_othernewsletter_optin": true, "date_joined": "2011-07-07 14:05:02", "first_name": "Nada", "mobile_reminder_optin": true, "email_chapter_optin": true, "course_type": 0, "is_superuser": false, "last_login": "2011-10-24 00:03:17", "email": "NadaelH@notrealaddress.com", "job_title": "", "username": "NadaelH", "bio": "", "new_email": "", "company": "", "is_active": true, "uni_start": null, "password": "sha1$94a0b$60b025513f86dc59ea0ab56a867913dde887ff28", "chapter": 14, "email_newsletter_optin": true, "dob": null, "gender": 2, "university": null, "privacy": 5, "name_display": null, "mobile": "", "dob_public": false, "mobile_verified": false}}, {"pk": 659, "model": "auth.user", "fields": {"website": "", "last_name": "Nagasawa", "uni_end": null, "student_type": 0, "photo": "", "email_reminder_optin": true, "internal_notes": "", "email_public": false, "union_member": false, "course": "", "tshirt": null, "is_staff": true, "alt_email": "", "trained": false, "student_number": "", "user_permissions": [], "timezone": null, "mobile_marketing_optin": true, "email_othernewsletter_optin": true, "date_joined": "2011-10-01 00:00:00", "first_name": "Makiko", "mobile_reminder_optin": true, "email_chapter_optin": true, "course_type": 0, "is_superuser": false, "last_login": "2011-11-19 17:22:37", "email": "nagasawa@notrealaddress.com", "job_title": "", "username": "nagasawa", "bio": "", "new_email": "", "company": "", "is_active": true, "uni_start": null, "password": "sha1$94a0b$60b025513f86dc59ea0ab56a867913dde887ff28", "chapter": 26, "email_newsletter_optin": true, "dob": null, "gender": 2, "university": null, "privacy": 5, "name_display": null, "mobile": "", "dob_public": false, "mobile_verified": false}}, {"pk": 30, "model": "auth.user", "fields": {"website": "", "last_name": "Rao", "uni_end": null, "student_type": 0, "photo": "", "email_reminder_optin": true, "internal_notes": "", "email_public": false, "union_member": false, "course": "Bachelor of Engineering and Bachelor of Economics", "tshirt": null, "is_staff": true, "alt_email": "", "trained": false, "student_number": "", "user_permissions": [], "timezone": null, "mobile_marketing_optin": true, "email_othernewsletter_optin": true, "date_joined": "2009-10-01 00:00:00", "first_name": "Neeshima", "mobile_reminder_optin": true, "email_chapter_optin": true, "course_type": 0, "is_superuser": true, "last_login": "2012-03-10 08:56:29", "email": "neeshima@notrealaddress.com", "job_title": "", "username": "neeshima", "bio": "", "new_email": "", "company": "", "is_active": true, "uni_start": null, "password": "sha1$94a0b$60b025513f86dc59ea0ab56a867913dde887ff28", "chapter": 2, "email_newsletter_optin": true, "dob": null, "gender": 2, "university": 6, "privacy": 20, "name_display": null, "mobile": "", "dob_public": false, "mobile_verified": false}}, {"pk": 648, "model": "auth.user", "fields": {"website": "", "last_name": "Brown", "uni_end": "2014-11-01", "student_type": 1, "photo": "", "email_reminder_optin": true, "internal_notes": "", "email_public": true, "union_member": true, "course": "Bachelor of Science", "tshirt": null, "is_staff": true, "alt_email": "", "trained": true, "student_number": "", "user_permissions": [], "timezone": null, "mobile_marketing_optin": true, "email_othernewsletter_optin": true, "date_joined": "2011-08-02 09:30:36", "first_name": "Nicole", "mobile_reminder_optin": true, "email_chapter_optin": true, "course_type": 1, "is_superuser": false, "last_login": "2012-04-19 09:12:46", "email": "NicoleBrown056@notrealaddress.com", "job_title": "", "username": "NicoleBrown056", "bio": "An opportunity for girls to show the guys what we can do :) \r\n", "new_email": "", "company": "", "is_active": true, "uni_start": "2011-03-01", "password": "sha1$94a0b$60b025513f86dc59ea0ab56a867913dde887ff28", "chapter": 3, "email_newsletter_optin": true, "dob": null, "gender": 2, "university": 1, "privacy": 10, "name_display": null, "mobile": "", "dob_public": false, "mobile_verified": false}}, {"pk": 1298, "model": "auth.user", "fields": {"website": "", "last_name": "Lewis", "uni_end": null, "student_type": 0, "photo": "", "email_reminder_optin": true, "internal_notes": "", "email_public": false, "union_member": false, "course": "", "tshirt": null, "is_staff": true, "alt_email": "", "trained": false, "student_number": "", "user_permissions": [], "timezone": null, "mobile_marketing_optin": true, "email_othernewsletter_optin": true, "date_joined": "2012-02-25 00:00:00", "first_name": "Nicole", "mobile_reminder_optin": true, "email_chapter_optin": true, "course_type": 0, "is_superuser": false, "last_login": "2012-02-20 07:13:10", "email": "nlewis@notrealaddress.com", "job_title": "", "username": "nlewis", "bio": "", "new_email": "", "company": "", "is_active": true, "uni_start": null, "password": "sha1$94a0b$60b025513f86dc59ea0ab56a867913dde887ff28", "chapter": 31, "email_newsletter_optin": true, "dob": null, "gender": 2, "university": 63, "privacy": 5, "name_display": null, "mobile": "", "dob_public": false, "mobile_verified": false}}, {"pk": 614, "model": "auth.user", "fields": {"website": "", "last_name": "George", "uni_end": "2012-06-01", "student_type": 1, "photo": "", "email_reminder_optin": true, "internal_notes": "", "email_public": true, "union_member": false, "course": "", "tshirt": null, "is_staff": true, "alt_email": "", "trained": false, "student_number": "", "user_permissions": [], "timezone": null, "mobile_marketing_optin": true, "email_othernewsletter_optin": true, "date_joined": "2011-07-08 11:10:45", "first_name": "Rebecca", "mobile_reminder_optin": true, "email_chapter_optin": true, "course_type": 1, "is_superuser": false, "last_login": "2012-02-07 14:15:28", "email": "rebeccaG@notrealaddress.com", "job_title": "", "username": "rebeccaG", "bio": "", "new_email": "", "company": "", "is_active": true, "uni_start": null, "password": "sha1$94a0b$60b025513f86dc59ea0ab56a867913dde887ff28", "chapter": 14, "email_newsletter_optin": true, "dob": null, "gender": 2, "university": 11, "privacy": 10, "name_display": null, "mobile": "", "dob_public": false, "mobile_verified": false}}, {"pk": 675, "model": "auth.user", "fields": {"website": "", "last_name": "Connelly", "uni_end": "2014-11-01", "student_type": 1, "photo": "", "email_reminder_optin": true, "internal_notes": "", "email_public": false, "union_member": false, "course": "Bachelor Enginnering/Science", "tshirt": null, "is_staff": true, "alt_email": "", "trained": false, "student_number": "", "user_permissions": [], "timezone": null, "mobile_marketing_optin": true, "email_othernewsletter_optin": true, "date_joined": "2011-08-13 00:00:00", "first_name": "Samantha", "mobile_reminder_optin": true, "email_chapter_optin": true, "course_type": 1, "is_superuser": false, "last_login": "2012-02-21 22:34:11", "email": "samantha@notrealaddress.com", "job_title": "", "username": "samantha", "bio": "I'm currently studying Computer Science and Mechatronics.", "new_email": "", "company": "", "is_active": true, "uni_start": "2008-02-01", "password": "sha1$94a0b$60b025513f86dc59ea0ab56a867913dde887ff28", "chapter": 20, "email_newsletter_optin": true, "dob": null, "gender": 2, "university": 42, "privacy": 10, "name_display": null, "mobile": "", "dob_public": false, "mobile_verified": false}}, {"pk": 41, "model": "auth.user", "fields": {"website": "", "last_name": "Chan", "uni_end": "2012-06-01", "student_type": 2, "photo": "", "email_reminder_optin": false, "internal_notes": "", "email_public": true, "union_member": false, "course": "Electrical and Electronic Engineering", "tshirt": null, "is_staff": true, "alt_email": "", "trained": false, "student_number": "", "user_permissions": [], "timezone": null, "mobile_marketing_optin": true, "email_othernewsletter_optin": true, "date_joined": "2009-03-01 00:00:00", "first_name": "Sonya", "mobile_reminder_optin": false, "email_chapter_optin": true, "course_type": 1, "is_superuser": true, "last_login": "2012-03-14 23:29:51", "email": "sonya@notrealaddress.com", "job_title": "", "username": "sonya", "bio": "Only realised I do enjoy bits of engineering, and am becoming a bit too reliant on technology.", "new_email": "", "company": "", "is_active": true, "uni_start": "2009-10-01", "password": "sha1$94a0b$60b025513f86dc59ea0ab56a867913dde887ff28", "chapter": 21, "email_newsletter_optin": true, "dob": null, "gender": 2, "university": 2, "privacy": 20, "name_display": null, "mobile": "", "dob_public": false, "mobile_verified": false}}, {"pk": 120, "model": "auth.user", "fields": {"website": "", "last_name": "Huq", "uni_end": null, "student_type": 0, "photo": "", "email_reminder_optin": true, "internal_notes": "", "email_public": false, "union_member": false, "course": "Material Science and Engineering", "tshirt": null, "is_staff": true, "alt_email": "", "trained": false, "student_number": "", "user_permissions": [], "timezone": null, "mobile_marketing_optin": true, "email_othernewsletter_optin": true, "date_joined": "2010-04-25 00:00:00", "first_name": "Tahmida", "mobile_reminder_optin": true, "email_chapter_optin": true, "course_type": 0, "is_superuser": false, "last_login": "2012-02-21 15:22:32", "email": "tahmida@notrealaddress.com", "job_title": "", "username": "tahmida", "bio": "", "new_email": "", "company": "", "is_active": true, "uni_start": null, "password": "sha1$94a0b$60b025513f86dc59ea0ab56a867913dde887ff28", "chapter": 9, "email_newsletter_optin": true, "dob": null, "gender": 2, "university": 2, "privacy": 0, "name_display": null, "mobile": "", "dob_public": false, "mobile_verified": false}}, {"pk": 190, "model": "auth.user", "fields": {"website": "", "last_name": "Lau", "uni_end": "2013-11-01", "student_type": 1, "photo": "", "email_reminder_optin": true, "internal_notes": "", "email_public": false, "union_member": false, "course": "Mechatronics/Mathematics", "tshirt": 2, "is_staff": true, "alt_email": "", "trained": false, "student_number": "", "user_permissions": [], "timezone": null, "mobile_marketing_optin": true, "email_othernewsletter_optin": true, "date_joined": "2010-11-17 10:28:10", "first_name": "Laura", "mobile_reminder_optin": true, "email_chapter_optin": true, "course_type": 1, "is_superuser": false, "last_login": "2011-10-08 10:14:59", "email": "tobor@notrealaddress.com", "job_title": "", "username": "tobor", "bio": "...", "new_email": "", "company": "", "is_active": true, "uni_start": "2009-03-01", "password": "sha1$94a0b$60b025513f86dc59ea0ab56a867913dde887ff28", "chapter": 4, "email_newsletter_optin": true, "dob": null, "gender": 2, "university": 3, "privacy": 5, "name_display": null, "mobile": "", "dob_public": false, "mobile_verified": false}}, {"pk": 152, "model": "auth.user", "fields": {"website": "", "last_name": "Qiu", "uni_end": "2012-12-01", "student_type": 0, "photo": "", "email_reminder_optin": true, "internal_notes": "", "email_public": true, "union_member": false, "course": "civil engineering", "tshirt": null, "is_staff": true, "alt_email": "", "trained": true, "student_number": "", "user_permissions": [], "timezone": null, "mobile_marketing_optin": true, "email_othernewsletter_optin": true, "date_joined": "2010-09-10 00:00:00", "first_name": "Tricia", "mobile_reminder_optin": true, "email_chapter_optin": true, "course_type": 0, "is_superuser": false, "last_login": "2011-11-16 01:31:00", "email": "tricia@notrealaddress.com", "job_title": "", "username": "tricia", "bio": "", "new_email": "", "company": "", "is_active": true, "uni_start": "2009-03-01", "password": "sha1$94a0b$60b025513f86dc59ea0ab56a867913dde887ff28", "chapter": 3, "email_newsletter_optin": true, "dob": null, "gender": 2, "university": 1, "privacy": 10, "name_display": null, "mobile": "", "dob_public": false, "mobile_verified": false}}, {"pk": 1306, "model": "auth.user", "fields": {"website": "", "last_name": "Huang", "uni_end": null, "student_type": 0, "photo": "", "email_reminder_optin": true, "internal_notes": "", "email_public": false, "union_member": false, "course": "", "tshirt": null, "is_staff": true, "alt_email": "", "trained": false, "student_number": "", "user_permissions": [], "timezone": null, "mobile_marketing_optin": true, "email_othernewsletter_optin": true, "date_joined": "2012-02-25 00:00:00", "first_name": "Yifei", "mobile_reminder_optin": true, "email_chapter_optin": true, "course_type": 0, "is_superuser": false, "last_login": "2012-02-29 00:10:13", "email": "yhuang@notrealaddress.com", "job_title": "", "username": "yhuang", "bio": "", "new_email": "", "company": "", "is_active": true, "uni_start": null, "password": "sha1$94a0b$60b025513f86dc59ea0ab56a867913dde887ff28", "chapter": 22, "email_newsletter_optin": true, "dob": null, "gender": 2, "university": 58, "privacy": 5, "name_display": null, "mobile": "", "dob_public": false, "mobile_verified": false}}, {"pk": 13, "model": "rgmain.university", "fields": {"name": "Australian Defence Force Academy"}}, {"pk": 14, "model": "rgmain.university", "fields": {"name": "Australian National University"}}, {"pk": 29, "model": "rgmain.university", "fields": {"name": "Bond University"}}, {"pk": 58, "model": "rgmain.university", "fields": {"name": "California Institute of Technology"}}, {"pk": 30, "model": "rgmain.university", "fields": {"name": "Central Queensland University"}}, {"pk": 43, "model": "rgmain.university", "fields": {"name": "Charles Darwin University"}}, {"pk": 16, "model": "rgmain.university", "fields": {"name": "Charles Sturt University"}}, {"pk": 63, "model": "rgmain.university", "fields": {"name": "Columbia University"}}, {"pk": 36, "model": "rgmain.university", "fields": {"name": "Curtin University"}}, {"pk": 24, "model": "rgmain.university", "fields": {"name": "Deakin University"}}, {"pk": 37, "model": "rgmain.university", "fields": {"name": "Edith Cowan University"}}, {"pk": 57, "model": "rgmain.university", "fields": {"name": "ETH Zurich"}}, {"pk": 31, "model": "rgmain.university", "fields": {"name": "Griffith University"}}, {"pk": 40, "model": "rgmain.university", "fields": {"name": "Heinz College Australia"}}, {"pk": 2, "model": "rgmain.university", "fields": {"name": "Imperial College London"}}, {"pk": 32, "model": "rgmain.university", "fields": {"name": "James Cook University"}}, {"pk": 25, "model": "rgmain.university", "fields": {"name": "La Trobe University"}}, {"pk": 49, "model": "rgmain.university", "fields": {"name": "London School of Economics"}}, {"pk": 17, "model": "rgmain.university", "fields": {"name": "Macquarie University"}}, {"pk": 8, "model": "rgmain.university", "fields": {"name": "Monash University"}}, {"pk": 38, "model": "rgmain.university", "fields": {"name": "Murdoch University"}}, {"pk": 53, "model": "rgmain.university", "fields": {"name": "Otago Polytechnic"}}, {"pk": 33, "model": "rgmain.university", "fields": {"name": "Queensland University of Technology"}}, {"pk": 7, "model": "rgmain.university", "fields": {"name": "RMIT University"}}, {"pk": 18, "model": "rgmain.university", "fields": {"name": "Southern Cross University"}}, {"pk": 26, "model": "rgmain.university", "fields": {"name": "Swinburne University of Technology"}}, {"pk": 60, "model": "rgmain.university", "fields": {"name": "Tokyo Institute of Technology"}}, {"pk": 10, "model": "rgmain.university", "fields": {"name": "Trinity College Dublin"}}, {"pk": 56, "model": "rgmain.university", "fields": {"name": "TU Delft"}}, {"pk": 44, "model": "rgmain.university", "fields": {"name": "University College London"}}, {"pk": 5, "model": "rgmain.university", "fields": {"name": "University of Adelaide"}}, {"pk": 59, "model": "rgmain.university", "fields": {"name": "University of Arizona"}}, {"pk": 27, "model": "rgmain.university", "fields": {"name": "University of Ballarat"}}, {"pk": 45, "model": "rgmain.university", "fields": {"name": "University of Birmingham"}}, {"pk": 51, "model": "rgmain.university", "fields": {"name": "University of Bristol"}}, {"pk": 50, "model": "rgmain.university", "fields": {"name": "University of Cambridge"}}, {"pk": 15, "model": "rgmain.university", "fields": {"name": "University of Canberra"}}, {"pk": 46, "model": "rgmain.university", "fields": {"name": "University of Edinburgh"}}, {"pk": 47, "model": "rgmain.university", "fields": {"name": "University of Glasgow"}}, {"pk": 55, "model": "rgmain.university", "fields": {"name": "University of Leeds"}}, {"pk": 11, "model": "rgmain.university", "fields": {"name": "University of Manchester"}}, {"pk": 1, "model": "rgmain.university", "fields": {"name": "University of Melbourne"}}, {"pk": 19, "model": "rgmain.university", "fields": {"name": "University of New England"}}, {"pk": 3, "model": "rgmain.university", "fields": {"name": "University of New South Wales"}}, {"pk": 20, "model": "rgmain.university", "fields": {"name": "University of Newcastle"}}, {"pk": 39, "model": "rgmain.university", "fields": {"name": "University of Notre Dame Australia"}}, {"pk": 48, "model": "rgmain.university", "fields": {"name": "University of Nottingham"}}, {"pk": 52, "model": "rgmain.university", "fields": {"name": "University of Otago"}}, {"pk": 9, "model": "rgmain.university", "fields": {"name": "University of Oxford"}}, {"pk": 4, "model": "rgmain.university", "fields": {"name": "University of Queensland"}}, {"pk": 54, "model": "rgmain.university", "fields": {"name": "University of Sheffield"}}, {"pk": 41, "model": "rgmain.university", "fields": {"name": "University of South Australia"}}, {"pk": 34, "model": "rgmain.university", "fields": {"name": "University of Southern Queensland"}}, {"pk": 12, "model": "rgmain.university", "fields": {"name": "University of Sydney"}}, {"pk": 42, "model": "rgmain.university", "fields": {"name": "University of Tasmania"}}, {"pk": 21, "model": "rgmain.university", "fields": {"name": "University of Technology Sydney"}}, {"pk": 35, "model": "rgmain.university", "fields": {"name": "University of the Sunshine Coast"}}, {"pk": 6, "model": "rgmain.university", "fields": {"name": "University of Western Australia"}}, {"pk": 22, "model": "rgmain.university", "fields": {"name": "University of Western Sydney"}}, {"pk": 23, "model": "rgmain.university", "fields": {"name": "University of Wollongong"}}, {"pk": 28, "model": "rgmain.university", "fields": {"name": "Victoria University"}}, {"pk": 62, "model": "rgmain.university", "fields": {"name": "Victoria University of Wellington"}}, {"pk": "AF", "model": "rgmain.country", "fields": {"country_name": "Afghanistan"}}, {"pk": "AX", "model": "rgmain.country", "fields": {"country_name": "Aland Islands"}}, {"pk": "AL", "model": "rgmain.country", "fields": {"country_name": "Albania"}}, {"pk": "DZ", "model": "rgmain.country", "fields": {"country_name": "Algeria"}}, {"pk": "AS", "model": "rgmain.country", "fields": {"country_name": "American Samoa"}}, {"pk": "AD", "model": "rgmain.country", "fields": {"country_name": "Andorra"}}, {"pk": "AO", "model": "rgmain.country", "fields": {"country_name": "Angola"}}, {"pk": "AI", "model": "rgmain.country", "fields": {"country_name": "Anguilla"}}, {"pk": "AQ", "model": "rgmain.country", "fields": {"country_name": "Antarctica"}}, {"pk": "AG", "model": "rgmain.country", "fields": {"country_name": "Antigua and Barbuda"}}, {"pk": "AR", "model": "rgmain.country", "fields": {"country_name": "Argentina"}}, {"pk": "AM", "model": "rgmain.country", "fields": {"country_name": "Armenia"}}, {"pk": "AW", "model": "rgmain.country", "fields": {"country_name": "Aruba"}}, {"pk": "AU", "model": "rgmain.country", "fields": {"country_name": "Australia"}}, {"pk": "AT", "model": "rgmain.country", "fields": {"country_name": "Austria"}}, {"pk": "AZ", "model": "rgmain.country", "fields": {"country_name": "Azerbaijan"}}, {"pk": "BS", "model": "rgmain.country", "fields": {"country_name": "Bahamas"}}, {"pk": "BH", "model": "rgmain.country", "fields": {"country_name": "Bahrain"}}, {"pk": "BD", "model": "rgmain.country", "fields": {"country_name": "Bangladesh"}}, {"pk": "BB", "model": "rgmain.country", "fields": {"country_name": "Barbados"}}, {"pk": "BY", "model": "rgmain.country", "fields": {"country_name": "Belarus"}}, {"pk": "BE", "model": "rgmain.country", "fields": {"country_name": "Belgium"}}, {"pk": "BZ", "model": "rgmain.country", "fields": {"country_name": "Belize"}}, {"pk": "BJ", "model": "rgmain.country", "fields": {"country_name": "Benin"}}, {"pk": "BM", "model": "rgmain.country", "fields": {"country_name": "Bermuda"}}, {"pk": "BT", "model": "rgmain.country", "fields": {"country_name": "Bhutan"}}, {"pk": "BO", "model": "rgmain.country", "fields": {"country_name": "Bolivia"}}, {"pk": "BA", "model": "rgmain.country", "fields": {"country_name": "Bosnia and Herzegovina"}}, {"pk": "BW", "model": "rgmain.country", "fields": {"country_name": "Botswana"}}, {"pk": "BV", "model": "rgmain.country", "fields": {"country_name": "Bouvet Island"}}, {"pk": "BR", "model": "rgmain.country", "fields": {"country_name": "Brazil"}}, {"pk": "IO", "model": "rgmain.country", "fields": {"country_name": "British Indian Ocean Territory"}}, {"pk": "BN", "model": "rgmain.country", "fields": {"country_name": "Brunei Darussalam"}}, {"pk": "BG", "model": "rgmain.country", "fields": {"country_name": "Bulgaria"}}, {"pk": "BF", "model": "rgmain.country", "fields": {"country_name": "Burkina Faso"}}, {"pk": "BI", "model": "rgmain.country", "fields": {"country_name": "Burundi"}}, {"pk": "KH", "model": "rgmain.country", "fields": {"country_name": "Cambodia"}}, {"pk": "CM", "model": "rgmain.country", "fields": {"country_name": "Cameroon"}}, {"pk": "CA", "model": "rgmain.country", "fields": {"country_name": "Canada"}}, {"pk": "CV", "model": "rgmain.country", "fields": {"country_name": "Cape Verde"}}, {"pk": "KY", "model": "rgmain.country", "fields": {"country_name": "Cayman Islands"}}, {"pk": "CF", "model": "rgmain.country", "fields": {"country_name": "Central African Republic"}}, {"pk": "TD", "model": "rgmain.country", "fields": {"country_name": "Chad"}}, {"pk": "CL", "model": "rgmain.country", "fields": {"country_name": "Chile"}}, {"pk": "CN", "model": "rgmain.country", "fields": {"country_name": "China"}}, {"pk": "CX", "model": "rgmain.country", "fields": {"country_name": "Christmas Island"}}, {"pk": "CC", "model": "rgmain.country", "fields": {"country_name": "Cocos (Keeling) Islands"}}, {"pk": "CO", "model": "rgmain.country", "fields": {"country_name": "Colombia"}}, {"pk": "KM", "model": "rgmain.country", "fields": {"country_name": "Comoros"}}, {"pk": "CG", "model": "rgmain.country", "fields": {"country_name": "Congo"}}, {"pk": "CD", "model": "rgmain.country", "fields": {"country_name": "Congo (DRC)"}}, {"pk": "CK", "model": "rgmain.country", "fields": {"country_name": "Cook Islands"}}, {"pk": "CR", "model": "rgmain.country", "fields": {"country_name": "Costa Rica"}}, {"pk": "CI", "model": "rgmain.country", "fields": {"country_name": "Cote d'Ivoire"}}, {"pk": "HR", "model": "rgmain.country", "fields": {"country_name": "Croatia"}}, {"pk": "CU", "model": "rgmain.country", "fields": {"country_name": "Cuba"}}, {"pk": "CY", "model": "rgmain.country", "fields": {"country_name": "Cyprus"}}, {"pk": "CZ", "model": "rgmain.country", "fields": {"country_name": "Czech Republic"}}, {"pk": "DK", "model": "rgmain.country", "fields": {"country_name": "Denmark"}}, {"pk": "DJ", "model": "rgmain.country", "fields": {"country_name": "Djibouti"}}, {"pk": "DM", "model": "rgmain.country", "fields": {"country_name": "Dominica"}}, {"pk": "DO", "model": "rgmain.country", "fields": {"country_name": "Dominican Republic"}}, {"pk": "EC", "model": "rgmain.country", "fields": {"country_name": "Ecuador"}}, {"pk": "EG", "model": "rgmain.country", "fields": {"country_name": "Egypt"}}, {"pk": "SV", "model": "rgmain.country", "fields": {"country_name": "El Salvador"}}, {"pk": "GQ", "model": "rgmain.country", "fields": {"country_name": "Equatorial Guinea"}}, {"pk": "ER", "model": "rgmain.country", "fields": {"country_name": "Eritrea"}}, {"pk": "EE", "model": "rgmain.country", "fields": {"country_name": "Estonia"}}, {"pk": "ET", "model": "rgmain.country", "fields": {"country_name": "Ethiopia"}}, {"pk": "FK", "model": "rgmain.country", "fields": {"country_name": "Falkland Islands"}}, {"pk": "FO", "model": "rgmain.country", "fields": {"country_name": "Faroe Islands"}}, {"pk": "FJ", "model": "rgmain.country", "fields": {"country_name": "Fiji"}}, {"pk": "FI", "model": "rgmain.country", "fields": {"country_name": "Finland"}}, {"pk": "FR", "model": "rgmain.country", "fields": {"country_name": "France"}}, {"pk": "GF", "model": "rgmain.country", "fields": {"country_name": "French Guiana"}}, {"pk": "PF", "model": "rgmain.country", "fields": {"country_name": "French Polynesia"}}, {"pk": "TF", "model": "rgmain.country", "fields": {"country_name": "French Southern Territories"}}, {"pk": "GA", "model": "rgmain.country", "fields": {"country_name": "Gabon"}}, {"pk": "GM", "model": "rgmain.country", "fields": {"country_name": "Gambia"}}, {"pk": "GE", "model": "rgmain.country", "fields": {"country_name": "Georgia"}}, {"pk": "DE", "model": "rgmain.country", "fields": {"country_name": "Germany"}}, {"pk": "GH", "model": "rgmain.country", "fields": {"country_name": "Ghana"}}, {"pk": "GI", "model": "rgmain.country", "fields": {"country_name": "Gibraltar"}}, {"pk": "GR", "model": "rgmain.country", "fields": {"country_name": "Greece"}}, {"pk": "GL", "model": "rgmain.country", "fields": {"country_name": "Greenland"}}, {"pk": "GD", "model": "rgmain.country", "fields": {"country_name": "Grenada"}}, {"pk": "GP", "model": "rgmain.country", "fields": {"country_name": "Guadeloupe"}}, {"pk": "GU", "model": "rgmain.country", "fields": {"country_name": "Guam"}}, {"pk": "GT", "model": "rgmain.country", "fields": {"country_name": "Guatemala"}}, {"pk": "GG", "model": "rgmain.country", "fields": {"country_name": "Guernsey"}}, {"pk": "GN", "model": "rgmain.country", "fields": {"country_name": "Guinea"}}, {"pk": "GW", "model": "rgmain.country", "fields": {"country_name": "Guinea-Bissau"}}, {"pk": "GY", "model": "rgmain.country", "fields": {"country_name": "Guyana"}}, {"pk": "HT", "model": "rgmain.country", "fields": {"country_name": "Haiti"}}, {"pk": "HM", "model": "rgmain.country", "fields": {"country_name": "Heard and McDonald Islands"}}, {"pk": "HN", "model": "rgmain.country", "fields": {"country_name": "Honduras"}}, {"pk": "HK", "model": "rgmain.country", "fields": {"country_name": "Hong Kong"}}, {"pk": "HU", "model": "rgmain.country", "fields": {"country_name": "Hungary"}}, {"pk": "IS", "model": "rgmain.country", "fields": {"country_name": "Iceland"}}, {"pk": "IN", "model": "rgmain.country", "fields": {"country_name": "India"}}, {"pk": "ID", "model": "rgmain.country", "fields": {"country_name": "Indonesia"}}, {"pk": "IR", "model": "rgmain.country", "fields": {"country_name": "Iran"}}, {"pk": "IQ", "model": "rgmain.country", "fields": {"country_name": "Iraq"}}, {"pk": "IE", "model": "rgmain.country", "fields": {"country_name": "Ireland"}}, {"pk": "IM", "model": "rgmain.country", "fields": {"country_name": "Isle of Man"}}, {"pk": "IL", "model": "rgmain.country", "fields": {"country_name": "Israel"}}, {"pk": "IT", "model": "rgmain.country", "fields": {"country_name": "Italy"}}, {"pk": "JM", "model": "rgmain.country", "fields": {"country_name": "Jamaica"}}, {"pk": "JP", "model": "rgmain.country", "fields": {"country_name": "Japan"}}, {"pk": "JE", "model": "rgmain.country", "fields": {"country_name": "Jersey"}}, {"pk": "JO", "model": "rgmain.country", "fields": {"country_name": "Jordan"}}, {"pk": "KZ", "model": "rgmain.country", "fields": {"country_name": "Kazakhstan"}}, {"pk": "KE", "model": "rgmain.country", "fields": {"country_name": "Kenya"}}, {"pk": "KI", "model": "rgmain.country", "fields": {"country_name": "Kiribati"}}, {"pk": "KP", "model": "rgmain.country", "fields": {"country_name": "Korea (North)"}}, {"pk": "KR", "model": "rgmain.country", "fields": {"country_name": "Korea (South)"}}, {"pk": "KW", "model": "rgmain.country", "fields": {"country_name": "Kuwait"}}, {"pk": "KG", "model": "rgmain.country", "fields": {"country_name": "Kyrgyzstan"}}, {"pk": "LA", "model": "rgmain.country", "fields": {"country_name": "Laos"}}, {"pk": "LV", "model": "rgmain.country", "fields": {"country_name": "Latvia"}}, {"pk": "LB", "model": "rgmain.country", "fields": {"country_name": "Lebanon"}}, {"pk": "LS", "model": "rgmain.country", "fields": {"country_name": "Lesotho"}}, {"pk": "LR", "model": "rgmain.country", "fields": {"country_name": "Liberia"}}, {"pk": "LY", "model": "rgmain.country", "fields": {"country_name": "Libya"}}, {"pk": "LI", "model": "rgmain.country", "fields": {"country_name": "Liechtenstein"}}, {"pk": "LT", "model": "rgmain.country", "fields": {"country_name": "Lithuania"}}, {"pk": "LU", "model": "rgmain.country", "fields": {"country_name": "Luxembourg"}}, {"pk": "MO", "model": "rgmain.country", "fields": {"country_name": "Macao"}}, {"pk": "MK", "model": "rgmain.country", "fields": {"country_name": "Macedonia"}}, {"pk": "MG", "model": "rgmain.country", "fields": {"country_name": "Madagascar"}}, {"pk": "MW", "model": "rgmain.country", "fields": {"country_name": "Malawi"}}, {"pk": "MY", "model": "rgmain.country", "fields": {"country_name": "Malaysia"}}, {"pk": "MV", "model": "rgmain.country", "fields": {"country_name": "Maldives"}}, {"pk": "ML", "model": "rgmain.country", "fields": {"country_name": "Mali"}}, {"pk": "MT", "model": "rgmain.country", "fields": {"country_name": "Malta"}}, {"pk": "MH", "model": "rgmain.country", "fields": {"country_name": "Marshall Islands"}}, {"pk": "MQ", "model": "rgmain.country", "fields": {"country_name": "Martinique"}}, {"pk": "MR", "model": "rgmain.country", "fields": {"country_name": "Mauritania"}}, {"pk": "MU", "model": "rgmain.country", "fields": {"country_name": "Mauritius"}}, {"pk": "YT", "model": "rgmain.country", "fields": {"country_name": "Mayotte"}}, {"pk": "MX", "model": "rgmain.country", "fields": {"country_name": "Mexico"}}, {"pk": "FM", "model": "rgmain.country", "fields": {"country_name": "Micronesia"}}, {"pk": "MD", "model": "rgmain.country", "fields": {"country_name": "Moldova"}}, {"pk": "MC", "model": "rgmain.country", "fields": {"country_name": "Monaco"}}, {"pk": "MN", "model": "rgmain.country", "fields": {"country_name": "Mongolia"}}, {"pk": "ME", "model": "rgmain.country", "fields": {"country_name": "Montenegro"}}, {"pk": "MS", "model": "rgmain.country", "fields": {"country_name": "Montserrat"}}, {"pk": "MA", "model": "rgmain.country", "fields": {"country_name": "Morocco"}}, {"pk": "MZ", "model": "rgmain.country", "fields": {"country_name": "Mozambique"}}, {"pk": "MM", "model": "rgmain.country", "fields": {"country_name": "Myanmar"}}, {"pk": "NA", "model": "rgmain.country", "fields": {"country_name": "Namibia"}}, {"pk": "NR", "model": "rgmain.country", "fields": {"country_name": "Nauru"}}, {"pk": "NP", "model": "rgmain.country", "fields": {"country_name": "Nepal"}}, {"pk": "NL", "model": "rgmain.country", "fields": {"country_name": "Netherlands"}}, {"pk": "AN", "model": "rgmain.country", "fields": {"country_name": "Netherlands Antilles"}}, {"pk": "NC", "model": "rgmain.country", "fields": {"country_name": "New Caledonia"}}, {"pk": "NZ", "model": "rgmain.country", "fields": {"country_name": "New Zealand"}}, {"pk": "NI", "model": "rgmain.country", "fields": {"country_name": "Nicaragua"}}, {"pk": "NE", "model": "rgmain.country", "fields": {"country_name": "Niger"}}, {"pk": "NG", "model": "rgmain.country", "fields": {"country_name": "Nigeria"}}, {"pk": "NU", "model": "rgmain.country", "fields": {"country_name": "Niue"}}, {"pk": "NF", "model": "rgmain.country", "fields": {"country_name": "Norfolk Island"}}, {"pk": "MP", "model": "rgmain.country", "fields": {"country_name": "Northern Mariana Islands"}}, {"pk": "NO", "model": "rgmain.country", "fields": {"country_name": "Norway"}}, {"pk": "OM", "model": "rgmain.country", "fields": {"country_name": "Oman"}}, {"pk": "PK", "model": "rgmain.country", "fields": {"country_name": "Pakistan"}}, {"pk": "PW", "model": "rgmain.country", "fields": {"country_name": "Palau"}}, {"pk": "PS", "model": "rgmain.country", "fields": {"country_name": "Palestine"}}, {"pk": "PA", "model": "rgmain.country", "fields": {"country_name": "Panama"}}, {"pk": "PG", "model": "rgmain.country", "fields": {"country_name": "Papua New Guinea"}}, {"pk": "PY", "model": "rgmain.country", "fields": {"country_name": "Paraguay"}}, {"pk": "PE", "model": "rgmain.country", "fields": {"country_name": "Peru"}}, {"pk": "PH", "model": "rgmain.country", "fields": {"country_name": "Philippines"}}, {"pk": "PN", "model": "rgmain.country", "fields": {"country_name": "Pitcairn"}}, {"pk": "PL", "model": "rgmain.country", "fields": {"country_name": "Poland"}}, {"pk": "PT", "model": "rgmain.country", "fields": {"country_name": "Portugal"}}, {"pk": "PR", "model": "rgmain.country", "fields": {"country_name": "Puerto Rico"}}, {"pk": "QA", "model": "rgmain.country", "fields": {"country_name": "Qatar"}}, {"pk": "RE", "model": "rgmain.country", "fields": {"country_name": "Reunion"}}, {"pk": "RO", "model": "rgmain.country", "fields": {"country_name": "Romania"}}, {"pk": "RU", "model": "rgmain.country", "fields": {"country_name": "Russian Federation"}}, {"pk": "RW", "model": "rgmain.country", "fields": {"country_name": "Rwanda"}}, {"pk": "BL", "model": "rgmain.country", "fields": {"country_name": "Saint Barthelemy"}}, {"pk": "SH", "model": "rgmain.country", "fields": {"country_name": "Saint Helena"}}, {"pk": "KN", "model": "rgmain.country", "fields": {"country_name": "Saint Kitts and Nevis"}}, {"pk": "LC", "model": "rgmain.country", "fields": {"country_name": "Saint Lucia"}}, {"pk": "MF", "model": "rgmain.country", "fields": {"country_name": "Saint Martin"}}, {"pk": "PM", "model": "rgmain.country", "fields": {"country_name": "Saint Pierre and Miquelon"}}, {"pk": "VC", "model": "rgmain.country", "fields": {"country_name": "Saint Vincent and the Grenadines"}}, {"pk": "WS", "model": "rgmain.country", "fields": {"country_name": "Samoa"}}, {"pk": "SM", "model": "rgmain.country", "fields": {"country_name": "San Marino"}}, {"pk": "ST", "model": "rgmain.country", "fields": {"country_name": "Sao Tome and Principe"}}, {"pk": "SA", "model": "rgmain.country", "fields": {"country_name": "Saudi Arabia"}}, {"pk": "SN", "model": "rgmain.country", "fields": {"country_name": "Senegal"}}, {"pk": "RS", "model": "rgmain.country", "fields": {"country_name": "Serbia"}}, {"pk": "SC", "model": "rgmain.country", "fields": {"country_name": "Seychelles"}}, {"pk": "SL", "model": "rgmain.country", "fields": {"country_name": "Sierra Leone"}}, {"pk": "SG", "model": "rgmain.country", "fields": {"country_name": "Singapore"}}, {"pk": "SK", "model": "rgmain.country", "fields": {"country_name": "Slovakia"}}, {"pk": "SI", "model": "rgmain.country", "fields": {"country_name": "Slovenia"}}, {"pk": "SB", "model": "rgmain.country", "fields": {"country_name": "Solomon Islands"}}, {"pk": "SO", "model": "rgmain.country", "fields": {"country_name": "Somalia"}}, {"pk": "ZA", "model": "rgmain.country", "fields": {"country_name": "South Africa"}}, {"pk": "ES", "model": "rgmain.country", "fields": {"country_name": "Spain"}}, {"pk": "LK", "model": "rgmain.country", "fields": {"country_name": "Sri Lanka"}}, {"pk": "SD", "model": "rgmain.country", "fields": {"country_name": "Sudan"}}, {"pk": "SR", "model": "rgmain.country", "fields": {"country_name": "Suriname"}}, {"pk": "SJ", "model": "rgmain.country", "fields": {"country_name": "Svalbard and Jan Mayen"}}, {"pk": "SZ", "model": "rgmain.country", "fields": {"country_name": "Swaziland"}}, {"pk": "SE", "model": "rgmain.country", "fields": {"country_name": "Sweden"}}, {"pk": "CH", "model": "rgmain.country", "fields": {"country_name": "Switzerland"}}, {"pk": "SY", "model": "rgmain.country", "fields": {"country_name": "Syria"}}, {"pk": "TW", "model": "rgmain.country", "fields": {"country_name": "Taiwan"}}, {"pk": "TJ", "model": "rgmain.country", "fields": {"country_name": "Tajikistan"}}, {"pk": "TZ", "model": "rgmain.country", "fields": {"country_name": "Tanzania"}}, {"pk": "TH", "model": "rgmain.country", "fields": {"country_name": "Thailand"}}, {"pk": "TL", "model": "rgmain.country", "fields": {"country_name": "Timor-Leste"}}, {"pk": "TG", "model": "rgmain.country", "fields": {"country_name": "Togo"}}, {"pk": "TK", "model": "rgmain.country", "fields": {"country_name": "Tokelau"}}, {"pk": "TO", "model": "rgmain.country", "fields": {"country_name": "Tonga"}}, {"pk": "TT", "model": "rgmain.country", "fields": {"country_name": "Trinidad and Tobago"}}, {"pk": "TN", "model": "rgmain.country", "fields": {"country_name": "Tunisia"}}, {"pk": "TR", "model": "rgmain.country", "fields": {"country_name": "Turkey"}}, {"pk": "TM", "model": "rgmain.country", "fields": {"country_name": "Turkmenistan"}}, {"pk": "TC", "model": "rgmain.country", "fields": {"country_name": "Turks and Caicos Islands"}}, {"pk": "TV", "model": "rgmain.country", "fields": {"country_name": "Tuvalu"}}, {"pk": "UG", "model": "rgmain.country", "fields": {"country_name": "Uganda"}}, {"pk": "UA", "model": "rgmain.country", "fields": {"country_name": "Ukraine"}}, {"pk": "AE", "model": "rgmain.country", "fields": {"country_name": "United Arab Emirates"}}, {"pk": "GB", "model": "rgmain.country", "fields": {"country_name": "United Kingdom"}}, {"pk": "US", "model": "rgmain.country", "fields": {"country_name": "United States of America"}}, {"pk": "UY", "model": "rgmain.country", "fields": {"country_name": "Uruguay"}}, {"pk": "UZ", "model": "rgmain.country", "fields": {"country_name": "Uzbekistan"}}, {"pk": "VU", "model": "rgmain.country", "fields": {"country_name": "Vanuatu"}}, {"pk": "VA", "model": "rgmain.country", "fields": {"country_name": "Vatican City"}}, {"pk": "VE", "model": "rgmain.country", "fields": {"country_name": "Venezuela"}}, {"pk": "VN", "model": "rgmain.country", "fields": {"country_name": "Vietnam"}}, {"pk": "VG", "model": "rgmain.country", "fields": {"country_name": "Virgin Islands, British"}}, {"pk": "VI", "model": "rgmain.country", "fields": {"country_name": "Virgin Islands, US"}}, {"pk": "WF", "model": "rgmain.country", "fields": {"country_name": "Wallis and Futuna"}}, {"pk": "EH", "model": "rgmain.country", "fields": {"country_name": "Western Sahara"}}, {"pk": "YE", "model": "rgmain.country", "fields": {"country_name": "Yemen"}}, {"pk": "ZM", "model": "rgmain.country", "fields": {"country_name": "Zambia"}}, {"pk": "ZW", "model": "rgmain.country", "fields": {"country_name": "Zimbabwe"}}, {"pk": 1, "model": "rgmain.mobileregexcollection", "fields": {"description": "Australia", "errmsg": "Please enter a valid Australian mobile number"}}, {"pk": 2, "model": "rgmain.mobileregexcollection", "fields": {"description": "New Zealand", "errmsg": "Please enter a valid New Zealand mobile number"}}, {"pk": 3, "model": "rgmain.mobileregexcollection", "fields": {"description": "United Kingdom", "errmsg": "Please enter a valid UK mobile number"}}, {"pk": 4, "model": "rgmain.mobileregexcollection", "fields": {"description": "Ireland", "errmsg": "Please enter a valid Irish mobile number"}}, {"pk": 5, "model": "rgmain.mobileregexcollection", "fields": {"description": "Switzerland", "errmsg": "Please enter a valid Swiss mobile number"}}, {"pk": 6, "model": "rgmain.mobileregexcollection", "fields": {"description": "The Netherlands", "errmsg": "Please enter a valid Netherlands mobile number"}}, {"pk": 7, "model": "rgmain.mobileregexcollection", "fields": {"description": "United States", "errmsg": "Please enter a valid United States cell phone number"}}, {"pk": 8, "model": "rgmain.mobileregexcollection", "fields": {"description": "Japan", "errmsg": "Please enter a valid Japanese mobile number"}}, {"pk": 1, "model": "rgmain.mobileregex", "fields": {"regex": "^(04)([0123456789]{8})$", "prepend_digits": "61", "strip_digits": 1, "description": "Australian mobile, local format", "collection": 1}}, {"pk": 2, "model": "rgmain.mobileregex", "fields": {"regex": "^(614)([0123456789]{8})$", "prepend_digits": "", "strip_digits": 0, "description": "Australian mobile, international format", "collection": 1}}, {"pk": 3, "model": "rgmain.mobileregex", "fields": {"regex": "^(00614)([0123456789]{8})$", "prepend_digits": "", "strip_digits": 2, "description": "Australian mobile, international format", "collection": 1}}, {"pk": 4, "model": "rgmain.mobileregex", "fields": {"regex": "^(0011614)([0123456789]{8})$", "prepend_digits": "", "strip_digits": 4, "description": "Australian mobile, international format", "collection": 1}}, {"pk": 5, "model": "rgmain.mobileregex", "fields": {"regex": "^(02)([0123456789]{7,9})$", "prepend_digits": "64", "strip_digits": 1, "description": "New Zealand mobile, local format", "collection": 2}}, {"pk": 9, "model": "rgmain.mobileregex", "fields": {"regex": "^(00642)([0123456789]{7,9})$", "prepend_digits": "", "strip_digits": 2, "description": "New Zealand mobile, international format", "collection": 2}}, {"pk": 8, "model": "rgmain.mobileregex", "fields": {"regex": "^(642)([0123456789]{7,9})$", "prepend_digits": "", "strip_digits": 0, "description": "New Zealand mobile, international format", "collection": 2}}, {"pk": 10, "model": "rgmain.mobileregex", "fields": {"regex": "^(07)([0123456789]{9})$", "prepend_digits": "44", "strip_digits": 1, "description": "UK mobile, local format", "collection": 3}}, {"pk": 11, "model": "rgmain.mobileregex", "fields": {"regex": "^(447)([0123456789]{9})$", "prepend_digits": "", "strip_digits": 0, "description": "UK mobile, international format", "collection": 3}}, {"pk": 12, "model": "rgmain.mobileregex", "fields": {"regex": "^(00447)([0123456789]{9})$", "prepend_digits": "", "strip_digits": 2, "description": "UK mobile, international format", "collection": 3}}, {"pk": 13, "model": "rgmain.mobileregex", "fields": {"regex": "^(08)([0123456789]{8})$", "prepend_digits": "353", "strip_digits": 1, "description": "Irish mobile, local format", "collection": 4}}, {"pk": 14, "model": "rgmain.mobileregex", "fields": {"regex": "^(3538)([0123456789]{8})$", "prepend_digits": "", "strip_digits": 0, "description": "Irish mobile, international format", "collection": 4}}, {"pk": 15, "model": "rgmain.mobileregex", "fields": {"regex": "^(003538)([0123456789]{8})$", "prepend_digits": "", "strip_digits": 2, "description": "Irish mobile, international format", "collection": 4}}, {"pk": 16, "model": "rgmain.mobileregex", "fields": {"regex": "^(07)([0123456789]{8})$", "prepend_digits": "41", "strip_digits": 1, "description": "Swiss mobile, local format", "collection": 5}}, {"pk": 17, "model": "rgmain.mobileregex", "fields": {"regex": "^(417)([0123456789]{8})$", "prepend_digits": "", "strip_digits": 0, "description": "Swiss mobile, international format", "collection": 5}}, {"pk": 18, "model": "rgmain.mobileregex", "fields": {"regex": "^(00417)([0123456789]{8})$", "prepend_digits": "", "strip_digits": 2, "description": "Swiss mobile, international format", "collection": 5}}, {"pk": 19, "model": "rgmain.mobileregex", "fields": {"regex": "^(06)([0123456789]{8})$", "prepend_digits": "31", "strip_digits": 1, "description": "Netherlands mobile, local format", "collection": 6}}, {"pk": 20, "model": "rgmain.mobileregex", "fields": {"regex": "^(316)([0123456789]{8})$", "prepend_digits": "", "strip_digits": 0, "description": "Netherlands mobile, international format", "collection": 6}}, {"pk": 21, "model": "rgmain.mobileregex", "fields": {"regex": "^(00316)([0123456789]{8})$", "prepend_digits": "", "strip_digits": 2, "description": "Netherlands mobile, international format", "collection": 6}}, {"pk": 22, "model": "rgmain.mobileregex", "fields": {"regex": "^([2-9])([0-9]{9})$", "prepend_digits": "1", "strip_digits": 0, "description": "USA mobile", "collection": 7}}, {"pk": 23, "model": "rgmain.mobileregex", "fields": {"regex": "^(1)([2-9])([0-9]{9})$", "prepend_digits": "", "strip_digits": 0, "description": "USA mobile", "collection": 7}}, {"pk": 24, "model": "rgmain.mobileregex", "fields": {"regex": "^(08)([0123456789]{8})$", "prepend_digits": "81", "strip_digits": 1, "description": "Japanese mobile, local format", "collection": 8}}, {"pk": 25, "model": "rgmain.mobileregex", "fields": {"regex": "^(09)([0123456789]{8})$", "prepend_digits": "81", "strip_digits": 1, "description": "Japanese mobile, local format", "collection": 8}}, {"pk": 26, "model": "rgmain.mobileregex", "fields": {"regex": "^(818)([0123456789]{8})$", "prepend_digits": "", "strip_digits": 0, "description": "Japanese mobile, international format", "collection": 8}}, {"pk": 27, "model": "rgmain.mobileregex", "fields": {"regex": "^(819)([0123456789]{8})$", "prepend_digits": "", "strip_digits": 0, "description": "Japanese mobile, international format", "collection": 8}}, {"pk": 35, "model": "rgprofile.positiontype", "fields": {"chapter": 1, "description": "Founder & Executive Director", "rank": 0}}, {"pk": 1, "model": "rgprofile.positiontype", "fields": {"chapter": null, "description": "President", "rank": 1}}, {"pk": 28, "model": "rgprofile.positiontype", "fields": {"chapter": 20, "description": "Manager", "rank": 1}}, {"pk": 43, "model": "rgprofile.positiontype", "fields": {"chapter": 1, "description": "Deputy Executive Director", "rank": 1}}, {"pk": 7, "model": "rgprofile.positiontype", "fields": {"chapter": 1, "description": "Founder & Director", "rank": 1}}, {"pk": 11, "model": "rgprofile.positiontype", "fields": {"chapter": null, "description": "Regional Director", "rank": 1}}, {"pk": 34, "model": "rgprofile.positiontype", "fields": {"chapter": 1, "description": "Operations Director", "rank": 2}}, {"pk": 12, "model": "rgprofile.positiontype", "fields": {"chapter": null, "description": "Vice-President", "rank": 2}}, {"pk": 37, "model": "rgprofile.positiontype", "fields": {"chapter": null, "description": "Secretary & Treasurer", "rank": 3}}, {"pk": 2, "model": "rgprofile.positiontype", "fields": {"chapter": null, "description": "Secretary", "rank": 3}}, {"pk": 23, "model": "rgprofile.positiontype", "fields": {"chapter": 1, "description": "Organisational Development Manager", "rank": 4}}, {"pk": 25, "model": "rgprofile.positiontype", "fields": {"chapter": null, "description": "Treasurer", "rank": 4}}, {"pk": 3, "model": "rgprofile.positiontype", "fields": {"chapter": null, "description": "Schools & Students Manager", "rank": 5}}, {"pk": 39, "model": "rgprofile.positiontype", "fields": {"chapter": null, "description": "Schools Manager (Metro)", "rank": 5}}, {"pk": 38, "model": "rgprofile.positiontype", "fields": {"chapter": null, "description": "Schools Manager", "rank": 5}}, {"pk": 44, "model": "rgprofile.positiontype", "fields": {"chapter": 2, "description": "National Partnerships Manager", "rank": 5}}, {"pk": 40, "model": "rgprofile.positiontype", "fields": {"chapter": null, "description": "Schools Manager (Rural & Regional)", "rank": 5}}, {"pk": 4, "model": "rgprofile.positiontype", "fields": {"chapter": null, "description": "Lessons Manager", "rank": 6}}, {"pk": 36, "model": "rgprofile.positiontype", "fields": {"chapter": null, "description": "Training Manager", "rank": 6}}, {"pk": 32, "model": "rgprofile.positiontype", "fields": {"chapter": 20, "description": "Science Challenge Manager", "rank": 7}}, {"pk": 42, "model": "rgprofile.positiontype", "fields": {"chapter": null, "description": "Partnerships Manager", "rank": 7}}, {"pk": 5, "model": "rgprofile.positiontype", "fields": {"chapter": null, "description": "Sponsorship & Partnerships Manager", "rank": 7}}, {"pk": 9, "model": "rgprofile.positiontype", "fields": {"chapter": 1, "description": "Marketing & Communications Manager", "rank": 7}}, {"pk": 17, "model": "rgprofile.positiontype", "fields": {"chapter": 1, "description": "Communications Manager", "rank": 8}}, {"pk": 6, "model": "rgprofile.positiontype", "fields": {"chapter": null, "description": "Marketing Manager", "rank": 8}}, {"pk": 51, "model": "rgprofile.positiontype", "fields": {"chapter": 9, "description": "Logistics Manager", "rank": 9}}, {"pk": 41, "model": "rgprofile.positiontype", "fields": {"chapter": null, "description": "Events Manager", "rank": 9}}, {"pk": 54, "model": "rgprofile.positiontype", "fields": {"chapter": 1, "description": "Software Engineer", "rank": 9}}, {"pk": 14, "model": "rgprofile.positiontype", "fields": {"chapter": 1, "description": "IT Manager", "rank": 9}}, {"pk": 15, "model": "rgprofile.positiontype", "fields": {"chapter": 1, "description": "Designer", "rank": 10}}, {"pk": 53, "model": "rgprofile.positiontype", "fields": {"chapter": null, "description": "Activities Manager", "rank": 10}}, {"pk": 13, "model": "rgprofile.positiontype", "fields": {"chapter": 9, "description": "WSET Liaison", "rank": 10}}, {"pk": 52, "model": "rgprofile.positiontype", "fields": {"chapter": null, "description": "Webmaster", "rank": 12}}, {"pk": 33, "model": "rgprofile.positiontype", "fields": {"chapter": 22, "description": "SINE Event Manager", "rank": 15}}, {"pk": 31, "model": "rgprofile.positiontype", "fields": {"chapter": null, "description": "Team Member", "rank": 15}}, {"pk": 27, "model": "rgprofile.positiontype", "fields": {"chapter": null, "description": "Committee Member", "rank": 20}}, {"pk": 29, "model": "rgprofile.positiontype", "fields": {"chapter": null, "description": "Media Manager", "rank": 20}}, {"pk": 30, "model": "rgprofile.positiontype", "fields": {"chapter": null, "description": "Social Manager", "rank": 21}}, {"pk": 184, "model": "rgprofile.position", "fields": {"position_date_end": "2012-02-24", "positionChapter": 22, "user": 661, "position_date_start": "2011-08-06", "positionType": 33}}, {"pk": 141, "model": "rgprofile.position", "fields": {"position_date_end": "2012-01-29", "positionChapter": 8, "user": 41, "position_date_start": "2011-02-01", "positionType": 11}}, {"pk": 200, "model": "rgprofile.position", "fields": {"position_date_end": "2012-01-28", "positionChapter": 14, "user": 192, "position_date_start": "2011-09-15", "positionType": 2}}, {"pk": 179, "model": "rgprofile.position", "fields": {"position_date_end": "2011-12-31", "positionChapter": 20, "user": 586, "position_date_start": "2011-06-18", "positionType": 31}}, {"pk": 109, "model": "rgprofile.position", "fields": {"position_date_end": "2011-09-23", "positionChapter": 3, "user": 152, "position_date_start": "2010-09-10", "positionType": 3}}, {"pk": 161, "model": "rgprofile.position", "fields": {"position_date_end": "2011-09-14", "positionChapter": 14, "user": 192, "position_date_start": "2011-02-23", "positionType": 3}}, {"pk": 127, "model": "rgprofile.position", "fields": {"position_date_end": "2011-08-13", "positionChapter": 1, "user": 5, "position_date_start": "2010-11-01", "positionType": 23}}, {"pk": 52, "model": "rgprofile.position", "fields": {"position_date_end": "2011-01-31", "positionChapter": 9, "user": 117, "position_date_start": "2010-04-25", "positionType": 13}}, {"pk": 42, "model": "rgprofile.position", "fields": {"position_date_end": "2011-01-31", "positionChapter": 9, "user": 41, "position_date_start": "2009-10-01", "positionType": 1}}, {"pk": 82, "model": "rgprofile.position", "fields": {"position_date_end": "2010-10-31", "positionChapter": 1, "user": 5, "position_date_start": "2009-10-01", "positionType": 14}}, {"pk": 41, "model": "rgprofile.position", "fields": {"position_date_end": "2009-09-30", "positionChapter": 9, "user": 41, "position_date_start": "2009-03-01", "positionType": 2}}, {"pk": 266, "model": "rgprofile.position", "fields": {"position_date_end": null, "positionChapter": 21, "user": 41, "position_date_start": "2012-02-25", "positionType": 11}}, {"pk": 282, "model": "rgprofile.position", "fields": {"position_date_end": null, "positionChapter": 31, "user": 1296, "position_date_start": "2012-02-25", "positionType": 1}}, {"pk": 284, "model": "rgprofile.position", "fields": {"position_date_end": null, "positionChapter": 31, "user": 1298, "position_date_start": "2012-02-25", "positionType": 36}}, {"pk": 274, "model": "rgprofile.position", "fields": {"position_date_end": null, "positionChapter": 22, "user": 1306, "position_date_start": "2012-02-25", "positionType": 2}}, {"pk": 281, "model": "rgprofile.position", "fields": {"position_date_end": null, "positionChapter": 31, "user": 1299, "position_date_start": "2012-02-25", "positionType": 5}}, {"pk": 269, "model": "rgprofile.position", "fields": {"position_date_end": null, "positionChapter": 22, "user": 1310, "position_date_start": "2012-02-25", "positionType": 6}}, {"pk": 270, "model": "rgprofile.position", "fields": {"position_date_end": null, "positionChapter": 22, "user": 661, "position_date_start": "2012-02-25", "positionType": 1}}, {"pk": 255, "model": "rgprofile.position", "fields": {"position_date_end": null, "positionChapter": 14, "user": 192, "position_date_start": "2012-01-29", "positionType": 1}}, {"pk": 265, "model": "rgprofile.position", "fields": {"position_date_end": null, "positionChapter": 8, "user": 92, "position_date_start": "2012-01-29", "positionType": 11}}, {"pk": 182, "model": "rgprofile.position", "fields": {"position_date_end": null, "positionChapter": 26, "user": 659, "position_date_start": "2011-10-01", "positionType": 1}}, {"pk": 231, "model": "rgprofile.position", "fields": {"position_date_end": null, "positionChapter": 3, "user": 152, "position_date_start": "2011-09-24", "positionType": 1}}, {"pk": 224, "model": "rgprofile.position", "fields": {"position_date_end": null, "positionChapter": 2, "user": 30, "position_date_start": "2011-09-24", "positionType": 11}}, {"pk": 215, "model": "rgprofile.position", "fields": {"position_date_end": null, "positionChapter": 3, "user": 526, "position_date_start": "2011-09-24", "positionType": 6}}, {"pk": 212, "model": "rgprofile.position", "fields": {"position_date_end": null, "positionChapter": 3, "user": 648, "position_date_start": "2011-09-24", "positionType": 40}}, {"pk": 211, "model": "rgprofile.position", "fields": {"position_date_end": null, "positionChapter": 4, "user": 190, "position_date_start": "2011-09-24", "positionType": 5}}, {"pk": 210, "model": "rgprofile.position", "fields": {"position_date_end": null, "positionChapter": 4, "user": 257, "position_date_start": "2011-09-24", "positionType": 6}}, {"pk": 209, "model": "rgprofile.position", "fields": {"position_date_end": null, "positionChapter": 4, "user": 257, "position_date_start": "2011-09-24", "positionType": 38}}, {"pk": 207, "model": "rgprofile.position", "fields": {"position_date_end": null, "positionChapter": 4, "user": 178, "position_date_start": "2011-09-24", "positionType": 36}}, {"pk": 206, "model": "rgprofile.position", "fields": {"position_date_end": null, "positionChapter": 4, "user": 178, "position_date_start": "2011-09-24", "positionType": 1}}, {"pk": 202, "model": "rgprofile.position", "fields": {"position_date_end": null, "positionChapter": 14, "user": 614, "position_date_start": "2011-09-15", "positionType": 6}}, {"pk": 187, "model": "rgprofile.position", "fields": {"position_date_end": null, "positionChapter": 1, "user": 5, "position_date_start": "2011-08-14", "positionType": 34}}, {"pk": 178, "model": "rgprofile.position", "fields": {"position_date_end": null, "positionChapter": 2, "user": 539, "position_date_start": "2011-06-01", "positionType": 44}}, {"pk": 166, "model": "rgprofile.position", "fields": {"position_date_end": null, "positionChapter": 8, "user": 122, "position_date_start": "2011-02-11", "positionType": 5}}, {"pk": 137, "model": "rgprofile.position", "fields": {"position_date_end": null, "positionChapter": 9, "user": 117, "position_date_start": "2011-02-01", "positionType": 1}}, {"pk": 55, "model": "rgprofile.position", "fields": {"position_date_end": null, "positionChapter": 9, "user": 122, "position_date_start": "2010-04-25", "positionType": 5}}, {"pk": 54, "model": "rgprofile.position", "fields": {"position_date_end": null, "positionChapter": 9, "user": 120, "position_date_start": "2010-04-25", "positionType": 3}}, {"pk": 6, "model": "rgprofile.position", "fields": {"position_date_end": null, "positionChapter": 1, "user": 7, "position_date_start": "2010-01-01", "positionType": 2}}, {"pk": 186, "model": "rgprofile.position", "fields": {"position_date_end": null, "positionChapter": 1, "user": 1, "position_date_start": "2008-07-14", "positionType": 35}}, {"pk": 19, "model": "rgprofile.userlist", "fields": {"chapter": 3, "notes": "", "display_columns": [26, 4, 15], "name": "Committee", "users": [152]}}, {"pk": 2, "model": "rgchapter.displaycolumn", "fields": {"display_name_en": "First name", "display_name_nl": "", "display_name_ja": "", "field_name": "first_name", "order": 1}}, {"pk": 3, "model": "rgchapter.displaycolumn", "fields": {"display_name_en": "Last name", "display_name_nl": "", "display_name_ja": "", "field_name": "last_name", "order": 2}}, {"pk": 26, "model": "rgchapter.displaycolumn", "fields": {"display_name_en": "Name", "display_name_nl": "", "display_name_ja": "", "field_name": "get_full_name", "order": 3}}, {"pk": 4, "model": "rgchapter.displaycolumn", "fields": {"display_name_en": "Email", "display_name_nl": "", "display_name_ja": "", "field_name": "email", "order": 4}}, {"pk": 15, "model": "rgchapter.displaycolumn", "fields": {"display_name_en": "Mobile", "display_name_nl": "", "display_name_ja": "", "field_name": "mobile", "order": 5}}, {"pk": 5, "model": "rgchapter.displaycolumn", "fields": {"display_name_en": "Alternate email", "display_name_nl": "", "display_name_ja": "", "field_name": "alt_email", "order": 6}}, {"pk": 25, "model": "rgchapter.displaycolumn", "fields": {"display_name_en": "Student number", "display_name_nl": "", "display_name_ja": "", "field_name": "student_number", "order": 7}}, {"pk": 11, "model": "rgchapter.displaycolumn", "fields": {"display_name_en": "Course", "display_name_nl": "", "display_name_ja": "", "field_name": "course", "order": 10}}, {"pk": 23, "model": "rgchapter.displaycolumn", "fields": {"display_name_en": "Course level", "display_name_nl": "", "display_name_ja": "", "field_name": "course_type", "order": 10}}, {"pk": 9, "model": "rgchapter.displaycolumn", "fields": {"display_name_en": "Date joined", "display_name_nl": "", "display_name_ja": "", "field_name": "date_joined", "order": 10}}, {"pk": 10, "model": "rgchapter.displaycolumn", "fields": {"display_name_en": "Date of birth", "display_name_nl": "", "display_name_ja": "", "field_name": "dob", "order": 10}}, {"pk": 17, "model": "rgchapter.displaycolumn", "fields": {"display_name_en": "Email general opt-in?", "display_name_nl": "", "display_name_ja": "", "field_name": "email_chapter_optin", "order": 10}}, {"pk": 20, "model": "rgchapter.displaycolumn", "fields": {"display_name_en": "Amplifier opt-in?", "display_name_nl": "", "display_name_ja": "", "field_name": "email_newsletter_optin", "order": 10}}, {"pk": 16, "model": "rgchapter.displaycolumn", "fields": {"display_name_en": "Email reminder opt-in?", "display_name_nl": "", "display_name_ja": "", "field_name": "email_reminder_optin", "order": 10}}, {"pk": 22, "model": "rgchapter.displaycolumn", "fields": {"display_name_en": "Gender", "display_name_nl": "", "display_name_ja": "", "field_name": "gender", "order": 10}}, {"pk": 6, "model": "rgchapter.displaycolumn", "fields": {"display_name_en": "Is Exec?", "display_name_nl": "", "display_name_ja": "", "field_name": "is_staff", "order": 10}}, {"pk": 8, "model": "rgchapter.displaycolumn", "fields": {"display_name_en": "Last login", "display_name_nl": "", "display_name_ja": "", "field_name": "last_login", "order": 10}}, {"pk": 19, "model": "rgchapter.displaycolumn", "fields": {"display_name_en": "SMS general opt-in?", "display_name_nl": "", "display_name_ja": "", "field_name": "mobile_marketing_optin", "order": 10}}, {"pk": 18, "model": "rgchapter.displaycolumn", "fields": {"display_name_en": "SMS reminder opt-in?", "display_name_nl": "", "display_name_ja": "", "field_name": "mobile_reminder_optin", "order": 10}}, {"pk": 24, "model": "rgchapter.displaycolumn", "fields": {"display_name_en": "Local/International", "display_name_nl": "", "display_name_ja": "", "field_name": "student_type", "order": 10}}, {"pk": 29, "model": "rgchapter.displaycolumn", "fields": {"display_name_en": "Trained", "display_name_nl": "", "display_name_ja": "", "field_name": "trained", "order": 10}}, {"pk": 28, "model": "rgchapter.displaycolumn", "fields": {"display_name_en": "T-shirt", "display_name_nl": "", "display_name_ja": "", "field_name": "tshirt", "order": 10}}, {"pk": 21, "model": "rgchapter.displaycolumn", "fields": {"display_name_en": "Union member", "display_name_nl": "", "display_name_ja": "", "field_name": "union_member", "order": 10}}, {"pk": 14, "model": "rgchapter.displaycolumn", "fields": {"display_name_en": "University", "display_name_nl": "", "display_name_ja": "", "field_name": "university", "order": 10}}, {"pk": 12, "model": "rgchapter.displaycolumn", "fields": {"display_name_en": "Started university", "display_name_nl": "", "display_name_ja": "", "field_name": "uni_start", "order": 11}}, {"pk": 13, "model": "rgchapter.displaycolumn", "fields": {"display_name_en": "Will end university", "display_name_nl": "", "display_name_ja": "", "field_name": "uni_end", "order": 12}}, {"pk": 27, "model": "rgchapter.displaycolumn", "fields": {"display_name_en": "Chapter", "display_name_nl": "", "display_name_ja": "", "field_name": "chapter", "order": 15}}, {"pk": 1, "model": "rgchapter.shirtsize", "fields": {"chapter": 4, "size_long": "Female 6", "size_short": "6", "order": 2}}, {"pk": 2, "model": "rgchapter.shirtsize", "fields": {"chapter": 4, "size_long": "Female 8", "size_short": "8", "order": 4}}, {"pk": 3, "model": "rgchapter.shirtsize", "fields": {"chapter": 4, "size_long": "Female 10", "size_short": "10", "order": 6}}, {"pk": 4, "model": "rgchapter.shirtsize", "fields": {"chapter": 4, "size_long": "Female 12", "size_short": "12", "order": 8}}, {"pk": 5, "model": "rgchapter.shirtsize", "fields": {"chapter": 4, "size_long": "Female 14", "size_short": "14", "order": 10}}, {"pk": 6, "model": "rgchapter.shirtsize", "fields": {"chapter": 4, "size_long": "Female 16", "size_short": "16", "order": 12}}, {"pk": 7, "model": "rgchapter.shirtsize", "fields": {"chapter": 4, "size_long": "Female 18", "size_short": "18", "order": 14}}, {"pk": 8, "model": "rgchapter.shirtsize", "fields": {"chapter": 4, "size_long": "Male XS", "size_short": "XS", "order": 20}}, {"pk": 9, "model": "rgchapter.shirtsize", "fields": {"chapter": 4, "size_long": "Male S", "size_short": "S", "order": 22}}, {"pk": 10, "model": "rgchapter.shirtsize", "fields": {"chapter": 4, "size_long": "Male M", "size_short": "M", "order": 24}}, {"pk": 11, "model": "rgchapter.shirtsize", "fields": {"chapter": 4, "size_long": "Male L", "size_short": "L", "order": 26}}, {"pk": 12, "model": "rgchapter.shirtsize", "fields": {"chapter": 4, "size_long": "Male XL", "size_short": "XL", "order": 28}}, {"pk": 13, "model": "rgchapter.shirtsize", "fields": {"chapter": 4, "size_long": "Male 2XL", "size_short": "2XL", "order": 30}}, {"pk": 14, "model": "rgchapter.shirtsize", "fields": {"chapter": 4, "size_long": "Male 3XL", "size_short": "3XL", "order": 32}}, {"pk": 15, "model": "rgchapter.shirtsize", "fields": {"chapter": 4, "size_long": "Male 5XL", "size_short": "5XL", "order": 34}}, {"pk": 16, "model": "rgchapter.shirtsize", "fields": {"chapter": 20, "size_long": "Extra Small", "size_short": "XS", "order": 1}}, {"pk": 17, "model": "rgchapter.shirtsize", "fields": {"chapter": 20, "size_long": "Small", "size_short": "S", "order": 2}}, {"pk": 18, "model": "rgchapter.shirtsize", "fields": {"chapter": 20, "size_long": "Medium", "size_short": "M", "order": 3}}, {"pk": 19, "model": "rgchapter.shirtsize", "fields": {"chapter": 20, "size_long": "Large", "size_short": "L", "order": 4}}, {"pk": 20, "model": "rgchapter.shirtsize", "fields": {"chapter": 20, "size_long": "Extra Large", "size_short": "XL", "order": 5}}, {"pk": 1, "model": "rgchapter.award", "fields": {"award_name": "Biggest Impact", "award_type": 0, "award_description": "Awarded to the Robogals chapter to have had the biggest impact on increasing girls' interest in engineering. This is a deliberately broad definition, so that all activities run by a Robogals chapter are counted!"}}, {"pk": 2, "model": "rgchapter.award", "fields": {"award_name": "Most Girls Taught", "award_type": 0, "award_description": "Awarded to the chapter that teaches the most number of girls through robotics workshops organised primarily by the Robogals chapter, either by visiting the school or having the school visit your uni. This particular award is for robotics workshops only and does not include girls impacted in other ways.\r\n\r\nGirls count as 1 the first time they participate in a robotics workshop, and 0.5 for every subsequent visit.  This is an attempt to strike a good balance between rewarding breadth and rewarding depth.  Boys attending robotics workshops are not counted towards this award."}}, {"pk": 4, "model": "rgchapter.award", "fields": {"award_name": "Best Communication", "award_type": 1, "award_description": "Awarded to the chapter that communicated the most clearly, effectively and frequently."}}, {"pk": 3, "model": "rgchapter.award", "fields": {"award_name": "Best Community", "award_type": 1, "award_description": "Awarded to the chapter that has the most vibrant Robogals community on campus, as determined by the number of members, social events, and camaraderie amongst members and particularly amongst the executive committee."}}, {"pk": 7, "model": "rgchapter.award", "fields": {"award_name": "Best Event", "award_type": 1, "award_description": "Awarded to the chapter that runs the best event during the year. Criteria include the number of attendees (particularly the number of schoolgirls), how well-organised the event was, and how effective it was at increasing girls' interest in engineering."}}, {"pk": 8, "model": "rgchapter.award", "fields": {"award_name": "Best Publicity", "award_type": 1, "award_description": "Awarded for the best publicity received in the media or other forums. Criteria include the reach of the publicity, and how well Robogals was portrayed."}}, {"pk": 10, "model": "rgchapter.award", "fields": {"award_name": "Best Teamwork", "award_type": 1, "award_description": "Awarded to the chapter that demonstrated the best teamwork throughout the year. This award is no longer awarded; it has been superseded by Best Community."}}, {"pk": 12, "model": "rgchapter.award", "fields": {"award_name": "Biggest Impact - Honorable Mention", "award_type": 1, "award_description": "For those chapters that were awesome but didn't quite make Biggest Impact :)"}}, {"pk": 9, "model": "rgchapter.award", "fields": {"award_name": "Most Creative", "award_type": 1, "award_description": "Awarded to the most creative chapter. This award is no longer awarded; it has been somewhat superseded by Most Initiative."}}, {"pk": 11, "model": "rgchapter.award", "fields": {"award_name": "Most Facebook Fans", "award_type": 1, "award_description": "For the chapter that had the most Facebook fans. This award is no longer awarded."}}, {"pk": 5, "model": "rgchapter.award", "fields": {"award_name": "Most Initiative", "award_type": 1, "award_description": "Awarded to the chapter that demonstrated the most initiative or creativity in robotics workshops, events, recruitment strategies or any other area."}}, {"pk": 6, "model": "rgchapter.award", "fields": {"award_name": "Most Integrity", "award_type": 1, "award_description": "This is perhaps a strange name for an award, but since one of our Robogals values is \"integrity\", defined as \"being your word\", we have an award for it."}}, {"pk": 28, "model": "rgchapter.awardrecipient", "fields": {"chapter": 9, "region": 1, "description": "", "award": 1, "year": 2012}}, {"pk": 19, "model": "rgchapter.awardrecipient", "fields": {"chapter": 9, "region": 1, "description": "For teaching robotics workshops to 214.5 girls in the period Feb 2011 to Feb 2012 (weighted girl-visits: 1 for first visit and 0.5 for repeat visit)", "award": 2, "year": 2012}}, {"pk": 20, "model": "rgchapter.awardrecipient", "fields": {"chapter": 14, "region": 1, "description": "", "award": 3, "year": 2012}}, {"pk": 18, "model": "rgchapter.awardrecipient", "fields": {"chapter": 9, "region": 1, "description": "For their robotics workshops at the London Science Museum", "award": 7, "year": 2012}}, {"pk": 23, "model": "rgchapter.awardrecipient", "fields": {"chapter": 14, "region": 1, "description": "", "award": 12, "year": 2012}}, {"pk": 8, "model": "rgchapter.awardrecipient", "fields": {"chapter": 9, "region": 1, "description": "", "award": 1, "year": 2011}}, {"pk": 16, "model": "rgchapter.awardrecipient", "fields": {"chapter": 3, "region": 0, "description": "Taught 279 girls in the period 10/09/2010 to 24/09/2011 according to the above method of counting.  The next best chapter was 144!  These guys blitzed it!", "award": 2, "year": 2011}}, {"pk": 9, "model": "rgchapter.awardrecipient", "fields": {"chapter": 14, "region": 1, "description": "", "award": 2, "year": 2011}}, {"pk": 10, "model": "rgchapter.awardrecipient", "fields": {"chapter": 3, "region": 0, "description": "- 20 trained volunteers (not including exec and Global)\r\n- 175 members on myRobogals\r\n- Sent 40 emails to all of these members during the year\r\n", "award": 3, "year": 2011}}, {"pk": 13, "model": "rgchapter.awardrecipient", "fields": {"chapter": 4, "region": 0, "description": "- Gave a very honest presentation at the SINE despite their setbacks this year\r\n- Focusing like a laser beam on Robogals' core activity of robotics workshops (i.e. conducting themselves in line with what we say is the most important thing - robotics workshops - which is \u201cdoing what we said we would do\u201d)\r\n- Already have 10 schools lined up to teach in the coming year\r\n- Ensured they maintained their relationships with other organisations even though they couldn't help them out this time", "award": 6, "year": 2011}}, {"pk": 1, "model": "rgchapter.awardrecipient", "fields": {"chapter": 3, "region": 0, "description": "", "award": 1, "year": 2010}}, {"pk": 2, "model": "rgchapter.awardrecipient", "fields": {"chapter": 4, "region": 0, "description": "", "award": 2, "year": 2010}}, {"pk": 5, "model": "rgchapter.awardrecipient", "fields": {"chapter": 3, "region": 0, "description": "for their Robogals Science and Engineering Expo", "award": 7, "year": 2010}}, {"pk": 3, "model": "rgchapter.awardrecipient", "fields": {"chapter": 3, "region": 0, "description": "", "award": 10, "year": 2010}}, {"pk": 1, "model": "rgteaching.school", "fields": {"chapter": 3, "name": "Melbourne Girls High School", "contact_position": "", "contact_email": "", "address": "1 Anywhere Street\r\nMelbourne VIC 3000", "contact_person": "", "contact_phone": "", "notes": ""}}, {"pk": 1, "model": "rgteaching.event", "fields": {"chapter": 3, "status": 1, "creator": 648, "notes": "", "visit_start": "2012-04-19 10:00:00", "contact": "Nicole Brown", "visit_end": "2012-04-19 13:00:00", "meeting_location": "N/A", "contact_email": "nicole@robogals.org.au", "location": "Classroom 42", "allow_rsvp": 0, "contact_phone": "", "meeting_time": "2012-04-19 09:30:00"}}, {"pk": 1, "model": "rgteaching.schoolvisit", "fields": {"school": 1, "toprint": "", "tobring": "", "otherprep": "", "yearlvl": "7", "numrobots": "10", "lessonnum": "1", "numstudents": "25", "closing_comments": ""}}, {"pk": 1, "model": "rgteaching.eventmessage", "fields": {"date": "2012-04-19 19:14:27", "message": "Looking forward to this one!", "event": 1, "user": 648}}, {"pk": 1, "model": "rgteaching.eventattendee", "fields": {"actual_status": 1, "rsvp_status": 2, "event": 1, "user": 648}}, {"pk": 1, "model": "rgteaching.schoolvisitstats", "fields": {"primary_girls_repeat": null, "other_girls_first": null, "high_boys_first": null, "other_boys_repeat": null, "visit_type": 0, "high_boys_repeat": null, "notes": "Was a great lesson!", "visit": 1, "primary_boys_first": 10, "high_girls_first": null, "primary_boys_repeat": null, "other_girls_repeat": null, "high_girls_repeat": null, "primary_girls_first": 20, "other_boys_first": null}}, {"pk": 1, "model": "rgmessages.emailmessage", "fields": {"body": "Hello!", "status": 0, "from_name": "Robogals Global", "sender": 5, "date": "2012-04-19 09:19:45", "html": true, "scheduled": false, "scheduled_date": null, "reply_address": "mark@notrealaddress.com", "subject": "Test message", "scheduled_date_type": 1, "from_address": "mark@notrealaddress.com"}}, {"pk": 1, "model": "rgmessages.emailrecipient", "fields": {"status": 0, "to_address": "britney@notrealaddress.com", "to_name": "Rebecca Martin", "user": 7, "scheduled_date": "2012-04-19 09:19:45", "message": 1}}, {"pk": 2, "model": "rgmessages.emailrecipient", "fields": {"status": 0, "to_address": "marita@notrealaddress.com", "to_name": "Marita Cheng", "user": 1, "scheduled_date": "2012-04-19 09:19:45", "message": 1}}, {"pk": 3, "model": "rgmessages.emailrecipient", "fields": {"status": 0, "to_address": "mark@notrealaddress.com", "to_name": "Mark Parncutt", "user": 5, "scheduled_date": "2012-04-19 09:19:45", "message": 1}}, {"pk": 1, "model": "rgmessages.subscribertype", "fields": {"public": true, "description": "Uni student", "order": 1}}, {"pk": 2, "model": "rgmessages.subscribertype", "fields": {"public": true, "description": "School student", "order": 2}}, {"pk": 3, "model": "rgmessages.subscribertype", "fields": {"public": true, "description": "Faculty", "order": 3}}, {"pk": 4, "model": "rgmessages.subscribertype", "fields": {"public": true, "description": "Corporate", "order": 4}}, {"pk": 5, "model": "rgmessages.subscribertype", "fields": {"public": false, "description": "Sponsor/Partner", "order": 5}}, {"pk": 6, "model": "rgmessages.subscribertype", "fields": {"public": false, "description": "Friend", "order": 6}}, {"pk": 7, "model": "rgmessages.subscribertype", "fields": {"public": true, "description": "Parent of school student", "order": 7}}, {"pk": 8, "model": "rgmessages.subscribertype", "fields": {"public": true, "description": "Other", "order": 8}}, {"pk": 9, "model": "rgmessages.subscribertype", "fields": {"public": true, "description": "Teacher", "order": 9}}]