[{"fields": {"model": "permission", "name": "permission", "app_label": "auth"}, "model": "contenttypes.contenttype", "pk": 1}, {"fields": {"model": "group", "name": "group", "app_label": "auth"}, "model": "contenttypes.contenttype", "pk": 2}, {"fields": {"model": "logentry", "name": "log entry", "app_label": "admin"}, "model": "contenttypes.contenttype", "pk": 3}, {"fields": {"model": "contenttype", "name": "content type", "app_label": "contenttypes"}, "model": "contenttypes.contenttype", "pk": 4}, {"fields": {"model": "session", "name": "session", "app_label": "sessions"}, "model": "contenttypes.contenttype", "pk": 5}, {"fields": {"model": "university", "name": "university", "app_label": "rgmain"}, "model": "contenttypes.contenttype", "pk": 6}, {"fields": {"model": "country", "name": "country", "app_label": "rgmain"}, "model": "contenttypes.contenttype", "pk": 7}, {"fields": {"model": "subdivision", "name": "subdivision", "app_label": "rgmain"}, "model": "contenttypes.contenttype", "pk": 8}, {"fields": {"model": "timezone", "name": "timezone", "app_label": "rgmain"}, "model": "contenttypes.contenttype", "pk": 9}, {"fields": {"model": "mobileregexcollection", "name": "mobile regex collection", "app_label": "rgmain"}, "model": "contenttypes.contenttype", "pk": 10}, {"fields": {"model": "mobileregex", "name": "mobile regex", "app_label": "rgmain"}, "model": "contenttypes.contenttype", "pk": 11}, {"fields": {"model": "memberstatustype", "name": "member status", "app_label": "rgprofile"}, "model": "contenttypes.contenttype", "pk": 12}, {"fields": {"model": "memberstatus", "name": "member status", "app_label": "rgprofile"}, "model": "contenttypes.contenttype", "pk": 13}, {"fields": {"model": "positiontype", "name": "position type", "app_label": "rgprofile"}, "model": "contenttypes.contenttype", "pk": 14}, {"fields": {"model": "position", "name": "position", "app_label": "rgprofile"}, "model": "contenttypes.contenttype", "pk": 15}, {"fields": {"model": "user", "name": "user", "app_label": "rgprofile"}, "model": "contenttypes.contenttype", "pk": 16}, {"fields": {"model": "userlist", "name": "user list", "app_label": "rgprofile"}, "model": "contenttypes.contenttype", "pk": 17}, {"fields": {"model": "displaycolumn", "name": "Column display name", "app_label": "rgchapter"}, "model": "contenttypes.contenttype", "pk": 18}, {"fields": {"model": "chapter", "name": "chapter", "app_label": "rgchapter"}, "model": "contenttypes.contenttype", "pk": 19}, {"fields": {"model": "shirtsize", "name": "T-shirt size", "app_label": "rgchapter"}, "model": "contenttypes.contenttype", "pk": 20}, {"fields": {"model": "award", "name": "Award", "app_label": "rgchapter"}, "model": "contenttypes.contenttype", "pk": 21}, {"fields": {"model": "awardrecipient", "name": "Award recipient", "app_label": "rgchapter"}, "model": "contenttypes.contenttype", "pk": 22}, {"fields": {"model": "school", "name": "school", "app_label": "rgteaching"}, "model": "contenttypes.contenttype", "pk": 23}, {"fields": {"model": "directoryschool", "name": "directory school", "app_label": "rgteaching"}, "model": "contenttypes.contenttype", "pk": 24}, {"fields": {"model": "starschooldirectory", "name": "star school directory", "app_label": "rgteaching"}, "model": "contenttypes.contenttype", "pk": 25}, {"fields": {"model": "event", "name": "event", "app_label": "rgteaching"}, "model": "contenttypes.contenttype", "pk": 26}, {"fields": {"model": "schoolvisit", "name": "school visit", "app_label": "rgteaching"}, "model": "contenttypes.contenttype", "pk": 27}, {"fields": {"model": "eventmessage", "name": "event message", "app_label": "rgteaching"}, "model": "contenttypes.contenttype", "pk": 28}, {"fields": {"model": "trainingsession", "name": "training session", "app_label": "rgteaching"}, "model": "contenttypes.contenttype", "pk": 29}, {"fields": {"model": "eventattendee", "name": "event attendee", "app_label": "rgteaching"}, "model": "contenttypes.contenttype", "pk": 30}, {"fields": {"model": "schoolvisitstats", "name": "workshop stats", "app_label": "rgteaching"}, "model": "contenttypes.contenttype", "pk": 31}, {"fields": {"model": "messagessettings", "name": "setting", "app_label": "rgmessages"}, "model": "contenttypes.contenttype", "pk": 32}, {"fields": {"model": "emailfile", "name": "email file", "app_label": "rgmessages"}, "model": "contenttypes.contenttype", "pk": 33}, {"fields": {"model": "emailheader", "name": "email header", "app_label": "rgmessages"}, "model": "contenttypes.contenttype", "pk": 34}, {"fields": {"model": "emailmessage", "name": "email message", "app_label": "rgmessages"}, "model": "contenttypes.contenttype", "pk": 35}, {"fields": {"model": "emailrecipient", "name": "email recipient", "app_label": "rgmessages"}, "model": "contenttypes.contenttype", "pk": 36}, {"fields": {"model": "smsmessage", "name": "SMS message", "app_label": "rgmessages"}, "model": "contenttypes.contenttype", "pk": 37}, {"fields": {"model": "smsrecipient", "name": "sms recipient", "app_label": "rgmessages"}, "model": "contenttypes.contenttype", "pk": 38}, {"fields": {"model": "newsletter", "name": "newsletter", "app_label": "rgmessages"}, "model": "contenttypes.contenttype", "pk": 39}, {"fields": {"model": "subscribertype", "name": "subscriber type", "app_label": "rgmessages"}, "model": "contenttypes.contenttype", "pk": 40}, {"fields": {"model": "newslettersubscriber", "name": "newsletter subscriber", "app_label": "rgmessages"}, "model": "contenttypes.contenttype", "pk": 41}, {"fields": {"model": "pendingnewslettersubscriber", "name": "pending newsletter subscriber", "app_label": "rgmessages"}, "model": "contenttypes.contenttype", "pk": 42}, {"fields": {"model": "website", "name": "website", "app_label": "rgweb"}, "model": "contenttypes.contenttype", "pk": 43}, {"fields": {"model": "category", "name": "category", "app_label": "rgforums"}, "model": "contenttypes.contenttype", "pk": 44}, {"fields": {"model": "forum", "name": "forum", "app_label": "rgforums"}, "model": "contenttypes.contenttype", "pk": 45}, {"fields": {"model": "topic", "name": "topic", "app_label": "rgforums"}, "model": "contenttypes.contenttype", "pk": 46}, {"fields": {"model": "postfile", "name": "post file", "app_label": "rgforums"}, "model": "contenttypes.contenttype", "pk": 47}, {"fields": {"model": "post", "name": "post", "app_label": "rgforums"}, "model": "contenttypes.contenttype", "pk": 48}, {"fields": {"model": "vote", "name": "vote", "app_label": "rgforums"}, "model": "contenttypes.contenttype", "pk": 49}, {"fields": {"model": "offense", "name": "Offense", "app_label": "rgforums"}, "model": "contenttypes.contenttype", "pk": 50}, {"fields": {"model": "forumsettings", "name": "setting", "app_label": "rgforums"}, "model": "contenttypes.contenttype", "pk": 51}, {"fields": {"model": "conference", "name": "conference", "app_label": "rgconf"}, "model": "contenttypes.contenttype", "pk": 52}, {"fields": {"model": "conferencecurrency", "name": "currency", "app_label": "rgconf"}, "model": "contenttypes.contenttype", "pk": 53}, {"fields": {"model": "conferencepart", "name": "part", "app_label": "rgconf"}, "model": "contenttypes.contenttype", "pk": 54}, {"fields": {"model": "conferenceattendee", "name": "attendee", "app_label": "rgconf"}, "model": "contenttypes.contenttype", "pk": 55}, {"fields": {"model": "conferencepayment", "name": "payment", "app_label": "rgconf"}, "model": "contenttypes.contenttype", "pk": 56}, {"fields": {"expire_date": "2017-01-21T06:12:19Z", "session_data": "Yjc2ZTJiYWZkOWY2ZmVkZGYwN2JhYzE2ZWU0MjVjNzljOWI4NzlmZTqAAn1xAShVFWdsb2JhbFJlcG9ydFN0YXJ0RGF0ZWNkYXRldGltZQpkYXRlCnECVQQH4QEEhVJxA1UVZ2xvYmFsUmVwb3J0VmlzaXRUeXBlWAIAAAAtMXEEVQ1fYXV0aF91c2VyX2lkigEBVRJfYXV0aF91c2VyX2JhY2tlbmRVKWRqYW5nby5jb250cmliLmF1dGguYmFja2VuZHMuTW9kZWxCYWNrZW5kVQ9fYXV0aF91c2VyX2hhc2hVKGQwN2E3NzBiNTJiZGIzYTg1NzBlZWNmMjY2Yjc5OTU5NDYwMmMzOTFVE2dsb2JhbFJlcG9ydEVuZERhdGVoAlUEB+EBDIVScQV1Lg=="}, "model": "sessions.session", "pk": "q6gdypr4uwqnx1bk9pnrjz3haq3l3d33"}, {"fields": {"name": "University of Melbourne"}, "model": "rgmain.university", "pk": 1}, {"fields": {"name": "Imperial College London"}, "model": "rgmain.university", "pk": 2}, {"fields": {"name": "University of New South Wales"}, "model": "rgmain.university", "pk": 3}, {"fields": {"name": "University of Queensland"}, "model": "rgmain.university", "pk": 4}, {"fields": {"name": "University of Adelaide"}, "model": "rgmain.university", "pk": 5}, {"fields": {"name": "University of Western Australia"}, "model": "rgmain.university", "pk": 6}, {"fields": {"name": "RMIT University"}, "model": "rgmain.university", "pk": 7}, {"fields": {"name": "Monash University"}, "model": "rgmain.university", "pk": 8}, {"fields": {"name": "University of Oxford"}, "model": "rgmain.university", "pk": 9}, {"fields": {"name": "Trinity College Dublin"}, "model": "rgmain.university", "pk": 10}, {"fields": {"name": "University of Manchester"}, "model": "rgmain.university", "pk": 11}, {"fields": {"name": "University of Sydney"}, "model": "rgmain.university", "pk": 12}, {"fields": {"name": "Australian Defence Force Academy"}, "model": "rgmain.university", "pk": 13}, {"fields": {"name": "Australian National University"}, "model": "rgmain.university", "pk": 14}, {"fields": {"name": "University of Canberra"}, "model": "rgmain.university", "pk": 15}, {"fields": {"name": "Charles Sturt University"}, "model": "rgmain.university", "pk": 16}, {"fields": {"name": "Macquarie University"}, "model": "rgmain.university", "pk": 17}, {"fields": {"name": "Southern Cross University"}, "model": "rgmain.university", "pk": 18}, {"fields": {"name": "University of New England"}, "model": "rgmain.university", "pk": 19}, {"fields": {"name": "University of Newcastle"}, "model": "rgmain.university", "pk": 20}, {"fields": {"name": "University of Technology Sydney"}, "model": "rgmain.university", "pk": 21}, {"fields": {"name": "University of Western Sydney"}, "model": "rgmain.university", "pk": 22}, {"fields": {"name": "University of Wollongong"}, "model": "rgmain.university", "pk": 23}, {"fields": {"name": "Deakin University"}, "model": "rgmain.university", "pk": 24}, {"fields": {"name": "La Trobe University"}, "model": "rgmain.university", "pk": 25}, {"fields": {"name": "Swinburne University of Technology"}, "model": "rgmain.university", "pk": 26}, {"fields": {"name": "University of Ballarat"}, "model": "rgmain.university", "pk": 27}, {"fields": {"name": "Victoria University"}, "model": "rgmain.university", "pk": 28}, {"fields": {"name": "Bond University"}, "model": "rgmain.university", "pk": 29}, {"fields": {"name": "Central Queensland University"}, "model": "rgmain.university", "pk": 30}, {"fields": {"name": "Griffith University"}, "model": "rgmain.university", "pk": 31}, {"fields": {"name": "James Cook University"}, "model": "rgmain.university", "pk": 32}, {"fields": {"name": "Queensland University of Technology"}, "model": "rgmain.university", "pk": 33}, {"fields": {"name": "University of Southern Queensland"}, "model": "rgmain.university", "pk": 34}, {"fields": {"name": "University of the Sunshine Coast"}, "model": "rgmain.university", "pk": 35}, {"fields": {"name": "Curtin University"}, "model": "rgmain.university", "pk": 36}, {"fields": {"name": "Edith Cowan University"}, "model": "rgmain.university", "pk": 37}, {"fields": {"name": "Murdoch University"}, "model": "rgmain.university", "pk": 38}, {"fields": {"name": "University of Notre Dame Australia"}, "model": "rgmain.university", "pk": 39}, {"fields": {"name": "Heinz College Australia"}, "model": "rgmain.university", "pk": 40}, {"fields": {"name": "University of South Australia"}, "model": "rgmain.university", "pk": 41}, {"fields": {"name": "University of Tasmania"}, "model": "rgmain.university", "pk": 42}, {"fields": {"name": "Charles Darwin University"}, "model": "rgmain.university", "pk": 43}, {"fields": {"name": "University College London"}, "model": "rgmain.university", "pk": 44}, {"fields": {"name": "University of Birmingham"}, "model": "rgmain.university", "pk": 45}, {"fields": {"name": "University of Edinburgh"}, "model": "rgmain.university", "pk": 46}, {"fields": {"name": "University of Glasgow"}, "model": "rgmain.university", "pk": 47}, {"fields": {"name": "University of Nottingham"}, "model": "rgmain.university", "pk": 48}, {"fields": {"name": "London School of Economics"}, "model": "rgmain.university", "pk": 49}, {"fields": {"name": "University of Cambridge"}, "model": "rgmain.university", "pk": 50}, {"fields": {"name": "University of Bristol"}, "model": "rgmain.university", "pk": 51}, {"fields": {"name": "University of Otago"}, "model": "rgmain.university", "pk": 52}, {"fields": {"name": "Otago Polytechnic"}, "model": "rgmain.university", "pk": 53}, {"fields": {"name": "University of Sheffield"}, "model": "rgmain.university", "pk": 54}, {"fields": {"name": "University of Leeds"}, "model": "rgmain.university", "pk": 55}, {"fields": {"name": "TU Delft"}, "model": "rgmain.university", "pk": 56}, {"fields": {"name": "ETH Zurich"}, "model": "rgmain.university", "pk": 57}, {"fields": {"name": "California Institute of Technology"}, "model": "rgmain.university", "pk": 58}, {"fields": {"name": "University of Arizona"}, "model": "rgmain.university", "pk": 59}, {"fields": {"name": "\u6771\u4eac\u5de5\u696d\u5927\u5b66"}, "model": "rgmain.university", "pk": 60}, {"fields": {"name": "Victoria University of Wellington"}, "model": "rgmain.university", "pk": 62}, {"fields": {"name": "Columbia University"}, "model": "rgmain.university", "pk": 63}, {"fields": {"name": "University of Southampton"}, "model": "rgmain.university", "pk": 64}, {"fields": {"name": "University of Cambridge "}, "model": "rgmain.university", "pk": 65}, {"fields": {"name": "University of Southern California"}, "model": "rgmain.university", "pk": 66}, {"fields": {"name": "Harvard University"}, "model": "rgmain.university", "pk": 67}, {"fields": {"name": "Massachusetts Institute of Technology"}, "model": "rgmain.university", "pk": 68}, {"fields": {"name": "York University"}, "model": "rgmain.university", "pk": 69}, {"fields": {"name": "University of Newcastle"}, "model": "rgmain.university", "pk": 70}, {"fields": {"name": "University of Liverpool"}, "model": "rgmain.university", "pk": 71}, {"fields": {"name": "Loughborough University"}, "model": "rgmain.university", "pk": 72}, {"fields": {"name": "University of Auckland"}, "model": "rgmain.university", "pk": 73}, {"fields": {"name": "Queens University"}, "model": "rgmain.university", "pk": 74}, {"fields": {"name": "University of Exeter"}, "model": "rgmain.university", "pk": 75}, {"fields": {"name": "University of Cape Town"}, "model": "rgmain.university", "pk": 76}, {"fields": {"name": "Xavier University"}, "model": "rgmain.university", "pk": 77}, {"fields": {"name": "Monash University "}, "model": "rgmain.university", "pk": 78}, {"fields": {"name": "Peking University"}, "model": "rgmain.university", "pk": 79}, {"fields": {"name": "Fiji National University"}, "model": "rgmain.university", "pk": 80}, {"fields": {"name": "Massachusetts College"}, "model": "rgmain.university", "pk": 81}, {"fields": {"name": "Wellesley College"}, "model": "rgmain.university", "pk": 82}, {"fields": {"name": "University of Sussex"}, "model": "rgmain.university", "pk": 83}, {"fields": {"name": "University of St Andrews"}, "model": "rgmain.university", "pk": 84}, {"fields": {"name": "University of Toronto"}, "model": "rgmain.university", "pk": 85}, {"fields": {"name": "Georgia Institute of Technology"}, "model": "rgmain.university", "pk": 86}, {"fields": {"name": "University of Sussex"}, "model": "rgmain.university", "pk": 87}, {"fields": {"name": "Test University"}, "model": "rgmain.university", "pk": 88}, {"fields": {"name": "Robert Gordon University"}, "model": "rgmain.university", "pk": 89}, {"fields": {"name": "Aberdeen University"}, "model": "rgmain.university", "pk": 90}, {"fields": {"name": "University of Calgary"}, "model": "rgmain.university", "pk": 91}, {"fields": {"name": "Alfaisal University"}, "model": "rgmain.university", "pk": 92}, {"fields": {"name": "McGill University"}, "model": "rgmain.university", "pk": 93}, {"fields": {"name": "University of Nairobi"}, "model": "rgmain.university", "pk": 94}, {"fields": {"name": "Binus International University"}, "model": "rgmain.university", "pk": 95}, {"fields": {"name": "National Institute of Technology, Hakodate College"}, "model": "rgmain.university", "pk": 96}, {"fields": {"country_name": "Andorra"}, "model": "rgmain.country", "pk": "AD"}, {"fields": {"country_name": "United Arab Emirates"}, "model": "rgmain.country", "pk": "AE"}, {"fields": {"country_name": "Afghanistan"}, "model": "rgmain.country", "pk": "AF"}, {"fields": {"country_name": "Antigua and Barbuda"}, "model": "rgmain.country", "pk": "AG"}, {"fields": {"country_name": "Anguilla"}, "model": "rgmain.country", "pk": "AI"}, {"fields": {"country_name": "Albania"}, "model": "rgmain.country", "pk": "AL"}, {"fields": {"country_name": "Armenia"}, "model": "rgmain.country", "pk": "AM"}, {"fields": {"country_name": "Netherlands Antilles"}, "model": "rgmain.country", "pk": "AN"}, {"fields": {"country_name": "Angola"}, "model": "rgmain.country", "pk": "AO"}, {"fields": {"country_name": "Antarctica"}, "model": "rgmain.country", "pk": "AQ"}, {"fields": {"country_name": "Argentina"}, "model": "rgmain.country", "pk": "AR"}, {"fields": {"country_name": "American Samoa"}, "model": "rgmain.country", "pk": "AS"}, {"fields": {"country_name": "Austria"}, "model": "rgmain.country", "pk": "AT"}, {"fields": {"country_name": "Australia"}, "model": "rgmain.country", "pk": "AU"}, {"fields": {"country_name": "Aruba"}, "model": "rgmain.country", "pk": "AW"}, {"fields": {"country_name": "Aland Islands"}, "model": "rgmain.country", "pk": "AX"}, {"fields": {"country_name": "Azerbaijan"}, "model": "rgmain.country", "pk": "AZ"}, {"fields": {"country_name": "Bosnia and Herzegovina"}, "model": "rgmain.country", "pk": "BA"}, {"fields": {"country_name": "Barbados"}, "model": "rgmain.country", "pk": "BB"}, {"fields": {"country_name": "Bangladesh"}, "model": "rgmain.country", "pk": "BD"}, {"fields": {"country_name": "Belgium"}, "model": "rgmain.country", "pk": "BE"}, {"fields": {"country_name": "Burkina Faso"}, "model": "rgmain.country", "pk": "BF"}, {"fields": {"country_name": "Bulgaria"}, "model": "rgmain.country", "pk": "BG"}, {"fields": {"country_name": "Bahrain"}, "model": "rgmain.country", "pk": "BH"}, {"fields": {"country_name": "Burundi"}, "model": "rgmain.country", "pk": "BI"}, {"fields": {"country_name": "Benin"}, "model": "rgmain.country", "pk": "BJ"}, {"fields": {"country_name": "Saint Barthelemy"}, "model": "rgmain.country", "pk": "BL"}, {"fields": {"country_name": "Bermuda"}, "model": "rgmain.country", "pk": "BM"}, {"fields": {"country_name": "Brunei Darussalam"}, "model": "rgmain.country", "pk": "BN"}, {"fields": {"country_name": "Bolivia"}, "model": "rgmain.country", "pk": "BO"}, {"fields": {"country_name": "Brazil"}, "model": "rgmain.country", "pk": "BR"}, {"fields": {"country_name": "Bahamas"}, "model": "rgmain.country", "pk": "BS"}, {"fields": {"country_name": "Bhutan"}, "model": "rgmain.country", "pk": "BT"}, {"fields": {"country_name": "Bouvet Island"}, "model": "rgmain.country", "pk": "BV"}, {"fields": {"country_name": "Botswana"}, "model": "rgmain.country", "pk": "BW"}, {"fields": {"country_name": "Belarus"}, "model": "rgmain.country", "pk": "BY"}, {"fields": {"country_name": "Belize"}, "model": "rgmain.country", "pk": "BZ"}, {"fields": {"country_name": "Canada"}, "model": "rgmain.country", "pk": "CA"}, {"fields": {"country_name": "Cocos (Keeling) Islands"}, "model": "rgmain.country", "pk": "CC"}, {"fields": {"country_name": "Congo (DRC)"}, "model": "rgmain.country", "pk": "CD"}, {"fields": {"country_name": "Central African Republic"}, "model": "rgmain.country", "pk": "CF"}, {"fields": {"country_name": "Congo"}, "model": "rgmain.country", "pk": "CG"}, {"fields": {"country_name": "Switzerland"}, "model": "rgmain.country", "pk": "CH"}, {"fields": {"country_name": "Cote d'Ivoire"}, "model": "rgmain.country", "pk": "CI"}, {"fields": {"country_name": "Cook Islands"}, "model": "rgmain.country", "pk": "CK"}, {"fields": {"country_name": "Chile"}, "model": "rgmain.country", "pk": "CL"}, {"fields": {"country_name": "Cameroon"}, "model": "rgmain.country", "pk": "CM"}, {"fields": {"country_name": "China"}, "model": "rgmain.country", "pk": "CN"}, {"fields": {"country_name": "Colombia"}, "model": "rgmain.country", "pk": "CO"}, {"fields": {"country_name": "Costa Rica"}, "model": "rgmain.country", "pk": "CR"}, {"fields": {"country_name": "Cuba"}, "model": "rgmain.country", "pk": "CU"}, {"fields": {"country_name": "Cape Verde"}, "model": "rgmain.country", "pk": "CV"}, {"fields": {"country_name": "Christmas Island"}, "model": "rgmain.country", "pk": "CX"}, {"fields": {"country_name": "Cyprus"}, "model": "rgmain.country", "pk": "CY"}, {"fields": {"country_name": "Czech Republic"}, "model": "rgmain.country", "pk": "CZ"}, {"fields": {"country_name": "Germany"}, "model": "rgmain.country", "pk": "DE"}, {"fields": {"country_name": "Djibouti"}, "model": "rgmain.country", "pk": "DJ"}, {"fields": {"country_name": "Denmark"}, "model": "rgmain.country", "pk": "DK"}, {"fields": {"country_name": "Dominica"}, "model": "rgmain.country", "pk": "DM"}, {"fields": {"country_name": "Dominican Republic"}, "model": "rgmain.country", "pk": "DO"}, {"fields": {"country_name": "Algeria"}, "model": "rgmain.country", "pk": "DZ"}, {"fields": {"country_name": "Ecuador"}, "model": "rgmain.country", "pk": "EC"}, {"fields": {"country_name": "Estonia"}, "model": "rgmain.country", "pk": "EE"}, {"fields": {"country_name": "Egypt"}, "model": "rgmain.country", "pk": "EG"}, {"fields": {"country_name": "Western Sahara"}, "model": "rgmain.country", "pk": "EH"}, {"fields": {"country_name": "Eritrea"}, "model": "rgmain.country", "pk": "ER"}, {"fields": {"country_name": "Spain"}, "model": "rgmain.country", "pk": "ES"}, {"fields": {"country_name": "Ethiopia"}, "model": "rgmain.country", "pk": "ET"}, {"fields": {"country_name": "Finland"}, "model": "rgmain.country", "pk": "FI"}, {"fields": {"country_name": "Fiji"}, "model": "rgmain.country", "pk": "FJ"}, {"fields": {"country_name": "Falkland Islands"}, "model": "rgmain.country", "pk": "FK"}, {"fields": {"country_name": "Micronesia"}, "model": "rgmain.country", "pk": "FM"}, {"fields": {"country_name": "Faroe Islands"}, "model": "rgmain.country", "pk": "FO"}, {"fields": {"country_name": "France"}, "model": "rgmain.country", "pk": "FR"}, {"fields": {"country_name": "Gabon"}, "model": "rgmain.country", "pk": "GA"}, {"fields": {"country_name": "United Kingdom"}, "model": "rgmain.country", "pk": "GB"}, {"fields": {"country_name": "Grenada"}, "model": "rgmain.country", "pk": "GD"}, {"fields": {"country_name": "Georgia"}, "model": "rgmain.country", "pk": "GE"}, {"fields": {"country_name": "French Guiana"}, "model": "rgmain.country", "pk": "GF"}, {"fields": {"country_name": "Guernsey"}, "model": "rgmain.country", "pk": "GG"}, {"fields": {"country_name": "Ghana"}, "model": "rgmain.country", "pk": "GH"}, {"fields": {"country_name": "Gibraltar"}, "model": "rgmain.country", "pk": "GI"}, {"fields": {"country_name": "Greenland"}, "model": "rgmain.country", "pk": "GL"}, {"fields": {"country_name": "Gambia"}, "model": "rgmain.country", "pk": "GM"}, {"fields": {"country_name": "Guinea"}, "model": "rgmain.country", "pk": "GN"}, {"fields": {"country_name": "Guadeloupe"}, "model": "rgmain.country", "pk": "GP"}, {"fields": {"country_name": "Equatorial Guinea"}, "model": "rgmain.country", "pk": "GQ"}, {"fields": {"country_name": "Greece"}, "model": "rgmain.country", "pk": "GR"}, {"fields": {"country_name": "Guatemala"}, "model": "rgmain.country", "pk": "GT"}, {"fields": {"country_name": "Guam"}, "model": "rgmain.country", "pk": "GU"}, {"fields": {"country_name": "Guinea-Bissau"}, "model": "rgmain.country", "pk": "GW"}, {"fields": {"country_name": "Guyana"}, "model": "rgmain.country", "pk": "GY"}, {"fields": {"country_name": "Hong Kong"}, "model": "rgmain.country", "pk": "HK"}, {"fields": {"country_name": "Heard and McDonald Islands"}, "model": "rgmain.country", "pk": "HM"}, {"fields": {"country_name": "Honduras"}, "model": "rgmain.country", "pk": "HN"}, {"fields": {"country_name": "Croatia"}, "model": "rgmain.country", "pk": "HR"}, {"fields": {"country_name": "Haiti"}, "model": "rgmain.country", "pk": "HT"}, {"fields": {"country_name": "Hungary"}, "model": "rgmain.country", "pk": "HU"}, {"fields": {"country_name": "Indonesia"}, "model": "rgmain.country", "pk": "ID"}, {"fields": {"country_name": "Ireland"}, "model": "rgmain.country", "pk": "IE"}, {"fields": {"country_name": "Israel"}, "model": "rgmain.country", "pk": "IL"}, {"fields": {"country_name": "Isle of Man"}, "model": "rgmain.country", "pk": "IM"}, {"fields": {"country_name": "India"}, "model": "rgmain.country", "pk": "IN"}, {"fields": {"country_name": "British Indian Ocean Territory"}, "model": "rgmain.country", "pk": "IO"}, {"fields": {"country_name": "Iraq"}, "model": "rgmain.country", "pk": "IQ"}, {"fields": {"country_name": "Iran"}, "model": "rgmain.country", "pk": "IR"}, {"fields": {"country_name": "Iceland"}, "model": "rgmain.country", "pk": "IS"}, {"fields": {"country_name": "Italy"}, "model": "rgmain.country", "pk": "IT"}, {"fields": {"country_name": "Jersey"}, "model": "rgmain.country", "pk": "JE"}, {"fields": {"country_name": "Jamaica"}, "model": "rgmain.country", "pk": "JM"}, {"fields": {"country_name": "Jordan"}, "model": "rgmain.country", "pk": "JO"}, {"fields": {"country_name": "Japan"}, "model": "rgmain.country", "pk": "JP"}, {"fields": {"country_name": "Kenya"}, "model": "rgmain.country", "pk": "KE"}, {"fields": {"country_name": "Kyrgyzstan"}, "model": "rgmain.country", "pk": "KG"}, {"fields": {"country_name": "Cambodia"}, "model": "rgmain.country", "pk": "KH"}, {"fields": {"country_name": "Kiribati"}, "model": "rgmain.country", "pk": "KI"}, {"fields": {"country_name": "Comoros"}, "model": "rgmain.country", "pk": "KM"}, {"fields": {"country_name": "Saint Kitts and Nevis"}, "model": "rgmain.country", "pk": "KN"}, {"fields": {"country_name": "Korea (North)"}, "model": "rgmain.country", "pk": "KP"}, {"fields": {"country_name": "Korea (South)"}, "model": "rgmain.country", "pk": "KR"}, {"fields": {"country_name": "Kuwait"}, "model": "rgmain.country", "pk": "KW"}, {"fields": {"country_name": "Cayman Islands"}, "model": "rgmain.country", "pk": "KY"}, {"fields": {"country_name": "Kazakhstan"}, "model": "rgmain.country", "pk": "KZ"}, {"fields": {"country_name": "Laos"}, "model": "rgmain.country", "pk": "LA"}, {"fields": {"country_name": "Lebanon"}, "model": "rgmain.country", "pk": "LB"}, {"fields": {"country_name": "Saint Lucia"}, "model": "rgmain.country", "pk": "LC"}, {"fields": {"country_name": "Liechtenstein"}, "model": "rgmain.country", "pk": "LI"}, {"fields": {"country_name": "Sri Lanka"}, "model": "rgmain.country", "pk": "LK"}, {"fields": {"country_name": "Liberia"}, "model": "rgmain.country", "pk": "LR"}, {"fields": {"country_name": "Lesotho"}, "model": "rgmain.country", "pk": "LS"}, {"fields": {"country_name": "Lithuania"}, "model": "rgmain.country", "pk": "LT"}, {"fields": {"country_name": "Luxembourg"}, "model": "rgmain.country", "pk": "LU"}, {"fields": {"country_name": "Latvia"}, "model": "rgmain.country", "pk": "LV"}, {"fields": {"country_name": "Libya"}, "model": "rgmain.country", "pk": "LY"}, {"fields": {"country_name": "Morocco"}, "model": "rgmain.country", "pk": "MA"}, {"fields": {"country_name": "Monaco"}, "model": "rgmain.country", "pk": "MC"}, {"fields": {"country_name": "Moldova"}, "model": "rgmain.country", "pk": "MD"}, {"fields": {"country_name": "Montenegro"}, "model": "rgmain.country", "pk": "ME"}, {"fields": {"country_name": "Saint Martin"}, "model": "rgmain.country", "pk": "MF"}, {"fields": {"country_name": "Madagascar"}, "model": "rgmain.country", "pk": "MG"}, {"fields": {"country_name": "Marshall Islands"}, "model": "rgmain.country", "pk": "MH"}, {"fields": {"country_name": "Macedonia"}, "model": "rgmain.country", "pk": "MK"}, {"fields": {"country_name": "Mali"}, "model": "rgmain.country", "pk": "ML"}, {"fields": {"country_name": "Myanmar"}, "model": "rgmain.country", "pk": "MM"}, {"fields": {"country_name": "Mongolia"}, "model": "rgmain.country", "pk": "MN"}, {"fields": {"country_name": "Macao"}, "model": "rgmain.country", "pk": "MO"}, {"fields": {"country_name": "Northern Mariana Islands"}, "model": "rgmain.country", "pk": "MP"}, {"fields": {"country_name": "Martinique"}, "model": "rgmain.country", "pk": "MQ"}, {"fields": {"country_name": "Mauritania"}, "model": "rgmain.country", "pk": "MR"}, {"fields": {"country_name": "Montserrat"}, "model": "rgmain.country", "pk": "MS"}, {"fields": {"country_name": "Malta"}, "model": "rgmain.country", "pk": "MT"}, {"fields": {"country_name": "Mauritius"}, "model": "rgmain.country", "pk": "MU"}, {"fields": {"country_name": "Maldives"}, "model": "rgmain.country", "pk": "MV"}, {"fields": {"country_name": "Malawi"}, "model": "rgmain.country", "pk": "MW"}, {"fields": {"country_name": "Mexico"}, "model": "rgmain.country", "pk": "MX"}, {"fields": {"country_name": "Malaysia"}, "model": "rgmain.country", "pk": "MY"}, {"fields": {"country_name": "Mozambique"}, "model": "rgmain.country", "pk": "MZ"}, {"fields": {"country_name": "Namibia"}, "model": "rgmain.country", "pk": "NA"}, {"fields": {"country_name": "New Caledonia"}, "model": "rgmain.country", "pk": "NC"}, {"fields": {"country_name": "Niger"}, "model": "rgmain.country", "pk": "NE"}, {"fields": {"country_name": "Norfolk Island"}, "model": "rgmain.country", "pk": "NF"}, {"fields": {"country_name": "Nigeria"}, "model": "rgmain.country", "pk": "NG"}, {"fields": {"country_name": "Nicaragua"}, "model": "rgmain.country", "pk": "NI"}, {"fields": {"country_name": "Netherlands"}, "model": "rgmain.country", "pk": "NL"}, {"fields": {"country_name": "Norway"}, "model": "rgmain.country", "pk": "NO"}, {"fields": {"country_name": "Nepal"}, "model": "rgmain.country", "pk": "NP"}, {"fields": {"country_name": "Nauru"}, "model": "rgmain.country", "pk": "NR"}, {"fields": {"country_name": "Niue"}, "model": "rgmain.country", "pk": "NU"}, {"fields": {"country_name": "New Zealand"}, "model": "rgmain.country", "pk": "NZ"}, {"fields": {"country_name": "Oman"}, "model": "rgmain.country", "pk": "OM"}, {"fields": {"country_name": "Panama"}, "model": "rgmain.country", "pk": "PA"}, {"fields": {"country_name": "Peru"}, "model": "rgmain.country", "pk": "PE"}, {"fields": {"country_name": "French Polynesia"}, "model": "rgmain.country", "pk": "PF"}, {"fields": {"country_name": "Papua New Guinea"}, "model": "rgmain.country", "pk": "PG"}, {"fields": {"country_name": "Philippines"}, "model": "rgmain.country", "pk": "PH"}, {"fields": {"country_name": "Pakistan"}, "model": "rgmain.country", "pk": "PK"}, {"fields": {"country_name": "Poland"}, "model": "rgmain.country", "pk": "PL"}, {"fields": {"country_name": "Saint Pierre and Miquelon"}, "model": "rgmain.country", "pk": "PM"}, {"fields": {"country_name": "Pitcairn"}, "model": "rgmain.country", "pk": "PN"}, {"fields": {"country_name": "Puerto Rico"}, "model": "rgmain.country", "pk": "PR"}, {"fields": {"country_name": "Palestine"}, "model": "rgmain.country", "pk": "PS"}, {"fields": {"country_name": "Portugal"}, "model": "rgmain.country", "pk": "PT"}, {"fields": {"country_name": "Palau"}, "model": "rgmain.country", "pk": "PW"}, {"fields": {"country_name": "Paraguay"}, "model": "rgmain.country", "pk": "PY"}, {"fields": {"country_name": "Qatar"}, "model": "rgmain.country", "pk": "QA"}, {"fields": {"country_name": "Reunion"}, "model": "rgmain.country", "pk": "RE"}, {"fields": {"country_name": "Romania"}, "model": "rgmain.country", "pk": "RO"}, {"fields": {"country_name": "Serbia"}, "model": "rgmain.country", "pk": "RS"}, {"fields": {"country_name": "Russian Federation"}, "model": "rgmain.country", "pk": "RU"}, {"fields": {"country_name": "Rwanda"}, "model": "rgmain.country", "pk": "RW"}, {"fields": {"country_name": "Saudi Arabia"}, "model": "rgmain.country", "pk": "SA"}, {"fields": {"country_name": "Solomon Islands"}, "model": "rgmain.country", "pk": "SB"}, {"fields": {"country_name": "Seychelles"}, "model": "rgmain.country", "pk": "SC"}, {"fields": {"country_name": "Sudan"}, "model": "rgmain.country", "pk": "SD"}, {"fields": {"country_name": "Sweden"}, "model": "rgmain.country", "pk": "SE"}, {"fields": {"country_name": "Singapore"}, "model": "rgmain.country", "pk": "SG"}, {"fields": {"country_name": "Saint Helena"}, "model": "rgmain.country", "pk": "SH"}, {"fields": {"country_name": "Slovenia"}, "model": "rgmain.country", "pk": "SI"}, {"fields": {"country_name": "Svalbard and Jan Mayen"}, "model": "rgmain.country", "pk": "SJ"}, {"fields": {"country_name": "Slovakia"}, "model": "rgmain.country", "pk": "SK"}, {"fields": {"country_name": "Sierra Leone"}, "model": "rgmain.country", "pk": "SL"}, {"fields": {"country_name": "San Marino"}, "model": "rgmain.country", "pk": "SM"}, {"fields": {"country_name": "Senegal"}, "model": "rgmain.country", "pk": "SN"}, {"fields": {"country_name": "Somalia"}, "model": "rgmain.country", "pk": "SO"}, {"fields": {"country_name": "Suriname"}, "model": "rgmain.country", "pk": "SR"}, {"fields": {"country_name": "Sao Tome and Principe"}, "model": "rgmain.country", "pk": "ST"}, {"fields": {"country_name": "El Salvador"}, "model": "rgmain.country", "pk": "SV"}, {"fields": {"country_name": "Syria"}, "model": "rgmain.country", "pk": "SY"}, {"fields": {"country_name": "Swaziland"}, "model": "rgmain.country", "pk": "SZ"}, {"fields": {"country_name": "Turks and Caicos Islands"}, "model": "rgmain.country", "pk": "TC"}, {"fields": {"country_name": "Chad"}, "model": "rgmain.country", "pk": "TD"}, {"fields": {"country_name": "French Southern Territories"}, "model": "rgmain.country", "pk": "TF"}, {"fields": {"country_name": "Togo"}, "model": "rgmain.country", "pk": "TG"}, {"fields": {"country_name": "Thailand"}, "model": "rgmain.country", "pk": "TH"}, {"fields": {"country_name": "Tajikistan"}, "model": "rgmain.country", "pk": "TJ"}, {"fields": {"country_name": "Tokelau"}, "model": "rgmain.country", "pk": "TK"}, {"fields": {"country_name": "Timor-Leste"}, "model": "rgmain.country", "pk": "TL"}, {"fields": {"country_name": "Turkmenistan"}, "model": "rgmain.country", "pk": "TM"}, {"fields": {"country_name": "Tunisia"}, "model": "rgmain.country", "pk": "TN"}, {"fields": {"country_name": "Tonga"}, "model": "rgmain.country", "pk": "TO"}, {"fields": {"country_name": "Turkey"}, "model": "rgmain.country", "pk": "TR"}, {"fields": {"country_name": "Trinidad and Tobago"}, "model": "rgmain.country", "pk": "TT"}, {"fields": {"country_name": "Tuvalu"}, "model": "rgmain.country", "pk": "TV"}, {"fields": {"country_name": "Taiwan"}, "model": "rgmain.country", "pk": "TW"}, {"fields": {"country_name": "Tanzania"}, "model": "rgmain.country", "pk": "TZ"}, {"fields": {"country_name": "Ukraine"}, "model": "rgmain.country", "pk": "UA"}, {"fields": {"country_name": "Uganda"}, "model": "rgmain.country", "pk": "UG"}, {"fields": {"country_name": "United States of America"}, "model": "rgmain.country", "pk": "US"}, {"fields": {"country_name": "Uruguay"}, "model": "rgmain.country", "pk": "UY"}, {"fields": {"country_name": "Uzbekistan"}, "model": "rgmain.country", "pk": "UZ"}, {"fields": {"country_name": "Vatican City"}, "model": "rgmain.country", "pk": "VA"}, {"fields": {"country_name": "Saint Vincent and the Grenadines"}, "model": "rgmain.country", "pk": "VC"}, {"fields": {"country_name": "Venezuela"}, "model": "rgmain.country", "pk": "VE"}, {"fields": {"country_name": "Virgin Islands, British"}, "model": "rgmain.country", "pk": "VG"}, {"fields": {"country_name": "Virgin Islands, US"}, "model": "rgmain.country", "pk": "VI"}, {"fields": {"country_name": "Vietnam"}, "model": "rgmain.country", "pk": "VN"}, {"fields": {"country_name": "Vanuatu"}, "model": "rgmain.country", "pk": "VU"}, {"fields": {"country_name": "Wallis and Futuna"}, "model": "rgmain.country", "pk": "WF"}, {"fields": {"country_name": "Samoa"}, "model": "rgmain.country", "pk": "WS"}, {"fields": {"country_name": "Yemen"}, "model": "rgmain.country", "pk": "YE"}, {"fields": {"country_name": "Mayotte"}, "model": "rgmain.country", "pk": "YT"}, {"fields": {"country_name": "South Africa"}, "model": "rgmain.country", "pk": "ZA"}, {"fields": {"country_name": "Zambia"}, "model": "rgmain.country", "pk": "ZM"}, {"fields": {"country_name": "Zimbabwe"}, "model": "rgmain.country", "pk": "ZW"}, {"fields": {"country": "AU", "code": "NSW", "subdivision_name": "New South Wales"}, "model": "rgmain.subdivision", "pk": 1}, {"fields": {"country": "AU", "code": "QLD", "subdivision_name": "Queensland"}, "model": "rgmain.subdivision", "pk": 2}, {"fields": {"country": "AU", "code": "SA", "subdivision_name": "South Australia"}, "model": "rgmain.subdivision", "pk": 3}, {"fields": {"country": "AU", "code": "TAS", "subdivision_name": "Tasmania"}, "model": "rgmain.subdivision", "pk": 4}, {"fields": {"country": "AU", "code": "VIC", "subdivision_name": "Victoria"}, "model": "rgmain.subdivision", "pk": 5}, {"fields": {"country": "AU", "code": "WA", "subdivision_name": "Western Australia"}, "model": "rgmain.subdivision", "pk": 6}, {"fields": {"country": "AU", "code": "ACT", "subdivision_name": "Australian Capital Territory"}, "model": "rgmain.subdivision", "pk": 7}, {"fields": {"country": "AU", "code": "NT", "subdivision_name": "Northern Territory"}, "model": "rgmain.subdivision", "pk": 8}, {"fields": {"description": "Africa/Abidjan"}, "model": "rgmain.timezone", "pk": 1}, {"fields": {"description": "Africa/Accra"}, "model": "rgmain.timezone", "pk": 2}, {"fields": {"description": "Africa/Addis_Ababa"}, "model": "rgmain.timezone", "pk": 3}, {"fields": {"description": "Africa/Algiers"}, "model": "rgmain.timezone", "pk": 4}, {"fields": {"description": "Africa/Asmara"}, "model": "rgmain.timezone", "pk": 5}, {"fields": {"description": "Africa/Asmera"}, "model": "rgmain.timezone", "pk": 6}, {"fields": {"description": "Africa/Bamako"}, "model": "rgmain.timezone", "pk": 7}, {"fields": {"description": "Africa/Bangui"}, "model": "rgmain.timezone", "pk": 8}, {"fields": {"description": "Africa/Banjul"}, "model": "rgmain.timezone", "pk": 9}, {"fields": {"description": "Africa/Bissau"}, "model": "rgmain.timezone", "pk": 10}, {"fields": {"description": "Africa/Blantyre"}, "model": "rgmain.timezone", "pk": 11}, {"fields": {"description": "Africa/Brazzaville"}, "model": "rgmain.timezone", "pk": 12}, {"fields": {"description": "Africa/Bujumbura"}, "model": "rgmain.timezone", "pk": 13}, {"fields": {"description": "Africa/Cairo"}, "model": "rgmain.timezone", "pk": 14}, {"fields": {"description": "Africa/Casablanca"}, "model": "rgmain.timezone", "pk": 15}, {"fields": {"description": "Africa/Ceuta"}, "model": "rgmain.timezone", "pk": 16}, {"fields": {"description": "Africa/Conakry"}, "model": "rgmain.timezone", "pk": 17}, {"fields": {"description": "Africa/Dakar"}, "model": "rgmain.timezone", "pk": 18}, {"fields": {"description": "Africa/Dar_es_Salaam"}, "model": "rgmain.timezone", "pk": 19}, {"fields": {"description": "Africa/Djibouti"}, "model": "rgmain.timezone", "pk": 20}, {"fields": {"description": "Africa/Douala"}, "model": "rgmain.timezone", "pk": 21}, {"fields": {"description": "Africa/El_Aaiun"}, "model": "rgmain.timezone", "pk": 22}, {"fields": {"description": "Africa/Freetown"}, "model": "rgmain.timezone", "pk": 23}, {"fields": {"description": "Africa/Gaborone"}, "model": "rgmain.timezone", "pk": 24}, {"fields": {"description": "Africa/Harare"}, "model": "rgmain.timezone", "pk": 25}, {"fields": {"description": "Africa/Johannesburg"}, "model": "rgmain.timezone", "pk": 26}, {"fields": {"description": "Africa/Juba"}, "model": "rgmain.timezone", "pk": 27}, {"fields": {"description": "Africa/Kampala"}, "model": "rgmain.timezone", "pk": 28}, {"fields": {"description": "Africa/Khartoum"}, "model": "rgmain.timezone", "pk": 29}, {"fields": {"description": "Africa/Kigali"}, "model": "rgmain.timezone", "pk": 30}, {"fields": {"description": "Africa/Kinshasa"}, "model": "rgmain.timezone", "pk": 31}, {"fields": {"description": "Africa/Lagos"}, "model": "rgmain.timezone", "pk": 32}, {"fields": {"description": "Africa/Libreville"}, "model": "rgmain.timezone", "pk": 33}, {"fields": {"description": "Africa/Lome"}, "model": "rgmain.timezone", "pk": 34}, {"fields": {"description": "Africa/Luanda"}, "model": "rgmain.timezone", "pk": 35}, {"fields": {"description": "Africa/Lubumbashi"}, "model": "rgmain.timezone", "pk": 36}, {"fields": {"description": "Africa/Lusaka"}, "model": "rgmain.timezone", "pk": 37}, {"fields": {"description": "Africa/Malabo"}, "model": "rgmain.timezone", "pk": 38}, {"fields": {"description": "Africa/Maputo"}, "model": "rgmain.timezone", "pk": 39}, {"fields": {"description": "Africa/Maseru"}, "model": "rgmain.timezone", "pk": 40}, {"fields": {"description": "Africa/Mbabane"}, "model": "rgmain.timezone", "pk": 41}, {"fields": {"description": "Africa/Mogadishu"}, "model": "rgmain.timezone", "pk": 42}, {"fields": {"description": "Africa/Monrovia"}, "model": "rgmain.timezone", "pk": 43}, {"fields": {"description": "Africa/Nairobi"}, "model": "rgmain.timezone", "pk": 44}, {"fields": {"description": "Africa/Ndjamena"}, "model": "rgmain.timezone", "pk": 45}, {"fields": {"description": "Africa/Niamey"}, "model": "rgmain.timezone", "pk": 46}, {"fields": {"description": "Africa/Nouakchott"}, "model": "rgmain.timezone", "pk": 47}, {"fields": {"description": "Africa/Ouagadougou"}, "model": "rgmain.timezone", "pk": 48}, {"fields": {"description": "Africa/Porto-Novo"}, "model": "rgmain.timezone", "pk": 49}, {"fields": {"description": "Africa/Sao_Tome"}, "model": "rgmain.timezone", "pk": 50}, {"fields": {"description": "Africa/Timbuktu"}, "model": "rgmain.timezone", "pk": 51}, {"fields": {"description": "Africa/Tripoli"}, "model": "rgmain.timezone", "pk": 52}, {"fields": {"description": "Africa/Tunis"}, "model": "rgmain.timezone", "pk": 53}, {"fields": {"description": "Africa/Windhoek"}, "model": "rgmain.timezone", "pk": 54}, {"fields": {"description": "America/Adak"}, "model": "rgmain.timezone", "pk": 55}, {"fields": {"description": "America/Anchorage"}, "model": "rgmain.timezone", "pk": 56}, {"fields": {"description": "America/Anguilla"}, "model": "rgmain.timezone", "pk": 57}, {"fields": {"description": "America/Antigua"}, "model": "rgmain.timezone", "pk": 58}, {"fields": {"description": "America/Araguaina"}, "model": "rgmain.timezone", "pk": 59}, {"fields": {"description": "America/Argentina/Buenos_Aires"}, "model": "rgmain.timezone", "pk": 60}, {"fields": {"description": "America/Argentina/Catamarca"}, "model": "rgmain.timezone", "pk": 61}, {"fields": {"description": "America/Argentina/ComodRivadavia"}, "model": "rgmain.timezone", "pk": 62}, {"fields": {"description": "America/Argentina/Cordoba"}, "model": "rgmain.timezone", "pk": 63}, {"fields": {"description": "America/Argentina/Jujuy"}, "model": "rgmain.timezone", "pk": 64}, {"fields": {"description": "America/Argentina/La_Rioja"}, "model": "rgmain.timezone", "pk": 65}, {"fields": {"description": "America/Argentina/Mendoza"}, "model": "rgmain.timezone", "pk": 66}, {"fields": {"description": "America/Argentina/Rio_Gallegos"}, "model": "rgmain.timezone", "pk": 67}, {"fields": {"description": "America/Argentina/Salta"}, "model": "rgmain.timezone", "pk": 68}, {"fields": {"description": "America/Argentina/San_Juan"}, "model": "rgmain.timezone", "pk": 69}, {"fields": {"description": "America/Argentina/San_Luis"}, "model": "rgmain.timezone", "pk": 70}, {"fields": {"description": "America/Argentina/Tucuman"}, "model": "rgmain.timezone", "pk": 71}, {"fields": {"description": "America/Argentina/Ushuaia"}, "model": "rgmain.timezone", "pk": 72}, {"fields": {"description": "America/Aruba"}, "model": "rgmain.timezone", "pk": 73}, {"fields": {"description": "America/Asuncion"}, "model": "rgmain.timezone", "pk": 74}, {"fields": {"description": "America/Atikokan"}, "model": "rgmain.timezone", "pk": 75}, {"fields": {"description": "America/Atka"}, "model": "rgmain.timezone", "pk": 76}, {"fields": {"description": "America/Bahia"}, "model": "rgmain.timezone", "pk": 77}, {"fields": {"description": "America/Bahia_Banderas"}, "model": "rgmain.timezone", "pk": 78}, {"fields": {"description": "America/Barbados"}, "model": "rgmain.timezone", "pk": 79}, {"fields": {"description": "America/Belem"}, "model": "rgmain.timezone", "pk": 80}, {"fields": {"description": "America/Belize"}, "model": "rgmain.timezone", "pk": 81}, {"fields": {"description": "America/Blanc-Sablon"}, "model": "rgmain.timezone", "pk": 82}, {"fields": {"description": "America/Boa_Vista"}, "model": "rgmain.timezone", "pk": 83}, {"fields": {"description": "America/Bogota"}, "model": "rgmain.timezone", "pk": 84}, {"fields": {"description": "America/Boise"}, "model": "rgmain.timezone", "pk": 85}, {"fields": {"description": "America/Buenos_Aires"}, "model": "rgmain.timezone", "pk": 86}, {"fields": {"description": "America/Cambridge_Bay"}, "model": "rgmain.timezone", "pk": 87}, {"fields": {"description": "America/Campo_Grande"}, "model": "rgmain.timezone", "pk": 88}, {"fields": {"description": "America/Cancun"}, "model": "rgmain.timezone", "pk": 89}, {"fields": {"description": "America/Caracas"}, "model": "rgmain.timezone", "pk": 90}, {"fields": {"description": "America/Catamarca"}, "model": "rgmain.timezone", "pk": 91}, {"fields": {"description": "America/Cayenne"}, "model": "rgmain.timezone", "pk": 92}, {"fields": {"description": "America/Cayman"}, "model": "rgmain.timezone", "pk": 93}, {"fields": {"description": "America/Chicago"}, "model": "rgmain.timezone", "pk": 94}, {"fields": {"description": "America/Chihuahua"}, "model": "rgmain.timezone", "pk": 95}, {"fields": {"description": "America/Coral_Harbour"}, "model": "rgmain.timezone", "pk": 96}, {"fields": {"description": "America/Cordoba"}, "model": "rgmain.timezone", "pk": 97}, {"fields": {"description": "America/Costa_Rica"}, "model": "rgmain.timezone", "pk": 98}, {"fields": {"description": "America/Creston"}, "model": "rgmain.timezone", "pk": 99}, {"fields": {"description": "America/Cuiaba"}, "model": "rgmain.timezone", "pk": 100}, {"fields": {"description": "America/Curacao"}, "model": "rgmain.timezone", "pk": 101}, {"fields": {"description": "America/Danmarkshavn"}, "model": "rgmain.timezone", "pk": 102}, {"fields": {"description": "America/Dawson"}, "model": "rgmain.timezone", "pk": 103}, {"fields": {"description": "America/Dawson_Creek"}, "model": "rgmain.timezone", "pk": 104}, {"fields": {"description": "America/Denver"}, "model": "rgmain.timezone", "pk": 105}, {"fields": {"description": "America/Detroit"}, "model": "rgmain.timezone", "pk": 106}, {"fields": {"description": "America/Dominica"}, "model": "rgmain.timezone", "pk": 107}, {"fields": {"description": "America/Edmonton"}, "model": "rgmain.timezone", "pk": 108}, {"fields": {"description": "America/Eirunepe"}, "model": "rgmain.timezone", "pk": 109}, {"fields": {"description": "America/El_Salvador"}, "model": "rgmain.timezone", "pk": 110}, {"fields": {"description": "America/Ensenada"}, "model": "rgmain.timezone", "pk": 111}, {"fields": {"description": "America/Fort_Nelson"}, "model": "rgmain.timezone", "pk": 112}, {"fields": {"description": "America/Fort_Wayne"}, "model": "rgmain.timezone", "pk": 113}, {"fields": {"description": "America/Fortaleza"}, "model": "rgmain.timezone", "pk": 114}, {"fields": {"description": "America/Glace_Bay"}, "model": "rgmain.timezone", "pk": 115}, {"fields": {"description": "America/Godthab"}, "model": "rgmain.timezone", "pk": 116}, {"fields": {"description": "America/Goose_Bay"}, "model": "rgmain.timezone", "pk": 117}, {"fields": {"description": "America/Grand_Turk"}, "model": "rgmain.timezone", "pk": 118}, {"fields": {"description": "America/Grenada"}, "model": "rgmain.timezone", "pk": 119}, {"fields": {"description": "America/Guadeloupe"}, "model": "rgmain.timezone", "pk": 120}, {"fields": {"description": "America/Guatemala"}, "model": "rgmain.timezone", "pk": 121}, {"fields": {"description": "America/Guayaquil"}, "model": "rgmain.timezone", "pk": 122}, {"fields": {"description": "America/Guyana"}, "model": "rgmain.timezone", "pk": 123}, {"fields": {"description": "America/Halifax"}, "model": "rgmain.timezone", "pk": 124}, {"fields": {"description": "America/Havana"}, "model": "rgmain.timezone", "pk": 125}, {"fields": {"description": "America/Hermosillo"}, "model": "rgmain.timezone", "pk": 126}, {"fields": {"description": "America/Indiana/Indianapolis"}, "model": "rgmain.timezone", "pk": 127}, {"fields": {"description": "America/Indiana/Knox"}, "model": "rgmain.timezone", "pk": 128}, {"fields": {"description": "America/Indiana/Marengo"}, "model": "rgmain.timezone", "pk": 129}, {"fields": {"description": "America/Indiana/Petersburg"}, "model": "rgmain.timezone", "pk": 130}, {"fields": {"description": "America/Indiana/Tell_City"}, "model": "rgmain.timezone", "pk": 131}, {"fields": {"description": "America/Indiana/Vevay"}, "model": "rgmain.timezone", "pk": 132}, {"fields": {"description": "America/Indiana/Vincennes"}, "model": "rgmain.timezone", "pk": 133}, {"fields": {"description": "America/Indiana/Winamac"}, "model": "rgmain.timezone", "pk": 134}, {"fields": {"description": "America/Indianapolis"}, "model": "rgmain.timezone", "pk": 135}, {"fields": {"description": "America/Inuvik"}, "model": "rgmain.timezone", "pk": 136}, {"fields": {"description": "America/Iqaluit"}, "model": "rgmain.timezone", "pk": 137}, {"fields": {"description": "America/Jamaica"}, "model": "rgmain.timezone", "pk": 138}, {"fields": {"description": "America/Jujuy"}, "model": "rgmain.timezone", "pk": 139}, {"fields": {"description": "America/Juneau"}, "model": "rgmain.timezone", "pk": 140}, {"fields": {"description": "America/Kentucky/Louisville"}, "model": "rgmain.timezone", "pk": 141}, {"fields": {"description": "America/Kentucky/Monticello"}, "model": "rgmain.timezone", "pk": 142}, {"fields": {"description": "America/Knox_IN"}, "model": "rgmain.timezone", "pk": 143}, {"fields": {"description": "America/Kralendijk"}, "model": "rgmain.timezone", "pk": 144}, {"fields": {"description": "America/La_Paz"}, "model": "rgmain.timezone", "pk": 145}, {"fields": {"description": "America/Lima"}, "model": "rgmain.timezone", "pk": 146}, {"fields": {"description": "America/Los_Angeles"}, "model": "rgmain.timezone", "pk": 147}, {"fields": {"description": "America/Louisville"}, "model": "rgmain.timezone", "pk": 148}, {"fields": {"description": "America/Lower_Princes"}, "model": "rgmain.timezone", "pk": 149}, {"fields": {"description": "America/Maceio"}, "model": "rgmain.timezone", "pk": 150}, {"fields": {"description": "America/Managua"}, "model": "rgmain.timezone", "pk": 151}, {"fields": {"description": "America/Manaus"}, "model": "rgmain.timezone", "pk": 152}, {"fields": {"description": "America/Marigot"}, "model": "rgmain.timezone", "pk": 153}, {"fields": {"description": "America/Martinique"}, "model": "rgmain.timezone", "pk": 154}, {"fields": {"description": "America/Matamoros"}, "model": "rgmain.timezone", "pk": 155}, {"fields": {"description": "America/Mazatlan"}, "model": "rgmain.timezone", "pk": 156}, {"fields": {"description": "America/Mendoza"}, "model": "rgmain.timezone", "pk": 157}, {"fields": {"description": "America/Menominee"}, "model": "rgmain.timezone", "pk": 158}, {"fields": {"description": "America/Merida"}, "model": "rgmain.timezone", "pk": 159}, {"fields": {"description": "America/Metlakatla"}, "model": "rgmain.timezone", "pk": 160}, {"fields": {"description": "America/Mexico_City"}, "model": "rgmain.timezone", "pk": 161}, {"fields": {"description": "America/Miquelon"}, "model": "rgmain.timezone", "pk": 162}, {"fields": {"description": "America/Moncton"}, "model": "rgmain.timezone", "pk": 163}, {"fields": {"description": "America/Monterrey"}, "model": "rgmain.timezone", "pk": 164}, {"fields": {"description": "America/Montevideo"}, "model": "rgmain.timezone", "pk": 165}, {"fields": {"description": "America/Montreal"}, "model": "rgmain.timezone", "pk": 166}, {"fields": {"description": "America/Montserrat"}, "model": "rgmain.timezone", "pk": 167}, {"fields": {"description": "America/Nassau"}, "model": "rgmain.timezone", "pk": 168}, {"fields": {"description": "America/New_York"}, "model": "rgmain.timezone", "pk": 169}, {"fields": {"description": "America/Nipigon"}, "model": "rgmain.timezone", "pk": 170}, {"fields": {"description": "America/Nome"}, "model": "rgmain.timezone", "pk": 171}, {"fields": {"description": "America/Noronha"}, "model": "rgmain.timezone", "pk": 172}, {"fields": {"description": "America/North_Dakota/Beulah"}, "model": "rgmain.timezone", "pk": 173}, {"fields": {"description": "America/North_Dakota/Center"}, "model": "rgmain.timezone", "pk": 174}, {"fields": {"description": "America/North_Dakota/New_Salem"}, "model": "rgmain.timezone", "pk": 175}, {"fields": {"description": "America/Ojinaga"}, "model": "rgmain.timezone", "pk": 176}, {"fields": {"description": "America/Panama"}, "model": "rgmain.timezone", "pk": 177}, {"fields": {"description": "America/Pangnirtung"}, "model": "rgmain.timezone", "pk": 178}, {"fields": {"description": "America/Paramaribo"}, "model": "rgmain.timezone", "pk": 179}, {"fields": {"description": "America/Phoenix"}, "model": "rgmain.timezone", "pk": 180}, {"fields": {"description": "America/Port-au-Prince"}, "model": "rgmain.timezone", "pk": 181}, {"fields": {"description": "America/Port_of_Spain"}, "model": "rgmain.timezone", "pk": 182}, {"fields": {"description": "America/Porto_Acre"}, "model": "rgmain.timezone", "pk": 183}, {"fields": {"description": "America/Porto_Velho"}, "model": "rgmain.timezone", "pk": 184}, {"fields": {"description": "America/Puerto_Rico"}, "model": "rgmain.timezone", "pk": 185}, {"fields": {"description": "America/Rainy_River"}, "model": "rgmain.timezone", "pk": 186}, {"fields": {"description": "America/Rankin_Inlet"}, "model": "rgmain.timezone", "pk": 187}, {"fields": {"description": "America/Recife"}, "model": "rgmain.timezone", "pk": 188}, {"fields": {"description": "America/Regina"}, "model": "rgmain.timezone", "pk": 189}, {"fields": {"description": "America/Resolute"}, "model": "rgmain.timezone", "pk": 190}, {"fields": {"description": "America/Rio_Branco"}, "model": "rgmain.timezone", "pk": 191}, {"fields": {"description": "America/Rosario"}, "model": "rgmain.timezone", "pk": 192}, {"fields": {"description": "America/Santa_Isabel"}, "model": "rgmain.timezone", "pk": 193}, {"fields": {"description": "America/Santarem"}, "model": "rgmain.timezone", "pk": 194}, {"fields": {"description": "America/Santiago"}, "model": "rgmain.timezone", "pk": 195}, {"fields": {"description": "America/Santo_Domingo"}, "model": "rgmain.timezone", "pk": 196}, {"fields": {"description": "America/Sao_Paulo"}, "model": "rgmain.timezone", "pk": 197}, {"fields": {"description": "America/Scoresbysund"}, "model": "rgmain.timezone", "pk": 198}, {"fields": {"description": "America/Shiprock"}, "model": "rgmain.timezone", "pk": 199}, {"fields": {"description": "America/Sitka"}, "model": "rgmain.timezone", "pk": 200}, {"fields": {"description": "America/St_Barthelemy"}, "model": "rgmain.timezone", "pk": 201}, {"fields": {"description": "America/St_Johns"}, "model": "rgmain.timezone", "pk": 202}, {"fields": {"description": "America/St_Kitts"}, "model": "rgmain.timezone", "pk": 203}, {"fields": {"description": "America/St_Lucia"}, "model": "rgmain.timezone", "pk": 204}, {"fields": {"description": "America/St_Thomas"}, "model": "rgmain.timezone", "pk": 205}, {"fields": {"description": "America/St_Vincent"}, "model": "rgmain.timezone", "pk": 206}, {"fields": {"description": "America/Swift_Current"}, "model": "rgmain.timezone", "pk": 207}, {"fields": {"description": "America/Tegucigalpa"}, "model": "rgmain.timezone", "pk": 208}, {"fields": {"description": "America/Thule"}, "model": "rgmain.timezone", "pk": 209}, {"fields": {"description": "America/Thunder_Bay"}, "model": "rgmain.timezone", "pk": 210}, {"fields": {"description": "America/Tijuana"}, "model": "rgmain.timezone", "pk": 211}, {"fields": {"description": "America/Toronto"}, "model": "rgmain.timezone", "pk": 212}, {"fields": {"description": "America/Tortola"}, "model": "rgmain.timezone", "pk": 213}, {"fields": {"description": "America/Vancouver"}, "model": "rgmain.timezone", "pk": 214}, {"fields": {"description": "America/Virgin"}, "model": "rgmain.timezone", "pk": 215}, {"fields": {"description": "America/Whitehorse"}, "model": "rgmain.timezone", "pk": 216}, {"fields": {"description": "America/Winnipeg"}, "model": "rgmain.timezone", "pk": 217}, {"fields": {"description": "America/Yakutat"}, "model": "rgmain.timezone", "pk": 218}, {"fields": {"description": "America/Yellowknife"}, "model": "rgmain.timezone", "pk": 219}, {"fields": {"description": "Antarctica/Casey"}, "model": "rgmain.timezone", "pk": 220}, {"fields": {"description": "Antarctica/Davis"}, "model": "rgmain.timezone", "pk": 221}, {"fields": {"description": "Antarctica/DumontDUrville"}, "model": "rgmain.timezone", "pk": 222}, {"fields": {"description": "Antarctica/Macquarie"}, "model": "rgmain.timezone", "pk": 223}, {"fields": {"description": "Antarctica/Mawson"}, "model": "rgmain.timezone", "pk": 224}, {"fields": {"description": "Antarctica/McMurdo"}, "model": "rgmain.timezone", "pk": 225}, {"fields": {"description": "Antarctica/Palmer"}, "model": "rgmain.timezone", "pk": 226}, {"fields": {"description": "Antarctica/Rothera"}, "model": "rgmain.timezone", "pk": 227}, {"fields": {"description": "Antarctica/South_Pole"}, "model": "rgmain.timezone", "pk": 228}, {"fields": {"description": "Antarctica/Syowa"}, "model": "rgmain.timezone", "pk": 229}, {"fields": {"description": "Antarctica/Troll"}, "model": "rgmain.timezone", "pk": 230}, {"fields": {"description": "Antarctica/Vostok"}, "model": "rgmain.timezone", "pk": 231}, {"fields": {"description": "Arctic/Longyearbyen"}, "model": "rgmain.timezone", "pk": 232}, {"fields": {"description": "Asia/Aden"}, "model": "rgmain.timezone", "pk": 233}, {"fields": {"description": "Asia/Almaty"}, "model": "rgmain.timezone", "pk": 234}, {"fields": {"description": "Asia/Amman"}, "model": "rgmain.timezone", "pk": 235}, {"fields": {"description": "Asia/Anadyr"}, "model": "rgmain.timezone", "pk": 236}, {"fields": {"description": "Asia/Aqtau"}, "model": "rgmain.timezone", "pk": 237}, {"fields": {"description": "Asia/Aqtobe"}, "model": "rgmain.timezone", "pk": 238}, {"fields": {"description": "Asia/Ashgabat"}, "model": "rgmain.timezone", "pk": 239}, {"fields": {"description": "Asia/Ashkhabad"}, "model": "rgmain.timezone", "pk": 240}, {"fields": {"description": "Asia/Atyrau"}, "model": "rgmain.timezone", "pk": 241}, {"fields": {"description": "Asia/Baghdad"}, "model": "rgmain.timezone", "pk": 242}, {"fields": {"description": "Asia/Bahrain"}, "model": "rgmain.timezone", "pk": 243}, {"fields": {"description": "Asia/Baku"}, "model": "rgmain.timezone", "pk": 244}, {"fields": {"description": "Asia/Bangkok"}, "model": "rgmain.timezone", "pk": 245}, {"fields": {"description": "Asia/Barnaul"}, "model": "rgmain.timezone", "pk": 246}, {"fields": {"description": "Asia/Beirut"}, "model": "rgmain.timezone", "pk": 247}, {"fields": {"description": "Asia/Bishkek"}, "model": "rgmain.timezone", "pk": 248}, {"fields": {"description": "Asia/Brunei"}, "model": "rgmain.timezone", "pk": 249}, {"fields": {"description": "Asia/Calcutta"}, "model": "rgmain.timezone", "pk": 250}, {"fields": {"description": "Asia/Chita"}, "model": "rgmain.timezone", "pk": 251}, {"fields": {"description": "Asia/Choibalsan"}, "model": "rgmain.timezone", "pk": 252}, {"fields": {"description": "Asia/Chongqing"}, "model": "rgmain.timezone", "pk": 253}, {"fields": {"description": "Asia/Chungking"}, "model": "rgmain.timezone", "pk": 254}, {"fields": {"description": "Asia/Colombo"}, "model": "rgmain.timezone", "pk": 255}, {"fields": {"description": "Asia/Dacca"}, "model": "rgmain.timezone", "pk": 256}, {"fields": {"description": "Asia/Damascus"}, "model": "rgmain.timezone", "pk": 257}, {"fields": {"description": "Asia/Dhaka"}, "model": "rgmain.timezone", "pk": 258}, {"fields": {"description": "Asia/Dili"}, "model": "rgmain.timezone", "pk": 259}, {"fields": {"description": "Asia/Dubai"}, "model": "rgmain.timezone", "pk": 260}, {"fields": {"description": "Asia/Dushanbe"}, "model": "rgmain.timezone", "pk": 261}, {"fields": {"description": "Asia/Famagusta"}, "model": "rgmain.timezone", "pk": 262}, {"fields": {"description": "Asia/Gaza"}, "model": "rgmain.timezone", "pk": 263}, {"fields": {"description": "Asia/Harbin"}, "model": "rgmain.timezone", "pk": 264}, {"fields": {"description": "Asia/Hebron"}, "model": "rgmain.timezone", "pk": 265}, {"fields": {"description": "Asia/Ho_Chi_Minh"}, "model": "rgmain.timezone", "pk": 266}, {"fields": {"description": "Asia/Hong_Kong"}, "model": "rgmain.timezone", "pk": 267}, {"fields": {"description": "Asia/Hovd"}, "model": "rgmain.timezone", "pk": 268}, {"fields": {"description": "Asia/Irkutsk"}, "model": "rgmain.timezone", "pk": 269}, {"fields": {"description": "Asia/Istanbul"}, "model": "rgmain.timezone", "pk": 270}, {"fields": {"description": "Asia/Jakarta"}, "model": "rgmain.timezone", "pk": 271}, {"fields": {"description": "Asia/Jayapura"}, "model": "rgmain.timezone", "pk": 272}, {"fields": {"description": "Asia/Jerusalem"}, "model": "rgmain.timezone", "pk": 273}, {"fields": {"description": "Asia/Kabul"}, "model": "rgmain.timezone", "pk": 274}, {"fields": {"description": "Asia/Kamchatka"}, "model": "rgmain.timezone", "pk": 275}, {"fields": {"description": "Asia/Karachi"}, "model": "rgmain.timezone", "pk": 276}, {"fields": {"description": "Asia/Kashgar"}, "model": "rgmain.timezone", "pk": 277}, {"fields": {"description": "Asia/Kathmandu"}, "model": "rgmain.timezone", "pk": 278}, {"fields": {"description": "Asia/Katmandu"}, "model": "rgmain.timezone", "pk": 279}, {"fields": {"description": "Asia/Khandyga"}, "model": "rgmain.timezone", "pk": 280}, {"fields": {"description": "Asia/Kolkata"}, "model": "rgmain.timezone", "pk": 281}, {"fields": {"description": "Asia/Krasnoyarsk"}, "model": "rgmain.timezone", "pk": 282}, {"fields": {"description": "Asia/Kuala_Lumpur"}, "model": "rgmain.timezone", "pk": 283}, {"fields": {"description": "Asia/Kuching"}, "model": "rgmain.timezone", "pk": 284}, {"fields": {"description": "Asia/Kuwait"}, "model": "rgmain.timezone", "pk": 285}, {"fields": {"description": "Asia/Macao"}, "model": "rgmain.timezone", "pk": 286}, {"fields": {"description": "Asia/Macau"}, "model": "rgmain.timezone", "pk": 287}, {"fields": {"description": "Asia/Magadan"}, "model": "rgmain.timezone", "pk": 288}, {"fields": {"description": "Asia/Makassar"}, "model": "rgmain.timezone", "pk": 289}, {"fields": {"description": "Asia/Manila"}, "model": "rgmain.timezone", "pk": 290}, {"fields": {"description": "Asia/Muscat"}, "model": "rgmain.timezone", "pk": 291}, {"fields": {"description": "Asia/Nicosia"}, "model": "rgmain.timezone", "pk": 292}, {"fields": {"description": "Asia/Novokuznetsk"}, "model": "rgmain.timezone", "pk": 293}, {"fields": {"description": "Asia/Novosibirsk"}, "model": "rgmain.timezone", "pk": 294}, {"fields": {"description": "Asia/Omsk"}, "model": "rgmain.timezone", "pk": 295}, {"fields": {"description": "Asia/Oral"}, "model": "rgmain.timezone", "pk": 296}, {"fields": {"description": "Asia/Phnom_Penh"}, "model": "rgmain.timezone", "pk": 297}, {"fields": {"description": "Asia/Pontianak"}, "model": "rgmain.timezone", "pk": 298}, {"fields": {"description": "Asia/Pyongyang"}, "model": "rgmain.timezone", "pk": 299}, {"fields": {"description": "Asia/Qatar"}, "model": "rgmain.timezone", "pk": 300}, {"fields": {"description": "Asia/Qyzylorda"}, "model": "rgmain.timezone", "pk": 301}, {"fields": {"description": "Asia/Rangoon"}, "model": "rgmain.timezone", "pk": 302}, {"fields": {"description": "Asia/Riyadh"}, "model": "rgmain.timezone", "pk": 303}, {"fields": {"description": "Asia/Saigon"}, "model": "rgmain.timezone", "pk": 304}, {"fields": {"description": "Asia/Sakhalin"}, "model": "rgmain.timezone", "pk": 305}, {"fields": {"description": "Asia/Samarkand"}, "model": "rgmain.timezone", "pk": 306}, {"fields": {"description": "Asia/Seoul"}, "model": "rgmain.timezone", "pk": 307}, {"fields": {"description": "Asia/Shanghai"}, "model": "rgmain.timezone", "pk": 308}, {"fields": {"description": "Asia/Singapore"}, "model": "rgmain.timezone", "pk": 309}, {"fields": {"description": "Asia/Srednekolymsk"}, "model": "rgmain.timezone", "pk": 310}, {"fields": {"description": "Asia/Taipei"}, "model": "rgmain.timezone", "pk": 311}, {"fields": {"description": "Asia/Tashkent"}, "model": "rgmain.timezone", "pk": 312}, {"fields": {"description": "Asia/Tbilisi"}, "model": "rgmain.timezone", "pk": 313}, {"fields": {"description": "Asia/Tehran"}, "model": "rgmain.timezone", "pk": 314}, {"fields": {"description": "Asia/Tel_Aviv"}, "model": "rgmain.timezone", "pk": 315}, {"fields": {"description": "Asia/Thimbu"}, "model": "rgmain.timezone", "pk": 316}, {"fields": {"description": "Asia/Thimphu"}, "model": "rgmain.timezone", "pk": 317}, {"fields": {"description": "Asia/Tokyo"}, "model": "rgmain.timezone", "pk": 318}, {"fields": {"description": "Asia/Tomsk"}, "model": "rgmain.timezone", "pk": 319}, {"fields": {"description": "Asia/Ujung_Pandang"}, "model": "rgmain.timezone", "pk": 320}, {"fields": {"description": "Asia/Ulaanbaatar"}, "model": "rgmain.timezone", "pk": 321}, {"fields": {"description": "Asia/Ulan_Bator"}, "model": "rgmain.timezone", "pk": 322}, {"fields": {"description": "Asia/Urumqi"}, "model": "rgmain.timezone", "pk": 323}, {"fields": {"description": "Asia/Ust-Nera"}, "model": "rgmain.timezone", "pk": 324}, {"fields": {"description": "Asia/Vientiane"}, "model": "rgmain.timezone", "pk": 325}, {"fields": {"description": "Asia/Vladivostok"}, "model": "rgmain.timezone", "pk": 326}, {"fields": {"description": "Asia/Yakutsk"}, "model": "rgmain.timezone", "pk": 327}, {"fields": {"description": "Asia/Yangon"}, "model": "rgmain.timezone", "pk": 328}, {"fields": {"description": "Asia/Yekaterinburg"}, "model": "rgmain.timezone", "pk": 329}, {"fields": {"description": "Asia/Yerevan"}, "model": "rgmain.timezone", "pk": 330}, {"fields": {"description": "Atlantic/Azores"}, "model": "rgmain.timezone", "pk": 331}, {"fields": {"description": "Atlantic/Bermuda"}, "model": "rgmain.timezone", "pk": 332}, {"fields": {"description": "Atlantic/Canary"}, "model": "rgmain.timezone", "pk": 333}, {"fields": {"description": "Atlantic/Cape_Verde"}, "model": "rgmain.timezone", "pk": 334}, {"fields": {"description": "Atlantic/Faeroe"}, "model": "rgmain.timezone", "pk": 335}, {"fields": {"description": "Atlantic/Faroe"}, "model": "rgmain.timezone", "pk": 336}, {"fields": {"description": "Atlantic/Jan_Mayen"}, "model": "rgmain.timezone", "pk": 337}, {"fields": {"description": "Atlantic/Madeira"}, "model": "rgmain.timezone", "pk": 338}, {"fields": {"description": "Atlantic/Reykjavik"}, "model": "rgmain.timezone", "pk": 339}, {"fields": {"description": "Atlantic/South_Georgia"}, "model": "rgmain.timezone", "pk": 340}, {"fields": {"description": "Atlantic/St_Helena"}, "model": "rgmain.timezone", "pk": 341}, {"fields": {"description": "Atlantic/Stanley"}, "model": "rgmain.timezone", "pk": 342}, {"fields": {"description": "Australia/ACT"}, "model": "rgmain.timezone", "pk": 343}, {"fields": {"description": "Australia/Adelaide"}, "model": "rgmain.timezone", "pk": 344}, {"fields": {"description": "Australia/Brisbane"}, "model": "rgmain.timezone", "pk": 345}, {"fields": {"description": "Australia/Broken_Hill"}, "model": "rgmain.timezone", "pk": 346}, {"fields": {"description": "Australia/Canberra"}, "model": "rgmain.timezone", "pk": 347}, {"fields": {"description": "Australia/Currie"}, "model": "rgmain.timezone", "pk": 348}, {"fields": {"description": "Australia/Darwin"}, "model": "rgmain.timezone", "pk": 349}, {"fields": {"description": "Australia/Eucla"}, "model": "rgmain.timezone", "pk": 350}, {"fields": {"description": "Australia/Hobart"}, "model": "rgmain.timezone", "pk": 351}, {"fields": {"description": "Australia/LHI"}, "model": "rgmain.timezone", "pk": 352}, {"fields": {"description": "Australia/Lindeman"}, "model": "rgmain.timezone", "pk": 353}, {"fields": {"description": "Australia/Lord_Howe"}, "model": "rgmain.timezone", "pk": 354}, {"fields": {"description": "Australia/Melbourne"}, "model": "rgmain.timezone", "pk": 355}, {"fields": {"description": "Australia/NSW"}, "model": "rgmain.timezone", "pk": 356}, {"fields": {"description": "Australia/North"}, "model": "rgmain.timezone", "pk": 357}, {"fields": {"description": "Australia/Perth"}, "model": "rgmain.timezone", "pk": 358}, {"fields": {"description": "Australia/Queensland"}, "model": "rgmain.timezone", "pk": 359}, {"fields": {"description": "Australia/South"}, "model": "rgmain.timezone", "pk": 360}, {"fields": {"description": "Australia/Sydney"}, "model": "rgmain.timezone", "pk": 361}, {"fields": {"description": "Australia/Tasmania"}, "model": "rgmain.timezone", "pk": 362}, {"fields": {"description": "Australia/Victoria"}, "model": "rgmain.timezone", "pk": 363}, {"fields": {"description": "Australia/West"}, "model": "rgmain.timezone", "pk": 364}, {"fields": {"description": "Australia/Yancowinna"}, "model": "rgmain.timezone", "pk": 365}, {"fields": {"description": "Brazil/Acre"}, "model": "rgmain.timezone", "pk": 366}, {"fields": {"description": "Brazil/DeNoronha"}, "model": "rgmain.timezone", "pk": 367}, {"fields": {"description": "Brazil/East"}, "model": "rgmain.timezone", "pk": 368}, {"fields": {"description": "Brazil/West"}, "model": "rgmain.timezone", "pk": 369}, {"fields": {"description": "CET"}, "model": "rgmain.timezone", "pk": 370}, {"fields": {"description": "CST6CDT"}, "model": "rgmain.timezone", "pk": 371}, {"fields": {"description": "Canada/Atlantic"}, "model": "rgmain.timezone", "pk": 372}, {"fields": {"description": "Canada/Central"}, "model": "rgmain.timezone", "pk": 373}, {"fields": {"description": "Canada/East-Saskatchewan"}, "model": "rgmain.timezone", "pk": 374}, {"fields": {"description": "Canada/Eastern"}, "model": "rgmain.timezone", "pk": 375}, {"fields": {"description": "Canada/Mountain"}, "model": "rgmain.timezone", "pk": 376}, {"fields": {"description": "Canada/Newfoundland"}, "model": "rgmain.timezone", "pk": 377}, {"fields": {"description": "Canada/Pacific"}, "model": "rgmain.timezone", "pk": 378}, {"fields": {"description": "Canada/Saskatchewan"}, "model": "rgmain.timezone", "pk": 379}, {"fields": {"description": "Canada/Yukon"}, "model": "rgmain.timezone", "pk": 380}, {"fields": {"description": "Chile/Continental"}, "model": "rgmain.timezone", "pk": 381}, {"fields": {"description": "Chile/EasterIsland"}, "model": "rgmain.timezone", "pk": 382}, {"fields": {"description": "Cuba"}, "model": "rgmain.timezone", "pk": 383}, {"fields": {"description": "EET"}, "model": "rgmain.timezone", "pk": 384}, {"fields": {"description": "EST"}, "model": "rgmain.timezone", "pk": 385}, {"fields": {"description": "EST5EDT"}, "model": "rgmain.timezone", "pk": 386}, {"fields": {"description": "Egypt"}, "model": "rgmain.timezone", "pk": 387}, {"fields": {"description": "Eire"}, "model": "rgmain.timezone", "pk": 388}, {"fields": {"description": "Etc/GMT"}, "model": "rgmain.timezone", "pk": 389}, {"fields": {"description": "Etc/GMT+0"}, "model": "rgmain.timezone", "pk": 390}, {"fields": {"description": "Etc/GMT+1"}, "model": "rgmain.timezone", "pk": 391}, {"fields": {"description": "Etc/GMT+10"}, "model": "rgmain.timezone", "pk": 392}, {"fields": {"description": "Etc/GMT+11"}, "model": "rgmain.timezone", "pk": 393}, {"fields": {"description": "Etc/GMT+12"}, "model": "rgmain.timezone", "pk": 394}, {"fields": {"description": "Etc/GMT+2"}, "model": "rgmain.timezone", "pk": 395}, {"fields": {"description": "Etc/GMT+3"}, "model": "rgmain.timezone", "pk": 396}, {"fields": {"description": "Etc/GMT+4"}, "model": "rgmain.timezone", "pk": 397}, {"fields": {"description": "Etc/GMT+5"}, "model": "rgmain.timezone", "pk": 398}, {"fields": {"description": "Etc/GMT+6"}, "model": "rgmain.timezone", "pk": 399}, {"fields": {"description": "Etc/GMT+7"}, "model": "rgmain.timezone", "pk": 400}, {"fields": {"description": "Etc/GMT+8"}, "model": "rgmain.timezone", "pk": 401}, {"fields": {"description": "Etc/GMT+9"}, "model": "rgmain.timezone", "pk": 402}, {"fields": {"description": "Etc/GMT-0"}, "model": "rgmain.timezone", "pk": 403}, {"fields": {"description": "Etc/GMT-1"}, "model": "rgmain.timezone", "pk": 404}, {"fields": {"description": "Etc/GMT-10"}, "model": "rgmain.timezone", "pk": 405}, {"fields": {"description": "Etc/GMT-11"}, "model": "rgmain.timezone", "pk": 406}, {"fields": {"description": "Etc/GMT-12"}, "model": "rgmain.timezone", "pk": 407}, {"fields": {"description": "Etc/GMT-13"}, "model": "rgmain.timezone", "pk": 408}, {"fields": {"description": "Etc/GMT-14"}, "model": "rgmain.timezone", "pk": 409}, {"fields": {"description": "Etc/GMT-2"}, "model": "rgmain.timezone", "pk": 410}, {"fields": {"description": "Etc/GMT-3"}, "model": "rgmain.timezone", "pk": 411}, {"fields": {"description": "Etc/GMT-4"}, "model": "rgmain.timezone", "pk": 412}, {"fields": {"description": "Etc/GMT-5"}, "model": "rgmain.timezone", "pk": 413}, {"fields": {"description": "Etc/GMT-6"}, "model": "rgmain.timezone", "pk": 414}, {"fields": {"description": "Etc/GMT-7"}, "model": "rgmain.timezone", "pk": 415}, {"fields": {"description": "Etc/GMT-8"}, "model": "rgmain.timezone", "pk": 416}, {"fields": {"description": "Etc/GMT-9"}, "model": "rgmain.timezone", "pk": 417}, {"fields": {"description": "Etc/GMT0"}, "model": "rgmain.timezone", "pk": 418}, {"fields": {"description": "Etc/Greenwich"}, "model": "rgmain.timezone", "pk": 419}, {"fields": {"description": "Etc/UCT"}, "model": "rgmain.timezone", "pk": 420}, {"fields": {"description": "Etc/UTC"}, "model": "rgmain.timezone", "pk": 421}, {"fields": {"description": "Etc/Universal"}, "model": "rgmain.timezone", "pk": 422}, {"fields": {"description": "Etc/Zulu"}, "model": "rgmain.timezone", "pk": 423}, {"fields": {"description": "Europe/Amsterdam"}, "model": "rgmain.timezone", "pk": 424}, {"fields": {"description": "Europe/Andorra"}, "model": "rgmain.timezone", "pk": 425}, {"fields": {"description": "Europe/Astrakhan"}, "model": "rgmain.timezone", "pk": 426}, {"fields": {"description": "Europe/Athens"}, "model": "rgmain.timezone", "pk": 427}, {"fields": {"description": "Europe/Belfast"}, "model": "rgmain.timezone", "pk": 428}, {"fields": {"description": "Europe/Belgrade"}, "model": "rgmain.timezone", "pk": 429}, {"fields": {"description": "Europe/Berlin"}, "model": "rgmain.timezone", "pk": 430}, {"fields": {"description": "Europe/Bratislava"}, "model": "rgmain.timezone", "pk": 431}, {"fields": {"description": "Europe/Brussels"}, "model": "rgmain.timezone", "pk": 432}, {"fields": {"description": "Europe/Bucharest"}, "model": "rgmain.timezone", "pk": 433}, {"fields": {"description": "Europe/Budapest"}, "model": "rgmain.timezone", "pk": 434}, {"fields": {"description": "Europe/Busingen"}, "model": "rgmain.timezone", "pk": 435}, {"fields": {"description": "Europe/Chisinau"}, "model": "rgmain.timezone", "pk": 436}, {"fields": {"description": "Europe/Copenhagen"}, "model": "rgmain.timezone", "pk": 437}, {"fields": {"description": "Europe/Dublin"}, "model": "rgmain.timezone", "pk": 438}, {"fields": {"description": "Europe/Gibraltar"}, "model": "rgmain.timezone", "pk": 439}, {"fields": {"description": "Europe/Guernsey"}, "model": "rgmain.timezone", "pk": 440}, {"fields": {"description": "Europe/Helsinki"}, "model": "rgmain.timezone", "pk": 441}, {"fields": {"description": "Europe/Isle_of_Man"}, "model": "rgmain.timezone", "pk": 442}, {"fields": {"description": "Europe/Istanbul"}, "model": "rgmain.timezone", "pk": 443}, {"fields": {"description": "Europe/Jersey"}, "model": "rgmain.timezone", "pk": 444}, {"fields": {"description": "Europe/Kaliningrad"}, "model": "rgmain.timezone", "pk": 445}, {"fields": {"description": "Europe/Kiev"}, "model": "rgmain.timezone", "pk": 446}, {"fields": {"description": "Europe/Kirov"}, "model": "rgmain.timezone", "pk": 447}, {"fields": {"description": "Europe/Lisbon"}, "model": "rgmain.timezone", "pk": 448}, {"fields": {"description": "Europe/Ljubljana"}, "model": "rgmain.timezone", "pk": 449}, {"fields": {"description": "Europe/London"}, "model": "rgmain.timezone", "pk": 450}, {"fields": {"description": "Europe/Luxembourg"}, "model": "rgmain.timezone", "pk": 451}, {"fields": {"description": "Europe/Madrid"}, "model": "rgmain.timezone", "pk": 452}, {"fields": {"description": "Europe/Malta"}, "model": "rgmain.timezone", "pk": 453}, {"fields": {"description": "Europe/Mariehamn"}, "model": "rgmain.timezone", "pk": 454}, {"fields": {"description": "Europe/Minsk"}, "model": "rgmain.timezone", "pk": 455}, {"fields": {"description": "Europe/Monaco"}, "model": "rgmain.timezone", "pk": 456}, {"fields": {"description": "Europe/Moscow"}, "model": "rgmain.timezone", "pk": 457}, {"fields": {"description": "Europe/Nicosia"}, "model": "rgmain.timezone", "pk": 458}, {"fields": {"description": "Europe/Oslo"}, "model": "rgmain.timezone", "pk": 459}, {"fields": {"description": "Europe/Paris"}, "model": "rgmain.timezone", "pk": 460}, {"fields": {"description": "Europe/Podgorica"}, "model": "rgmain.timezone", "pk": 461}, {"fields": {"description": "Europe/Prague"}, "model": "rgmain.timezone", "pk": 462}, {"fields": {"description": "Europe/Riga"}, "model": "rgmain.timezone", "pk": 463}, {"fields": {"description": "Europe/Rome"}, "model": "rgmain.timezone", "pk": 464}, {"fields": {"description": "Europe/Samara"}, "model": "rgmain.timezone", "pk": 465}, {"fields": {"description": "Europe/San_Marino"}, "model": "rgmain.timezone", "pk": 466}, {"fields": {"description": "Europe/Sarajevo"}, "model": "rgmain.timezone", "pk": 467}, {"fields": {"description": "Europe/Saratov"}, "model": "rgmain.timezone", "pk": 468}, {"fields": {"description": "Europe/Simferopol"}, "model": "rgmain.timezone", "pk": 469}, {"fields": {"description": "Europe/Skopje"}, "model": "rgmain.timezone", "pk": 470}, {"fields": {"description": "Europe/Sofia"}, "model": "rgmain.timezone", "pk": 471}, {"fields": {"description": "Europe/Stockholm"}, "model": "rgmain.timezone", "pk": 472}, {"fields": {"description": "Europe/Tallinn"}, "model": "rgmain.timezone", "pk": 473}, {"fields": {"description": "Europe/Tirane"}, "model": "rgmain.timezone", "pk": 474}, {"fields": {"description": "Europe/Tiraspol"}, "model": "rgmain.timezone", "pk": 475}, {"fields": {"description": "Europe/Ulyanovsk"}, "model": "rgmain.timezone", "pk": 476}, {"fields": {"description": "Europe/Uzhgorod"}, "model": "rgmain.timezone", "pk": 477}, {"fields": {"description": "Europe/Vaduz"}, "model": "rgmain.timezone", "pk": 478}, {"fields": {"description": "Europe/Vatican"}, "model": "rgmain.timezone", "pk": 479}, {"fields": {"description": "Europe/Vienna"}, "model": "rgmain.timezone", "pk": 480}, {"fields": {"description": "Europe/Vilnius"}, "model": "rgmain.timezone", "pk": 481}, {"fields": {"description": "Europe/Volgograd"}, "model": "rgmain.timezone", "pk": 482}, {"fields": {"description": "Europe/Warsaw"}, "model": "rgmain.timezone", "pk": 483}, {"fields": {"description": "Europe/Zagreb"}, "model": "rgmain.timezone", "pk": 484}, {"fields": {"description": "Europe/Zaporozhye"}, "model": "rgmain.timezone", "pk": 485}, {"fields": {"description": "Europe/Zurich"}, "model": "rgmain.timezone", "pk": 486}, {"fields": {"description": "GB"}, "model": "rgmain.timezone", "pk": 487}, {"fields": {"description": "GB-Eire"}, "model": "rgmain.timezone", "pk": 488}, {"fields": {"description": "GMT"}, "model": "rgmain.timezone", "pk": 489}, {"fields": {"description": "GMT+0"}, "model": "rgmain.timezone", "pk": 490}, {"fields": {"description": "GMT-0"}, "model": "rgmain.timezone", "pk": 491}, {"fields": {"description": "GMT0"}, "model": "rgmain.timezone", "pk": 492}, {"fields": {"description": "Greenwich"}, "model": "rgmain.timezone", "pk": 493}, {"fields": {"description": "HST"}, "model": "rgmain.timezone", "pk": 494}, {"fields": {"description": "Hongkong"}, "model": "rgmain.timezone", "pk": 495}, {"fields": {"description": "Iceland"}, "model": "rgmain.timezone", "pk": 496}, {"fields": {"description": "Indian/Antananarivo"}, "model": "rgmain.timezone", "pk": 497}, {"fields": {"description": "Indian/Chagos"}, "model": "rgmain.timezone", "pk": 498}, {"fields": {"description": "Indian/Christmas"}, "model": "rgmain.timezone", "pk": 499}, {"fields": {"description": "Indian/Cocos"}, "model": "rgmain.timezone", "pk": 500}, {"fields": {"description": "Indian/Comoro"}, "model": "rgmain.timezone", "pk": 501}, {"fields": {"description": "Indian/Kerguelen"}, "model": "rgmain.timezone", "pk": 502}, {"fields": {"description": "Indian/Mahe"}, "model": "rgmain.timezone", "pk": 503}, {"fields": {"description": "Indian/Maldives"}, "model": "rgmain.timezone", "pk": 504}, {"fields": {"description": "Indian/Mauritius"}, "model": "rgmain.timezone", "pk": 505}, {"fields": {"description": "Indian/Mayotte"}, "model": "rgmain.timezone", "pk": 506}, {"fields": {"description": "Indian/Reunion"}, "model": "rgmain.timezone", "pk": 507}, {"fields": {"description": "Iran"}, "model": "rgmain.timezone", "pk": 508}, {"fields": {"description": "Israel"}, "model": "rgmain.timezone", "pk": 509}, {"fields": {"description": "Jamaica"}, "model": "rgmain.timezone", "pk": 510}, {"fields": {"description": "Japan"}, "model": "rgmain.timezone", "pk": 511}, {"fields": {"description": "Kwajalein"}, "model": "rgmain.timezone", "pk": 512}, {"fields": {"description": "Libya"}, "model": "rgmain.timezone", "pk": 513}, {"fields": {"description": "MET"}, "model": "rgmain.timezone", "pk": 514}, {"fields": {"description": "MST"}, "model": "rgmain.timezone", "pk": 515}, {"fields": {"description": "MST7MDT"}, "model": "rgmain.timezone", "pk": 516}, {"fields": {"description": "Mexico/BajaNorte"}, "model": "rgmain.timezone", "pk": 517}, {"fields": {"description": "Mexico/BajaSur"}, "model": "rgmain.timezone", "pk": 518}, {"fields": {"description": "Mexico/General"}, "model": "rgmain.timezone", "pk": 519}, {"fields": {"description": "NZ"}, "model": "rgmain.timezone", "pk": 520}, {"fields": {"description": "NZ-CHAT"}, "model": "rgmain.timezone", "pk": 521}, {"fields": {"description": "Navajo"}, "model": "rgmain.timezone", "pk": 522}, {"fields": {"description": "PRC"}, "model": "rgmain.timezone", "pk": 523}, {"fields": {"description": "PST8PDT"}, "model": "rgmain.timezone", "pk": 524}, {"fields": {"description": "Pacific/Apia"}, "model": "rgmain.timezone", "pk": 525}, {"fields": {"description": "Pacific/Auckland"}, "model": "rgmain.timezone", "pk": 526}, {"fields": {"description": "Pacific/Bougainville"}, "model": "rgmain.timezone", "pk": 527}, {"fields": {"description": "Pacific/Chatham"}, "model": "rgmain.timezone", "pk": 528}, {"fields": {"description": "Pacific/Chuuk"}, "model": "rgmain.timezone", "pk": 529}, {"fields": {"description": "Pacific/Easter"}, "model": "rgmain.timezone", "pk": 530}, {"fields": {"description": "Pacific/Efate"}, "model": "rgmain.timezone", "pk": 531}, {"fields": {"description": "Pacific/Enderbury"}, "model": "rgmain.timezone", "pk": 532}, {"fields": {"description": "Pacific/Fakaofo"}, "model": "rgmain.timezone", "pk": 533}, {"fields": {"description": "Pacific/Fiji"}, "model": "rgmain.timezone", "pk": 534}, {"fields": {"description": "Pacific/Funafuti"}, "model": "rgmain.timezone", "pk": 535}, {"fields": {"description": "Pacific/Galapagos"}, "model": "rgmain.timezone", "pk": 536}, {"fields": {"description": "Pacific/Gambier"}, "model": "rgmain.timezone", "pk": 537}, {"fields": {"description": "Pacific/Guadalcanal"}, "model": "rgmain.timezone", "pk": 538}, {"fields": {"description": "Pacific/Guam"}, "model": "rgmain.timezone", "pk": 539}, {"fields": {"description": "Pacific/Honolulu"}, "model": "rgmain.timezone", "pk": 540}, {"fields": {"description": "Pacific/Johnston"}, "model": "rgmain.timezone", "pk": 541}, {"fields": {"description": "Pacific/Kiritimati"}, "model": "rgmain.timezone", "pk": 542}, {"fields": {"description": "Pacific/Kosrae"}, "model": "rgmain.timezone", "pk": 543}, {"fields": {"description": "Pacific/Kwajalein"}, "model": "rgmain.timezone", "pk": 544}, {"fields": {"description": "Pacific/Majuro"}, "model": "rgmain.timezone", "pk": 545}, {"fields": {"description": "Pacific/Marquesas"}, "model": "rgmain.timezone", "pk": 546}, {"fields": {"description": "Pacific/Midway"}, "model": "rgmain.timezone", "pk": 547}, {"fields": {"description": "Pacific/Nauru"}, "model": "rgmain.timezone", "pk": 548}, {"fields": {"description": "Pacific/Niue"}, "model": "rgmain.timezone", "pk": 549}, {"fields": {"description": "Pacific/Norfolk"}, "model": "rgmain.timezone", "pk": 550}, {"fields": {"description": "Pacific/Noumea"}, "model": "rgmain.timezone", "pk": 551}, {"fields": {"description": "Pacific/Pago_Pago"}, "model": "rgmain.timezone", "pk": 552}, {"fields": {"description": "Pacific/Palau"}, "model": "rgmain.timezone", "pk": 553}, {"fields": {"description": "Pacific/Pitcairn"}, "model": "rgmain.timezone", "pk": 554}, {"fields": {"description": "Pacific/Pohnpei"}, "model": "rgmain.timezone", "pk": 555}, {"fields": {"description": "Pacific/Ponape"}, "model": "rgmain.timezone", "pk": 556}, {"fields": {"description": "Pacific/Port_Moresby"}, "model": "rgmain.timezone", "pk": 557}, {"fields": {"description": "Pacific/Rarotonga"}, "model": "rgmain.timezone", "pk": 558}, {"fields": {"description": "Pacific/Saipan"}, "model": "rgmain.timezone", "pk": 559}, {"fields": {"description": "Pacific/Samoa"}, "model": "rgmain.timezone", "pk": 560}, {"fields": {"description": "Pacific/Tahiti"}, "model": "rgmain.timezone", "pk": 561}, {"fields": {"description": "Pacific/Tarawa"}, "model": "rgmain.timezone", "pk": 562}, {"fields": {"description": "Pacific/Tongatapu"}, "model": "rgmain.timezone", "pk": 563}, {"fields": {"description": "Pacific/Truk"}, "model": "rgmain.timezone", "pk": 564}, {"fields": {"description": "Pacific/Wake"}, "model": "rgmain.timezone", "pk": 565}, {"fields": {"description": "Pacific/Wallis"}, "model": "rgmain.timezone", "pk": 566}, {"fields": {"description": "Pacific/Yap"}, "model": "rgmain.timezone", "pk": 567}, {"fields": {"description": "Poland"}, "model": "rgmain.timezone", "pk": 568}, {"fields": {"description": "Portugal"}, "model": "rgmain.timezone", "pk": 569}, {"fields": {"description": "ROC"}, "model": "rgmain.timezone", "pk": 570}, {"fields": {"description": "ROK"}, "model": "rgmain.timezone", "pk": 571}, {"fields": {"description": "Singapore"}, "model": "rgmain.timezone", "pk": 572}, {"fields": {"description": "Turkey"}, "model": "rgmain.timezone", "pk": 573}, {"fields": {"description": "UCT"}, "model": "rgmain.timezone", "pk": 574}, {"fields": {"description": "US/Alaska"}, "model": "rgmain.timezone", "pk": 575}, {"fields": {"description": "US/Aleutian"}, "model": "rgmain.timezone", "pk": 576}, {"fields": {"description": "US/Arizona"}, "model": "rgmain.timezone", "pk": 577}, {"fields": {"description": "US/Central"}, "model": "rgmain.timezone", "pk": 578}, {"fields": {"description": "US/East-Indiana"}, "model": "rgmain.timezone", "pk": 579}, {"fields": {"description": "US/Eastern"}, "model": "rgmain.timezone", "pk": 580}, {"fields": {"description": "US/Hawaii"}, "model": "rgmain.timezone", "pk": 581}, {"fields": {"description": "US/Indiana-Starke"}, "model": "rgmain.timezone", "pk": 582}, {"fields": {"description": "US/Michigan"}, "model": "rgmain.timezone", "pk": 583}, {"fields": {"description": "US/Mountain"}, "model": "rgmain.timezone", "pk": 584}, {"fields": {"description": "US/Pacific"}, "model": "rgmain.timezone", "pk": 585}, {"fields": {"description": "US/Pacific-New"}, "model": "rgmain.timezone", "pk": 586}, {"fields": {"description": "US/Samoa"}, "model": "rgmain.timezone", "pk": 587}, {"fields": {"description": "UTC"}, "model": "rgmain.timezone", "pk": 588}, {"fields": {"description": "Universal"}, "model": "rgmain.timezone", "pk": 589}, {"fields": {"description": "W-SU"}, "model": "rgmain.timezone", "pk": 590}, {"fields": {"description": "WET"}, "model": "rgmain.timezone", "pk": 591}, {"fields": {"description": "Zulu"}, "model": "rgmain.timezone", "pk": 592}, {"fields": {"description": "Australia", "errmsg": "Please enter a valid Australian mobile number"}, "model": "rgmain.mobileregexcollection", "pk": 1}, {"fields": {"description": "New Zealand", "errmsg": "Please enter a valid New Zealand mobile number"}, "model": "rgmain.mobileregexcollection", "pk": 2}, {"fields": {"description": "United Kingdom", "errmsg": "Please enter a valid UK mobile number"}, "model": "rgmain.mobileregexcollection", "pk": 3}, {"fields": {"description": "Ireland", "errmsg": "Please enter a valid Irish mobile number"}, "model": "rgmain.mobileregexcollection", "pk": 4}, {"fields": {"description": "Switzerland", "errmsg": "Please enter a valid Swiss mobile number"}, "model": "rgmain.mobileregexcollection", "pk": 5}, {"fields": {"description": "The Netherlands", "errmsg": "Please enter a valid Netherlands mobile number"}, "model": "rgmain.mobileregexcollection", "pk": 6}, {"fields": {"description": "US & Canada", "errmsg": "Please enter a valid US or Canada cell phone number"}, "model": "rgmain.mobileregexcollection", "pk": 7}, {"fields": {"description": "Japan", "errmsg": "Please enter a valid Japanese mobile number"}, "model": "rgmain.mobileregexcollection", "pk": 8}, {"fields": {"regex": "^(04)([0123456789]{8})$", "prepend_digits": "61", "strip_digits": 1, "description": "Australian mobile, local format", "collection": 1}, "model": "rgmain.mobileregex", "pk": 1}, {"fields": {"regex": "^(614)([0123456789]{8})$", "prepend_digits": "", "strip_digits": 0, "description": "Australian mobile, international format", "collection": 1}, "model": "rgmain.mobileregex", "pk": 2}, {"fields": {"regex": "^(00614)([0123456789]{8})$", "prepend_digits": "", "strip_digits": 2, "description": "Australian mobile, international format", "collection": 1}, "model": "rgmain.mobileregex", "pk": 3}, {"fields": {"regex": "^(0011614)([0123456789]{8})$", "prepend_digits": "", "strip_digits": 4, "description": "Australian mobile, international format", "collection": 1}, "model": "rgmain.mobileregex", "pk": 4}, {"fields": {"regex": "^(02)([0123456789]{7,9})$", "prepend_digits": "64", "strip_digits": 1, "description": "New Zealand mobile, local format", "collection": 2}, "model": "rgmain.mobileregex", "pk": 5}, {"fields": {"regex": "^(642)([0123456789]{7,9})$", "prepend_digits": "", "strip_digits": 0, "description": "New Zealand mobile, international format", "collection": 2}, "model": "rgmain.mobileregex", "pk": 8}, {"fields": {"regex": "^(00642)([0123456789]{7,9})$", "prepend_digits": "", "strip_digits": 2, "description": "New Zealand mobile, international format", "collection": 2}, "model": "rgmain.mobileregex", "pk": 9}, {"fields": {"regex": "^(07)([0123456789]{9})$", "prepend_digits": "44", "strip_digits": 1, "description": "UK mobile, local format", "collection": 3}, "model": "rgmain.mobileregex", "pk": 10}, {"fields": {"regex": "^(447)([0123456789]{9})$", "prepend_digits": "", "strip_digits": 0, "description": "UK mobile, international format", "collection": 3}, "model": "rgmain.mobileregex", "pk": 11}, {"fields": {"regex": "^(00447)([0123456789]{9})$", "prepend_digits": "", "strip_digits": 2, "description": "UK mobile, international format", "collection": 3}, "model": "rgmain.mobileregex", "pk": 12}, {"fields": {"regex": "^(08)([0123456789]{8})$", "prepend_digits": "353", "strip_digits": 1, "description": "Irish mobile, local format", "collection": 4}, "model": "rgmain.mobileregex", "pk": 13}, {"fields": {"regex": "^(3538)([0123456789]{8})$", "prepend_digits": "", "strip_digits": 0, "description": "Irish mobile, international format", "collection": 4}, "model": "rgmain.mobileregex", "pk": 14}, {"fields": {"regex": "^(003538)([0123456789]{8})$", "prepend_digits": "", "strip_digits": 2, "description": "Irish mobile, international format", "collection": 4}, "model": "rgmain.mobileregex", "pk": 15}, {"fields": {"regex": "^(07)([0123456789]{8})$", "prepend_digits": "41", "strip_digits": 1, "description": "Swiss mobile, local format", "collection": 5}, "model": "rgmain.mobileregex", "pk": 16}, {"fields": {"regex": "^(417)([0123456789]{8})$", "prepend_digits": "", "strip_digits": 0, "description": "Swiss mobile, international format", "collection": 5}, "model": "rgmain.mobileregex", "pk": 17}, {"fields": {"regex": "^(00417)([0123456789]{8})$", "prepend_digits": "", "strip_digits": 2, "description": "Swiss mobile, international format", "collection": 5}, "model": "rgmain.mobileregex", "pk": 18}, {"fields": {"regex": "^(06)([0123456789]{8})$", "prepend_digits": "31", "strip_digits": 1, "description": "Netherlands mobile, local format", "collection": 6}, "model": "rgmain.mobileregex", "pk": 19}, {"fields": {"regex": "^(316)([0123456789]{8})$", "prepend_digits": "", "strip_digits": 0, "description": "Netherlands mobile, international format", "collection": 6}, "model": "rgmain.mobileregex", "pk": 20}, {"fields": {"regex": "^(00316)([0123456789]{8})$", "prepend_digits": "", "strip_digits": 2, "description": "Netherlands mobile, international format", "collection": 6}, "model": "rgmain.mobileregex", "pk": 21}, {"fields": {"regex": "^([2-9])([0-9]{9})$", "prepend_digits": "1", "strip_digits": 0, "description": "US or Canada mobile", "collection": 7}, "model": "rgmain.mobileregex", "pk": 22}, {"fields": {"regex": "^(1)([2-9])([0-9]{9})$", "prepend_digits": "", "strip_digits": 0, "description": "US or Canada mobile", "collection": 7}, "model": "rgmain.mobileregex", "pk": 23}, {"fields": {"regex": "^(080)([0123456789]{8})$", "prepend_digits": "81", "strip_digits": 1, "description": "Japanese mobile, local format", "collection": 8}, "model": "rgmain.mobileregex", "pk": 24}, {"fields": {"regex": "^(090)([0123456789]{8})$", "prepend_digits": "81", "strip_digits": 1, "description": "Japanese mobile, local format", "collection": 8}, "model": "rgmain.mobileregex", "pk": 25}, {"fields": {"regex": "^(8180)([0123456789]{8})$", "prepend_digits": "", "strip_digits": 0, "description": "Japanese mobile, international format", "collection": 8}, "model": "rgmain.mobileregex", "pk": 26}, {"fields": {"regex": "^(8190)([0123456789]{8})$", "prepend_digits": "", "strip_digits": 0, "description": "Japanese mobile, international format", "collection": 8}, "model": "rgmain.mobileregex", "pk": 27}, {"fields": {"chapter": null, "description": "Volunteer"}, "model": "rgprofile.memberstatustype", "pk": 1}, {"fields": {"chapter": null, "description": "Alumni"}, "model": "rgprofile.memberstatustype", "pk": 2}, {"fields": {"chapter": null, "description": "Other"}, "model": "rgprofile.memberstatustype", "pk": 5}, {"fields": {"chapter": null, "description": "Faculty"}, "model": "rgprofile.memberstatustype", "pk": 6}, {"fields": {"chapter": 1, "description": "CEO", "rank": 5}, "model": "rgprofile.positiontype", "pk": 1}, {"fields": {"chapter": null, "description": "President", "rank": 10}, "model": "rgprofile.positiontype", "pk": 2}, {"fields": {"chapter": null, "description": "Secretary", "rank": 20}, "model": "rgprofile.positiontype", "pk": 3}, {"fields": {"chapter": null, "description": "Schools Manager", "rank": 30}, "model": "rgprofile.positiontype", "pk": 4}, {"fields": {"chapter": null, "description": "Training Manager", "rank": 40}, "model": "rgprofile.positiontype", "pk": 5}, {"fields": {"chapter": null, "description": "Sponsorship & Partnerships Manager", "rank": 50}, "model": "rgprofile.positiontype", "pk": 6}, {"fields": {"chapter": null, "description": "Marketing Manager", "rank": 60}, "model": "rgprofile.positiontype", "pk": 7}, {"fields": {"display_name_en": "First name", "display_name_nl": "", "display_name_ja": "\u540d\u524d", "field_name": "first_name", "order": 1}, "model": "rgchapter.displaycolumn", "pk": 2}, {"fields": {"display_name_en": "Last name", "display_name_nl": "", "display_name_ja": "", "field_name": "last_name", "order": 2}, "model": "rgchapter.displaycolumn", "pk": 3}, {"fields": {"display_name_en": "Email", "display_name_nl": "", "display_name_ja": "\u30e1\u30eb\u30a2\u30c9", "field_name": "email", "order": 4}, "model": "rgchapter.displaycolumn", "pk": 4}, {"fields": {"display_name_en": "Alternate email", "display_name_nl": "", "display_name_ja": "", "field_name": "alt_email", "order": 6}, "model": "rgchapter.displaycolumn", "pk": 5}, {"fields": {"display_name_en": "Is Exec?", "display_name_nl": "", "display_name_ja": "", "field_name": "is_staff", "order": 10}, "model": "rgchapter.displaycolumn", "pk": 6}, {"fields": {"display_name_en": "Last login", "display_name_nl": "", "display_name_ja": "", "field_name": "last_login", "order": 10}, "model": "rgchapter.displaycolumn", "pk": 8}, {"fields": {"display_name_en": "Date joined", "display_name_nl": "", "display_name_ja": "", "field_name": "date_joined", "order": 10}, "model": "rgchapter.displaycolumn", "pk": 9}, {"fields": {"display_name_en": "Date of birth", "display_name_nl": "", "display_name_ja": "", "field_name": "dob", "order": 10}, "model": "rgchapter.displaycolumn", "pk": 10}, {"fields": {"display_name_en": "Course", "display_name_nl": "", "display_name_ja": "", "field_name": "course", "order": 10}, "model": "rgchapter.displaycolumn", "pk": 11}, {"fields": {"display_name_en": "Started university", "display_name_nl": "", "display_name_ja": "", "field_name": "uni_start", "order": 11}, "model": "rgchapter.displaycolumn", "pk": 12}, {"fields": {"display_name_en": "Will end university", "display_name_nl": "", "display_name_ja": "", "field_name": "uni_end", "order": 12}, "model": "rgchapter.displaycolumn", "pk": 13}, {"fields": {"display_name_en": "University", "display_name_nl": "", "display_name_ja": "\u5927\u5b66", "field_name": "university", "order": 10}, "model": "rgchapter.displaycolumn", "pk": 14}, {"fields": {"display_name_en": "Mobile", "display_name_nl": "", "display_name_ja": "", "field_name": "mobile", "order": 5}, "model": "rgchapter.displaycolumn", "pk": 15}, {"fields": {"display_name_en": "Email reminder opt-in?", "display_name_nl": "", "display_name_ja": "", "field_name": "email_reminder_optin", "order": 10}, "model": "rgchapter.displaycolumn", "pk": 16}, {"fields": {"display_name_en": "Email general opt-in?", "display_name_nl": "", "display_name_ja": "", "field_name": "email_chapter_optin", "order": 10}, "model": "rgchapter.displaycolumn", "pk": 17}, {"fields": {"display_name_en": "SMS reminder opt-in?", "display_name_nl": "", "display_name_ja": "", "field_name": "mobile_reminder_optin", "order": 10}, "model": "rgchapter.displaycolumn", "pk": 18}, {"fields": {"display_name_en": "SMS general opt-in?", "display_name_nl": "", "display_name_ja": "", "field_name": "mobile_marketing_optin", "order": 10}, "model": "rgchapter.displaycolumn", "pk": 19}, {"fields": {"display_name_en": "Amplifier opt-in?", "display_name_nl": "", "display_name_ja": "", "field_name": "email_newsletter_optin", "order": 10}, "model": "rgchapter.displaycolumn", "pk": 20}, {"fields": {"display_name_en": "Union member", "display_name_nl": "", "display_name_ja": "", "field_name": "union_member", "order": 10}, "model": "rgchapter.displaycolumn", "pk": 21}, {"fields": {"display_name_en": "Gender", "display_name_nl": "", "display_name_ja": "", "field_name": "gender", "order": 10}, "model": "rgchapter.displaycolumn", "pk": 22}, {"fields": {"display_name_en": "Course level", "display_name_nl": "", "display_name_ja": "", "field_name": "course_type", "order": 10}, "model": "rgchapter.displaycolumn", "pk": 23}, {"fields": {"display_name_en": "Local/International", "display_name_nl": "", "display_name_ja": "", "field_name": "student_type", "order": 10}, "model": "rgchapter.displaycolumn", "pk": 24}, {"fields": {"display_name_en": "Student number", "display_name_nl": "", "display_name_ja": "", "field_name": "student_number", "order": 7}, "model": "rgchapter.displaycolumn", "pk": 25}, {"fields": {"display_name_en": "Name", "display_name_nl": "", "display_name_ja": "\u540d\u524d", "field_name": "get_full_name", "order": 3}, "model": "rgchapter.displaycolumn", "pk": 26}, {"fields": {"display_name_en": "Chapter", "display_name_nl": "", "display_name_ja": "\u652f\u90e8", "field_name": "chapter", "order": 15}, "model": "rgchapter.displaycolumn", "pk": 27}, {"fields": {"display_name_en": "T-shirt", "display_name_nl": "", "display_name_ja": "", "field_name": "tshirt", "order": 10}, "model": "rgchapter.displaycolumn", "pk": 28}, {"fields": {"display_name_en": "Trained", "display_name_nl": "", "display_name_ja": "", "field_name": "trained", "order": 10}, "model": "rgchapter.displaycolumn", "pk": 29}, {"fields": {"display_name_en": "Security checked?", "display_name_nl": "", "display_name_ja": "", "field_name": "security_check", "order": 10}, "model": "rgchapter.displaycolumn", "pk": 31}, {"fields": {"display_name_en": "RCN-AU opt-in?", "display_name_nl": "", "display_name_ja": "", "field_name": "email_careers_newsletter_AU_optin", "order": 10}, "model": "rgchapter.displaycolumn", "pk": 32}, {"fields": {"status": 0, "smstext": "", "notify_list": null, "photo": "", "ftp_path": "", "welcome_email_msg": "", "creation_date": "2008-07-14", "name_display": 0, "postcode": "3052", "notify_enable": false, "tshirt_enable": false, "timezone": 355, "tshirt_required": false, "display_columns": [26, 4, 15], "city": "Melbourne University", "student_union_enable": false, "student_number_enable": false, "mobile_regexes": 1, "exclude_in_reports": false, "infobox": "", "state": "VIC", "join_page": "You can't join Robogals Global directly - please choose one of our chapters instead :)", "location": "Melbourne, Australia", "tshirt_label": "", "faculty_email": "", "student_number_required": false, "latitude": null, "welcome_email_enable": false, "website_url": "http://www.robogals.org/", "ftp_host": "", "short_en": "Global", "ftp_user": "", "student_union_label": "", "parent": null, "faculty_department": "", "facebook_url": "http://www.facebook.com/robogals", "invite_email_msg": "", "is_joinable": false, "ftp_pass": "", "faculty_position": "", "address": "PO Box 4435", "student_union_required": false, "student_number_label": "", "goal": 1000, "sms_limit": 1000, "name": "Robogals Global", "upload_exec_list": false, "goal_start": "2015-01-01", "short": "Global", "myrobogals_url": "global", "welcome_email_subject": "", "country": "AU", "university": null, "longitude": null, "emailtext": "", "faculty_contact": "", "welcome_email_html": false, "invite_email_html": false, "faculty_phone": "", "welcome_page": "", "invite_email_subject": ""}, "model": "rgchapter.chapter", "pk": 1}, {"fields": {"status": 0, "smstext": "", "notify_list": null, "photo": "", "ftp_path": "", "welcome_email_msg": "Dear {user.first_name},\r\n\r\nThankyou for joining {chapter.name}!\r\n\r\nYour username and password for myRobogals can be found below:\r\n\r\nUsername: {user.username}\r\nPassword: {plaintext_password}\r\nLogin at https://my.robogals.org\r\n\r\nRegards,\r\n\r\n{chapter.name}\r\n", "creation_date": "2010-09-10", "name_display": 0, "postcode": "", "notify_enable": false, "tshirt_enable": false, "timezone": 355, "tshirt_required": false, "display_columns": [26, 4, 15], "city": "", "student_union_enable": false, "student_number_enable": false, "mobile_regexes": 1, "exclude_in_reports": false, "infobox": "", "state": "", "join_page": "", "location": "Melbourne, Australia", "tshirt_label": "", "faculty_email": "", "student_number_required": false, "latitude": null, "welcome_email_enable": false, "website_url": "", "ftp_host": "", "short_en": "Asia Pacific", "ftp_user": "", "student_union_label": "", "parent": 1, "faculty_department": "", "facebook_url": "", "invite_email_msg": "Hello,\r\n\r\n{visit.chapter.name} will be conducting a workshop soon:\r\nWhen: {visit.visit_time}\r\nLocation: {visit.location}\r\nSchool: {visit.school.name}\r\n\r\nFor more information, and to accept or decline this invitation to volunteer at this workshop, please visit https://my.robogals.org/teaching/{visit.pk}/\r\n\r\nThanks,\r\n\r\n{user.first_name}", "is_joinable": false, "ftp_pass": "", "faculty_position": "", "address": "", "student_union_required": false, "student_number_label": "", "goal": 700, "sms_limit": 1000, "name": "Robogals Asia Pacific", "upload_exec_list": false, "goal_start": "2015-01-01", "short": "Asia Pacific", "myrobogals_url": "asiapac", "welcome_email_subject": "Welcome to Robogals!", "country": "AU", "university": null, "longitude": null, "emailtext": "", "faculty_contact": "", "welcome_email_html": false, "invite_email_html": false, "faculty_phone": "", "welcome_page": "Congratulations on becoming a member of {chapter.name}, and welcome to the international network of Robogals members - students around the world committed to increasing female participation in engineering!<br>\r\n<br>\r\nYour member account has been created - simply log in using the form to the left.", "invite_email_subject": "Upcoming Robogals workshop"}, "model": "rgchapter.chapter", "pk": 2}, {"fields": {"status": 0, "smstext": "", "notify_list": null, "photo": "", "ftp_path": "", "welcome_email_msg": "Dear {user.first_name},\r\n\r\nThankyou for joining {chapter.name}!\r\n\r\nYour username and password for myRobogals can be found below:\r\n\r\nUsername: {user.username}\r\nPassword: {plaintext_password}\r\nLogin at https://my.robogals.org\r\n\r\nRegards,\r\n\r\n{chapter.name}\r\n", "creation_date": "2008-07-14", "name_display": 0, "postcode": "", "notify_enable": false, "tshirt_enable": true, "timezone": 355, "tshirt_required": false, "display_columns": [26, 4, 15], "city": "", "student_union_enable": true, "student_number_enable": true, "mobile_regexes": 1, "exclude_in_reports": false, "infobox": "It all started here! :)", "state": "", "join_page": "", "location": "Melbourne, Australia", "tshirt_label": "T-shirt size", "faculty_email": "", "student_number_required": false, "latitude": null, "welcome_email_enable": true, "website_url": "http://melbourne.robogals.org.au/", "ftp_host": "", "short_en": "Melbourne", "ftp_user": "", "student_union_label": "Student union member", "parent": 2, "faculty_department": "", "facebook_url": "https://www.facebook.com/RobogalsMelb/", "invite_email_msg": "Hello,\r\n\r\n{visit.chapter.name} will be conducting a workshop soon:\r\nWhen: {visit.visit_time}\r\nLocation: {visit.location}\r\nSchool: {visit.school.name}\r\n\r\nFor more information, and to accept or decline this invitation to volunteer at this workshop, please visit https://my.robogals.org/teaching/{visit.pk}/\r\n\r\nThanks,\r\n\r\n{user.first_name}", "is_joinable": true, "ftp_pass": "", "faculty_position": "", "address": "", "student_union_required": false, "student_number_label": "Student number", "goal": 400, "sms_limit": 1000, "name": "Robogals Melbourne", "upload_exec_list": false, "goal_start": "2015-01-01", "short": "Melbourne", "myrobogals_url": "melbourne", "welcome_email_subject": "Welcome to Robogals!", "country": "AU", "university": 1, "longitude": null, "emailtext": "", "faculty_contact": "", "welcome_email_html": false, "invite_email_html": false, "faculty_phone": "", "welcome_page": "Congratulations on becoming a member of {chapter.name}, and welcome to the international network of Robogals members - students around the world committed to increasing female participation in engineering!<br>\r\n<br>\r\nYour member account has been created - simply log in using the form to the left.", "invite_email_subject": "Upcoming Robogals workshop"}, "model": "rgchapter.chapter", "pk": 3}, {"fields": {"status": 0, "smstext": "", "notify_list": null, "photo": "", "ftp_path": "", "welcome_email_msg": "Dear {user.first_name},\r\n\r\nThankyou for joining {chapter.name}!\r\n\r\nYour username and password for myRobogals can be found below:\r\n\r\nUsername: {user.username}\r\nPassword: {plaintext_password}\r\nLogin at https://my.robogals.org\r\n\r\nRegards,\r\n\r\n{chapter.name}\r\n", "creation_date": "2009-10-01", "name_display": 0, "postcode": "", "notify_enable": false, "tshirt_enable": false, "timezone": 358, "tshirt_required": false, "display_columns": [26, 4, 15], "city": "", "student_union_enable": false, "student_number_enable": true, "mobile_regexes": 1, "exclude_in_reports": false, "infobox": "", "state": "", "join_page": "", "location": "Perth, Australia", "tshirt_label": "", "faculty_email": "", "student_number_required": false, "latitude": null, "welcome_email_enable": true, "website_url": "http://perth.robogals.org.au/", "ftp_host": "", "short_en": "Perth", "ftp_user": "", "student_union_label": "", "parent": 2, "faculty_department": "", "facebook_url": "https://www.facebook.com/RobogalsPerth", "invite_email_msg": "Hello,\r\n\r\n{visit.chapter.name} will be conducting a workshop soon:\r\nWhen: {visit.visit_time}\r\nLocation: {visit.location}\r\nSchool: {visit.school.name}\r\n\r\nFor more information, and to accept or decline this invitation to volunteer at this workshop, please visit https://my.robogals.org/teaching/{visit.pk}/\r\n\r\nThanks,\r\n\r\n{user.first_name}", "is_joinable": true, "ftp_pass": "", "faculty_position": "", "address": "", "student_union_required": false, "student_number_label": "Student number", "goal": 300, "sms_limit": 1000, "name": "Robogals Perth", "upload_exec_list": false, "goal_start": "2015-01-01", "short": "Perth", "myrobogals_url": "perth", "welcome_email_subject": "Welcome to Robogals!", "country": "AU", "university": 6, "longitude": null, "emailtext": "", "faculty_contact": "", "welcome_email_html": false, "invite_email_html": false, "faculty_phone": "", "welcome_page": "Congratulations on becoming a member of {chapter.name}, and welcome to the international network of Robogals members - students around the world committed to increasing female participation in engineering!<br>\r\n<br>\r\nYour member account has been created - simply log in using the form to the left.", "invite_email_subject": "Upcoming Robogals workshop"}, "model": "rgchapter.chapter", "pk": 4}, {"fields": {"status": 0, "smstext": "", "notify_list": null, "photo": "", "ftp_path": "", "welcome_email_msg": "Dear {user.first_name},\r\n\r\nThankyou for joining {chapter.name}!\r\n\r\nYour username and password for myRobogals can be found below:\r\n\r\nUsername: {user.username}\r\nPassword: {plaintext_password}\r\nLogin at https://my.robogals.org\r\n\r\nRegards,\r\n\r\n{chapter.name}\r\n", "creation_date": "2011-02-11", "name_display": 0, "postcode": "", "notify_enable": false, "tshirt_enable": false, "timezone": 450, "tshirt_required": false, "display_columns": [26, 4, 15], "city": "", "student_union_enable": false, "student_number_enable": false, "mobile_regexes": 3, "exclude_in_reports": false, "infobox": "", "state": "", "join_page": "", "location": "London, UK", "tshirt_label": "", "faculty_email": "", "student_number_required": false, "latitude": null, "welcome_email_enable": true, "website_url": "", "ftp_host": "", "short_en": "EMEA", "ftp_user": "", "student_union_label": "", "parent": 1, "faculty_department": "", "facebook_url": "", "invite_email_msg": "Hello,\r\n\r\n{visit.chapter.name} will be conducting a workshop soon:\r\nWhen: {visit.visit_time}\r\nLocation: {visit.location}\r\nSchool: {visit.school.name}\r\n\r\nFor more information, and to accept or decline this invitation to volunteer at this workshop, please visit https://my.robogals.org/teaching/{visit.pk}/\r\n\r\nThanks,\r\n\r\n{user.first_name}", "is_joinable": false, "ftp_pass": "", "faculty_position": "", "address": "", "student_union_required": false, "student_number_label": "", "goal": 300, "sms_limit": 1000, "name": "Robogals EMEA", "upload_exec_list": false, "goal_start": "2015-01-01", "short": "EMEA", "myrobogals_url": "emea", "welcome_email_subject": "Welcome to Robogals!", "country": "GB", "university": null, "longitude": null, "emailtext": "", "faculty_contact": "", "welcome_email_html": false, "invite_email_html": false, "faculty_phone": "", "welcome_page": "Congratulations on becoming a member of {chapter.name}, and welcome to the international network of Robogals members - students around the world committed to increasing female participation in engineering!<br>\r\n<br>\r\nYour member account has been created - simply log in using the form to the left.", "invite_email_subject": "Upcoming Robogals workshop"}, "model": "rgchapter.chapter", "pk": 5}, {"fields": {"status": 0, "smstext": "", "notify_list": null, "photo": "", "ftp_path": "", "welcome_email_msg": "Dear {user.first_name},\r\n\r\nThankyou for joining {chapter.name}!\r\n\r\nYour username and password for myRobogals can be found below:\r\n\r\nUsername: {user.username}\r\nPassword: {plaintext_password}\r\nLogin at https://my.robogals.org\r\n\r\nRegards,\r\n\r\n{chapter.name}\r\n", "creation_date": "2009-02-15", "name_display": 0, "postcode": "", "notify_enable": false, "tshirt_enable": false, "timezone": 450, "tshirt_required": false, "display_columns": [26, 4, 15], "city": "", "student_union_enable": false, "student_number_enable": false, "mobile_regexes": 3, "exclude_in_reports": false, "infobox": "", "state": "", "join_page": "", "location": "London, UK", "tshirt_label": "", "faculty_email": "", "student_number_required": false, "latitude": null, "welcome_email_enable": true, "website_url": "", "ftp_host": "", "short_en": "London", "ftp_user": "", "student_union_label": "", "parent": 5, "faculty_department": "", "facebook_url": "", "invite_email_msg": "Hello,\r\n\r\n{visit.chapter.name} will be conducting a workshop soon:\r\nWhen: {visit.visit_time}\r\nLocation: {visit.location}\r\nSchool: {visit.school.name}\r\n\r\nFor more information, and to accept or decline this invitation to volunteer at this workshop, please visit https://my.robogals.org/teaching/{visit.pk}/\r\n\r\nThanks,\r\n\r\n{user.first_name}", "is_joinable": true, "ftp_pass": "", "faculty_position": "", "address": "", "student_union_required": false, "student_number_label": "", "goal": 200, "sms_limit": 1000, "name": "Robogals London", "upload_exec_list": false, "goal_start": "2015-01-01", "short": "London", "myrobogals_url": "london", "welcome_email_subject": "Welcome to Robogals!", "country": "GB", "university": 2, "longitude": null, "emailtext": "", "faculty_contact": "", "welcome_email_html": false, "invite_email_html": false, "faculty_phone": "", "welcome_page": "Congratulations on becoming a member of {chapter.name}, and welcome to the international network of Robogals members - students around the world committed to increasing female participation in engineering!<br>\r\n<br>\r\nYour member account has been created - simply log in using the form to the left.", "invite_email_subject": "Upcoming Robogals workshop"}, "model": "rgchapter.chapter", "pk": 6}, {"fields": {"status": 2, "smstext": "", "notify_list": null, "photo": "", "ftp_path": "", "welcome_email_msg": "Dear {user.first_name},\r\n\r\nThankyou for joining {chapter.name}!\r\n\r\nYour username and password for myRobogals can be found below:\r\n\r\nUsername: {user.username}\r\nPassword: {plaintext_password}\r\nLogin at https://my.robogals.org\r\n\r\nRegards,\r\n\r\n{chapter.name}\r\n", "creation_date": "2011-03-19", "name_display": 0, "postcode": "", "notify_enable": false, "tshirt_enable": false, "timezone": 355, "tshirt_required": false, "display_columns": [26, 4, 15], "city": "", "student_union_enable": false, "student_number_enable": false, "mobile_regexes": 1, "exclude_in_reports": false, "infobox": "The \"chapters\" in this virtual region are each special projects that don't fall within the traditional chapter structure.", "state": "", "join_page": "", "location": "Melbourne, Australia", "tshirt_label": "", "faculty_email": "", "student_number_required": false, "latitude": null, "welcome_email_enable": true, "website_url": "", "ftp_host": "", "short_en": "Special Projects", "ftp_user": "", "student_union_label": "", "parent": 1, "faculty_department": "", "facebook_url": "", "invite_email_msg": "Hello,\r\n\r\n{visit.chapter.name} will be conducting a workshop soon:\r\nWhen: {visit.visit_time}\r\nLocation: {visit.location}\r\nSchool: {visit.school.name}\r\n\r\nFor more information, and to accept or decline this invitation to volunteer at this workshop, please visit https://my.robogals.org/teaching/{visit.pk}/\r\n\r\nThanks,\r\n\r\n{user.first_name}", "is_joinable": false, "ftp_pass": "", "faculty_position": "", "address": "", "student_union_required": false, "student_number_label": "", "goal": 0, "sms_limit": 1000, "name": "Special Projects", "upload_exec_list": false, "goal_start": null, "short": "Special Projects", "myrobogals_url": "special", "welcome_email_subject": "Welcome to Robogals!", "country": "AU", "university": null, "longitude": null, "emailtext": "", "faculty_contact": "", "welcome_email_html": false, "invite_email_html": false, "faculty_phone": "", "welcome_page": "Congratulations on becoming a member of {chapter.name}, and welcome to the international network of Robogals members - students around the world committed to increasing female participation in engineering!<br>\r\n<br>\r\nYour member account has been created - simply log in using the form to the left.", "invite_email_subject": "Upcoming Robogals workshop"}, "model": "rgchapter.chapter", "pk": 7}, {"fields": {"status": 1, "smstext": "", "notify_list": null, "photo": "", "ftp_path": "", "welcome_email_msg": "Dear {user.first_name},\r\n\r\nThankyou for joining {chapter.name}!\r\n\r\nYour username and password for myRobogals can be found below:\r\n\r\nUsername: {user.username}\r\nPassword: {plaintext_password}\r\nLogin at https://my.robogals.org\r\n\r\nRegards,\r\n\r\n{chapter.name}\r\n", "creation_date": "2011-03-19", "name_display": 0, "postcode": "", "notify_enable": false, "tshirt_enable": false, "timezone": 355, "tshirt_required": false, "display_columns": [26, 4, 15], "city": "", "student_union_enable": false, "student_number_enable": false, "mobile_regexes": 1, "exclude_in_reports": false, "infobox": "Robogals Rural and Regional Ambassadors Program involves engineering students from rural universities all across Australia. Different from Chapter school visits, the RRR Ambassadors visit rural schools around their rural university and near their home town and give talks to girls about engineering.", "state": "", "join_page": "", "location": "Australia-wide", "tshirt_label": "", "faculty_email": "", "student_number_required": false, "latitude": null, "welcome_email_enable": true, "website_url": "", "ftp_host": "", "short_en": "Robogals Rural & Regional", "ftp_user": "", "student_union_label": "", "parent": 7, "faculty_department": "", "facebook_url": "", "invite_email_msg": "Hello,\r\n\r\n{visit.chapter.name} will be conducting a workshop soon:\r\nWhen: {visit.visit_time}\r\nLocation: {visit.location}\r\nSchool: {visit.school.name}\r\n\r\nFor more information, and to accept or decline this invitation to volunteer at this workshop, please visit https://my.robogals.org/teaching/{visit.pk}/\r\n\r\nThanks,\r\n\r\n{user.first_name}", "is_joinable": true, "ftp_pass": "", "faculty_position": "", "address": "", "student_union_required": false, "student_number_label": "", "goal": 2000, "sms_limit": 1000, "name": "Robogals Rural & Regional", "upload_exec_list": false, "goal_start": "2015-01-01", "short": "Robogals Rural & Regional", "myrobogals_url": "rrr", "welcome_email_subject": "Welcome to Robogals!", "country": "AU", "university": null, "longitude": null, "emailtext": "", "faculty_contact": "", "welcome_email_html": false, "invite_email_html": false, "faculty_phone": "", "welcome_page": "Congratulations on becoming a member of {chapter.name}, and welcome to the international network of Robogals members - students around the world committed to increasing female participation in engineering!<br>\r\n<br>\r\nYour member account has been created - simply log in using the form to the left.", "invite_email_subject": "Upcoming Robogals workshop"}, "model": "rgchapter.chapter", "pk": 8}, {"fields": {"chapter": 3, "size_long": "Small", "size_short": "S", "order": 1}, "model": "rgchapter.shirtsize", "pk": 1}, {"fields": {"chapter": 3, "size_long": "Extra Small", "size_short": "XS", "order": 0}, "model": "rgchapter.shirtsize", "pk": 2}, {"fields": {"chapter": 3, "size_long": "Medium", "size_short": "M", "order": 2}, "model": "rgchapter.shirtsize", "pk": 3}, {"fields": {"chapter": 3, "size_long": "Large", "size_short": "L", "order": 3}, "model": "rgchapter.shirtsize", "pk": 4}, {"fields": {"chapter": 3, "size_long": "Extra Large", "size_short": "XL", "order": 4}, "model": "rgchapter.shirtsize", "pk": 5}, {"fields": {"chapter": 3, "address_city": "", "name": "Laurie Girls School", "address_country": "AU", "contact_position": "", "contact_email": "", "notes": "", "address_state": "VIC", "address_postcode": "3143", "contact_phone": "", "address_street": "", "contact_person": ""}, "model": "rgteaching.school", "pk": 1}, {"fields": {"chapter": 4, "address_city": "", "name": "Western High School", "address_country": "AU", "contact_position": "", "contact_email": "", "notes": "", "address_state": "WA", "address_postcode": "6000", "contact_phone": "", "address_street": "", "contact_person": ""}, "model": "rgteaching.school", "pk": 2}, {"fields": {"chapter": 6, "address_city": "", "name": "London Primary School", "address_country": "GB", "contact_position": "", "contact_email": "", "notes": "", "address_state": "England", "address_postcode": "", "contact_phone": "", "address_street": "", "contact_person": ""}, "model": "rgteaching.school", "pk": 3}, {"fields": {"chapter": 6, "address_city": "", "name": "London High School", "address_country": "GB", "contact_position": "", "contact_email": "", "notes": "", "address_state": "England", "address_postcode": "", "contact_phone": "", "address_street": "", "contact_person": ""}, "model": "rgteaching.school", "pk": 4}, {"fields": {"primary_girls_repeat": null, "other_girls_first": null, "high_boys_first": null, "other_boys_repeat": null, "visit_type": 0, "high_boys_repeat": null, "notes": "", "visit": 1, "primary_boys_first": null, "high_girls_first": null, "primary_boys_repeat": null, "other_girls_repeat": null, "high_girls_repeat": null, "primary_girls_first": 25, "other_boys_first": null}, "model": "rgteaching.schoolvisitstats", "pk": 3}, {"fields": {"primary_girls_repeat": null, "other_girls_first": null, "high_boys_first": null, "other_boys_repeat": null, "visit_type": 0, "high_boys_repeat": null, "notes": "", "visit": 6, "primary_boys_first": null, "high_girls_first": 30, "primary_boys_repeat": null, "other_girls_repeat": null, "high_girls_repeat": null, "primary_girls_first": null, "other_boys_first": null}, "model": "rgteaching.schoolvisitstats", "pk": 4}, {"fields": {"primary_girls_repeat": null, "other_girls_first": null, "high_boys_first": null, "other_boys_repeat": null, "visit_type": 0, "high_boys_repeat": null, "notes": "", "visit": 7, "primary_boys_first": 25, "high_girls_first": null, "primary_boys_repeat": null, "other_girls_repeat": null, "high_girls_repeat": null, "primary_girls_first": 40, "other_boys_first": null}, "model": "rgteaching.schoolvisitstats", "pk": 5}, {"fields": {"primary_girls_repeat": null, "other_girls_first": null, "high_boys_first": 35, "other_boys_repeat": null, "visit_type": 0, "high_boys_repeat": null, "notes": "", "visit": 9, "primary_boys_first": null, "high_girls_first": 50, "primary_boys_repeat": null, "other_girls_repeat": null, "high_girls_repeat": null, "primary_girls_first": null, "other_boys_first": null}, "model": "rgteaching.schoolvisitstats", "pk": 7}, {"fields": {"primary_girls_repeat": null, "other_girls_first": null, "high_boys_first": null, "other_boys_repeat": null, "visit_type": 0, "high_boys_repeat": 35, "notes": "", "visit": 8, "primary_boys_first": null, "high_girls_first": null, "primary_boys_repeat": null, "other_girls_repeat": null, "high_girls_repeat": 50, "primary_girls_first": null, "other_boys_first": null}, "model": "rgteaching.schoolvisitstats", "pk": 8}, {"fields": {"iso_code": "AUD", "symbol": "$", "name": "Australian dollar", "format": "$%0.02f"}, "model": "rgconf.conferencecurrency", "pk": 1}, {"fields": {"iso_code": "USD", "symbol": "$", "name": "US dollar", "format": "$%0.02f"}, "model": "rgconf.conferencecurrency", "pk": 2}, {"fields": {"iso_code": "GBP", "symbol": "\u00a3", "name": "Pound Sterling", "format": "\u00a3%0.02f"}, "model": "rgconf.conferencecurrency", "pk": 3}, {"fields": {"codename": "add_permission", "name": "Can add permission", "content_type": 1}, "model": "auth.permission", "pk": 1}, {"fields": {"codename": "change_permission", "name": "Can change permission", "content_type": 1}, "model": "auth.permission", "pk": 2}, {"fields": {"codename": "delete_permission", "name": "Can delete permission", "content_type": 1}, "model": "auth.permission", "pk": 3}, {"fields": {"codename": "add_group", "name": "Can add group", "content_type": 2}, "model": "auth.permission", "pk": 4}, {"fields": {"codename": "change_group", "name": "Can change group", "content_type": 2}, "model": "auth.permission", "pk": 5}, {"fields": {"codename": "delete_group", "name": "Can delete group", "content_type": 2}, "model": "auth.permission", "pk": 6}, {"fields": {"codename": "add_logentry", "name": "Can add log entry", "content_type": 3}, "model": "auth.permission", "pk": 7}, {"fields": {"codename": "change_logentry", "name": "Can change log entry", "content_type": 3}, "model": "auth.permission", "pk": 8}, {"fields": {"codename": "delete_logentry", "name": "Can delete log entry", "content_type": 3}, "model": "auth.permission", "pk": 9}, {"fields": {"codename": "add_contenttype", "name": "Can add content type", "content_type": 4}, "model": "auth.permission", "pk": 10}, {"fields": {"codename": "change_contenttype", "name": "Can change content type", "content_type": 4}, "model": "auth.permission", "pk": 11}, {"fields": {"codename": "delete_contenttype", "name": "Can delete content type", "content_type": 4}, "model": "auth.permission", "pk": 12}, {"fields": {"codename": "add_session", "name": "Can add session", "content_type": 5}, "model": "auth.permission", "pk": 13}, {"fields": {"codename": "change_session", "name": "Can change session", "content_type": 5}, "model": "auth.permission", "pk": 14}, {"fields": {"codename": "delete_session", "name": "Can delete session", "content_type": 5}, "model": "auth.permission", "pk": 15}, {"fields": {"codename": "add_university", "name": "Can add university", "content_type": 6}, "model": "auth.permission", "pk": 16}, {"fields": {"codename": "change_university", "name": "Can change university", "content_type": 6}, "model": "auth.permission", "pk": 17}, {"fields": {"codename": "delete_university", "name": "Can delete university", "content_type": 6}, "model": "auth.permission", "pk": 18}, {"fields": {"codename": "add_country", "name": "Can add country", "content_type": 7}, "model": "auth.permission", "pk": 19}, {"fields": {"codename": "change_country", "name": "Can change country", "content_type": 7}, "model": "auth.permission", "pk": 20}, {"fields": {"codename": "delete_country", "name": "Can delete country", "content_type": 7}, "model": "auth.permission", "pk": 21}, {"fields": {"codename": "add_subdivision", "name": "Can add subdivision", "content_type": 8}, "model": "auth.permission", "pk": 22}, {"fields": {"codename": "change_subdivision", "name": "Can change subdivision", "content_type": 8}, "model": "auth.permission", "pk": 23}, {"fields": {"codename": "delete_subdivision", "name": "Can delete subdivision", "content_type": 8}, "model": "auth.permission", "pk": 24}, {"fields": {"codename": "add_timezone", "name": "Can add timezone", "content_type": 9}, "model": "auth.permission", "pk": 25}, {"fields": {"codename": "change_timezone", "name": "Can change timezone", "content_type": 9}, "model": "auth.permission", "pk": 26}, {"fields": {"codename": "delete_timezone", "name": "Can delete timezone", "content_type": 9}, "model": "auth.permission", "pk": 27}, {"fields": {"codename": "add_mobileregexcollection", "name": "Can add mobile regex collection", "content_type": 10}, "model": "auth.permission", "pk": 28}, {"fields": {"codename": "change_mobileregexcollection", "name": "Can change mobile regex collection", "content_type": 10}, "model": "auth.permission", "pk": 29}, {"fields": {"codename": "delete_mobileregexcollection", "name": "Can delete mobile regex collection", "content_type": 10}, "model": "auth.permission", "pk": 30}, {"fields": {"codename": "add_mobileregex", "name": "Can add mobile regex", "content_type": 11}, "model": "auth.permission", "pk": 31}, {"fields": {"codename": "change_mobileregex", "name": "Can change mobile regex", "content_type": 11}, "model": "auth.permission", "pk": 32}, {"fields": {"codename": "delete_mobileregex", "name": "Can delete mobile regex", "content_type": 11}, "model": "auth.permission", "pk": 33}, {"fields": {"codename": "add_memberstatustype", "name": "Can add member status", "content_type": 12}, "model": "auth.permission", "pk": 34}, {"fields": {"codename": "change_memberstatustype", "name": "Can change member status", "content_type": 12}, "model": "auth.permission", "pk": 35}, {"fields": {"codename": "delete_memberstatustype", "name": "Can delete member status", "content_type": 12}, "model": "auth.permission", "pk": 36}, {"fields": {"codename": "add_memberstatus", "name": "Can add member status", "content_type": 13}, "model": "auth.permission", "pk": 37}, {"fields": {"codename": "change_memberstatus", "name": "Can change member status", "content_type": 13}, "model": "auth.permission", "pk": 38}, {"fields": {"codename": "delete_memberstatus", "name": "Can delete member status", "content_type": 13}, "model": "auth.permission", "pk": 39}, {"fields": {"codename": "add_positiontype", "name": "Can add position type", "content_type": 14}, "model": "auth.permission", "pk": 40}, {"fields": {"codename": "change_positiontype", "name": "Can change position type", "content_type": 14}, "model": "auth.permission", "pk": 41}, {"fields": {"codename": "delete_positiontype", "name": "Can delete position type", "content_type": 14}, "model": "auth.permission", "pk": 42}, {"fields": {"codename": "add_position", "name": "Can add position", "content_type": 15}, "model": "auth.permission", "pk": 43}, {"fields": {"codename": "change_position", "name": "Can change position", "content_type": 15}, "model": "auth.permission", "pk": 44}, {"fields": {"codename": "delete_position", "name": "Can delete position", "content_type": 15}, "model": "auth.permission", "pk": 45}, {"fields": {"codename": "add_user", "name": "Can add user", "content_type": 16}, "model": "auth.permission", "pk": 46}, {"fields": {"codename": "change_user", "name": "Can change user", "content_type": 16}, "model": "auth.permission", "pk": 47}, {"fields": {"codename": "delete_user", "name": "Can delete user", "content_type": 16}, "model": "auth.permission", "pk": 48}, {"fields": {"codename": "add_userlist", "name": "Can add user list", "content_type": 17}, "model": "auth.permission", "pk": 49}, {"fields": {"codename": "change_userlist", "name": "Can change user list", "content_type": 17}, "model": "auth.permission", "pk": 50}, {"fields": {"codename": "delete_userlist", "name": "Can delete user list", "content_type": 17}, "model": "auth.permission", "pk": 51}, {"fields": {"codename": "add_displaycolumn", "name": "Can add Column display name", "content_type": 18}, "model": "auth.permission", "pk": 52}, {"fields": {"codename": "change_displaycolumn", "name": "Can change Column display name", "content_type": 18}, "model": "auth.permission", "pk": 53}, {"fields": {"codename": "delete_displaycolumn", "name": "Can delete Column display name", "content_type": 18}, "model": "auth.permission", "pk": 54}, {"fields": {"codename": "add_chapter", "name": "Can add chapter", "content_type": 19}, "model": "auth.permission", "pk": 55}, {"fields": {"codename": "change_chapter", "name": "Can change chapter", "content_type": 19}, "model": "auth.permission", "pk": 56}, {"fields": {"codename": "delete_chapter", "name": "Can delete chapter", "content_type": 19}, "model": "auth.permission", "pk": 57}, {"fields": {"codename": "add_shirtsize", "name": "Can add T-shirt size", "content_type": 20}, "model": "auth.permission", "pk": 58}, {"fields": {"codename": "change_shirtsize", "name": "Can change T-shirt size", "content_type": 20}, "model": "auth.permission", "pk": 59}, {"fields": {"codename": "delete_shirtsize", "name": "Can delete T-shirt size", "content_type": 20}, "model": "auth.permission", "pk": 60}, {"fields": {"codename": "add_award", "name": "Can add Award", "content_type": 21}, "model": "auth.permission", "pk": 61}, {"fields": {"codename": "change_award", "name": "Can change Award", "content_type": 21}, "model": "auth.permission", "pk": 62}, {"fields": {"codename": "delete_award", "name": "Can delete Award", "content_type": 21}, "model": "auth.permission", "pk": 63}, {"fields": {"codename": "add_awardrecipient", "name": "Can add Award recipient", "content_type": 22}, "model": "auth.permission", "pk": 64}, {"fields": {"codename": "change_awardrecipient", "name": "Can change Award recipient", "content_type": 22}, "model": "auth.permission", "pk": 65}, {"fields": {"codename": "delete_awardrecipient", "name": "Can delete Award recipient", "content_type": 22}, "model": "auth.permission", "pk": 66}, {"fields": {"codename": "add_school", "name": "Can add school", "content_type": 23}, "model": "auth.permission", "pk": 67}, {"fields": {"codename": "change_school", "name": "Can change school", "content_type": 23}, "model": "auth.permission", "pk": 68}, {"fields": {"codename": "delete_school", "name": "Can delete school", "content_type": 23}, "model": "auth.permission", "pk": 69}, {"fields": {"codename": "add_directoryschool", "name": "Can add directory school", "content_type": 24}, "model": "auth.permission", "pk": 70}, {"fields": {"codename": "change_directoryschool", "name": "Can change directory school", "content_type": 24}, "model": "auth.permission", "pk": 71}, {"fields": {"codename": "delete_directoryschool", "name": "Can delete directory school", "content_type": 24}, "model": "auth.permission", "pk": 72}, {"fields": {"codename": "add_starschooldirectory", "name": "Can add star school directory", "content_type": 25}, "model": "auth.permission", "pk": 73}, {"fields": {"codename": "change_starschooldirectory", "name": "Can change star school directory", "content_type": 25}, "model": "auth.permission", "pk": 74}, {"fields": {"codename": "delete_starschooldirectory", "name": "Can delete star school directory", "content_type": 25}, "model": "auth.permission", "pk": 75}, {"fields": {"codename": "add_event", "name": "Can add event", "content_type": 26}, "model": "auth.permission", "pk": 76}, {"fields": {"codename": "change_event", "name": "Can change event", "content_type": 26}, "model": "auth.permission", "pk": 77}, {"fields": {"codename": "delete_event", "name": "Can delete event", "content_type": 26}, "model": "auth.permission", "pk": 78}, {"fields": {"codename": "add_schoolvisit", "name": "Can add school visit", "content_type": 27}, "model": "auth.permission", "pk": 79}, {"fields": {"codename": "change_schoolvisit", "name": "Can change school visit", "content_type": 27}, "model": "auth.permission", "pk": 80}, {"fields": {"codename": "delete_schoolvisit", "name": "Can delete school visit", "content_type": 27}, "model": "auth.permission", "pk": 81}, {"fields": {"codename": "add_eventmessage", "name": "Can add event message", "content_type": 28}, "model": "auth.permission", "pk": 82}, {"fields": {"codename": "change_eventmessage", "name": "Can change event message", "content_type": 28}, "model": "auth.permission", "pk": 83}, {"fields": {"codename": "delete_eventmessage", "name": "Can delete event message", "content_type": 28}, "model": "auth.permission", "pk": 84}, {"fields": {"codename": "add_trainingsession", "name": "Can add training session", "content_type": 29}, "model": "auth.permission", "pk": 85}, {"fields": {"codename": "change_trainingsession", "name": "Can change training session", "content_type": 29}, "model": "auth.permission", "pk": 86}, {"fields": {"codename": "delete_trainingsession", "name": "Can delete training session", "content_type": 29}, "model": "auth.permission", "pk": 87}, {"fields": {"codename": "add_eventattendee", "name": "Can add event attendee", "content_type": 30}, "model": "auth.permission", "pk": 88}, {"fields": {"codename": "change_eventattendee", "name": "Can change event attendee", "content_type": 30}, "model": "auth.permission", "pk": 89}, {"fields": {"codename": "delete_eventattendee", "name": "Can delete event attendee", "content_type": 30}, "model": "auth.permission", "pk": 90}, {"fields": {"codename": "add_schoolvisitstats", "name": "Can add workshop stats", "content_type": 31}, "model": "auth.permission", "pk": 91}, {"fields": {"codename": "change_schoolvisitstats", "name": "Can change workshop stats", "content_type": 31}, "model": "auth.permission", "pk": 92}, {"fields": {"codename": "delete_schoolvisitstats", "name": "Can delete workshop stats", "content_type": 31}, "model": "auth.permission", "pk": 93}, {"fields": {"codename": "add_messagessettings", "name": "Can add setting", "content_type": 32}, "model": "auth.permission", "pk": 94}, {"fields": {"codename": "change_messagessettings", "name": "Can change setting", "content_type": 32}, "model": "auth.permission", "pk": 95}, {"fields": {"codename": "delete_messagessettings", "name": "Can delete setting", "content_type": 32}, "model": "auth.permission", "pk": 96}, {"fields": {"codename": "add_emailfile", "name": "Can add email file", "content_type": 33}, "model": "auth.permission", "pk": 97}, {"fields": {"codename": "change_emailfile", "name": "Can change email file", "content_type": 33}, "model": "auth.permission", "pk": 98}, {"fields": {"codename": "delete_emailfile", "name": "Can delete email file", "content_type": 33}, "model": "auth.permission", "pk": 99}, {"fields": {"codename": "add_emailheader", "name": "Can add email header", "content_type": 34}, "model": "auth.permission", "pk": 100}, {"fields": {"codename": "change_emailheader", "name": "Can change email header", "content_type": 34}, "model": "auth.permission", "pk": 101}, {"fields": {"codename": "delete_emailheader", "name": "Can delete email header", "content_type": 34}, "model": "auth.permission", "pk": 102}, {"fields": {"codename": "add_emailmessage", "name": "Can add email message", "content_type": 35}, "model": "auth.permission", "pk": 103}, {"fields": {"codename": "change_emailmessage", "name": "Can change email message", "content_type": 35}, "model": "auth.permission", "pk": 104}, {"fields": {"codename": "delete_emailmessage", "name": "Can delete email message", "content_type": 35}, "model": "auth.permission", "pk": 105}, {"fields": {"codename": "add_emailrecipient", "name": "Can add email recipient", "content_type": 36}, "model": "auth.permission", "pk": 106}, {"fields": {"codename": "change_emailrecipient", "name": "Can change email recipient", "content_type": 36}, "model": "auth.permission", "pk": 107}, {"fields": {"codename": "delete_emailrecipient", "name": "Can delete email recipient", "content_type": 36}, "model": "auth.permission", "pk": 108}, {"fields": {"codename": "add_smsmessage", "name": "Can add SMS message", "content_type": 37}, "model": "auth.permission", "pk": 109}, {"fields": {"codename": "change_smsmessage", "name": "Can change SMS message", "content_type": 37}, "model": "auth.permission", "pk": 110}, {"fields": {"codename": "delete_smsmessage", "name": "Can delete SMS message", "content_type": 37}, "model": "auth.permission", "pk": 111}, {"fields": {"codename": "add_smsrecipient", "name": "Can add sms recipient", "content_type": 38}, "model": "auth.permission", "pk": 112}, {"fields": {"codename": "change_smsrecipient", "name": "Can change sms recipient", "content_type": 38}, "model": "auth.permission", "pk": 113}, {"fields": {"codename": "delete_smsrecipient", "name": "Can delete sms recipient", "content_type": 38}, "model": "auth.permission", "pk": 114}, {"fields": {"codename": "add_newsletter", "name": "Can add newsletter", "content_type": 39}, "model": "auth.permission", "pk": 115}, {"fields": {"codename": "change_newsletter", "name": "Can change newsletter", "content_type": 39}, "model": "auth.permission", "pk": 116}, {"fields": {"codename": "delete_newsletter", "name": "Can delete newsletter", "content_type": 39}, "model": "auth.permission", "pk": 117}, {"fields": {"codename": "add_subscribertype", "name": "Can add subscriber type", "content_type": 40}, "model": "auth.permission", "pk": 118}, {"fields": {"codename": "change_subscribertype", "name": "Can change subscriber type", "content_type": 40}, "model": "auth.permission", "pk": 119}, {"fields": {"codename": "delete_subscribertype", "name": "Can delete subscriber type", "content_type": 40}, "model": "auth.permission", "pk": 120}, {"fields": {"codename": "add_newslettersubscriber", "name": "Can add newsletter subscriber", "content_type": 41}, "model": "auth.permission", "pk": 121}, {"fields": {"codename": "change_newslettersubscriber", "name": "Can change newsletter subscriber", "content_type": 41}, "model": "auth.permission", "pk": 122}, {"fields": {"codename": "delete_newslettersubscriber", "name": "Can delete newsletter subscriber", "content_type": 41}, "model": "auth.permission", "pk": 123}, {"fields": {"codename": "add_pendingnewslettersubscriber", "name": "Can add pending newsletter subscriber", "content_type": 42}, "model": "auth.permission", "pk": 124}, {"fields": {"codename": "change_pendingnewslettersubscriber", "name": "Can change pending newsletter subscriber", "content_type": 42}, "model": "auth.permission", "pk": 125}, {"fields": {"codename": "delete_pendingnewslettersubscriber", "name": "Can delete pending newsletter subscriber", "content_type": 42}, "model": "auth.permission", "pk": 126}, {"fields": {"codename": "add_website", "name": "Can add website", "content_type": 43}, "model": "auth.permission", "pk": 127}, {"fields": {"codename": "change_website", "name": "Can change website", "content_type": 43}, "model": "auth.permission", "pk": 128}, {"fields": {"codename": "delete_website", "name": "Can delete website", "content_type": 43}, "model": "auth.permission", "pk": 129}, {"fields": {"codename": "add_category", "name": "Can add category", "content_type": 44}, "model": "auth.permission", "pk": 130}, {"fields": {"codename": "change_category", "name": "Can change category", "content_type": 44}, "model": "auth.permission", "pk": 131}, {"fields": {"codename": "delete_category", "name": "Can delete category", "content_type": 44}, "model": "auth.permission", "pk": 132}, {"fields": {"codename": "add_forum", "name": "Can add forum", "content_type": 45}, "model": "auth.permission", "pk": 133}, {"fields": {"codename": "change_forum", "name": "Can change forum", "content_type": 45}, "model": "auth.permission", "pk": 134}, {"fields": {"codename": "delete_forum", "name": "Can delete forum", "content_type": 45}, "model": "auth.permission", "pk": 135}, {"fields": {"codename": "add_topic", "name": "Can add topic", "content_type": 46}, "model": "auth.permission", "pk": 136}, {"fields": {"codename": "change_topic", "name": "Can change topic", "content_type": 46}, "model": "auth.permission", "pk": 137}, {"fields": {"codename": "delete_topic", "name": "Can delete topic", "content_type": 46}, "model": "auth.permission", "pk": 138}, {"fields": {"codename": "add_postfile", "name": "Can add post file", "content_type": 47}, "model": "auth.permission", "pk": 139}, {"fields": {"codename": "change_postfile", "name": "Can change post file", "content_type": 47}, "model": "auth.permission", "pk": 140}, {"fields": {"codename": "delete_postfile", "name": "Can delete post file", "content_type": 47}, "model": "auth.permission", "pk": 141}, {"fields": {"codename": "add_post", "name": "Can add post", "content_type": 48}, "model": "auth.permission", "pk": 142}, {"fields": {"codename": "change_post", "name": "Can change post", "content_type": 48}, "model": "auth.permission", "pk": 143}, {"fields": {"codename": "delete_post", "name": "Can delete post", "content_type": 48}, "model": "auth.permission", "pk": 144}, {"fields": {"codename": "add_vote", "name": "Can add vote", "content_type": 49}, "model": "auth.permission", "pk": 145}, {"fields": {"codename": "change_vote", "name": "Can change vote", "content_type": 49}, "model": "auth.permission", "pk": 146}, {"fields": {"codename": "delete_vote", "name": "Can delete vote", "content_type": 49}, "model": "auth.permission", "pk": 147}, {"fields": {"codename": "add_offense", "name": "Can add Offense", "content_type": 50}, "model": "auth.permission", "pk": 148}, {"fields": {"codename": "change_offense", "name": "Can change Offense", "content_type": 50}, "model": "auth.permission", "pk": 149}, {"fields": {"codename": "delete_offense", "name": "Can delete Offense", "content_type": 50}, "model": "auth.permission", "pk": 150}, {"fields": {"codename": "add_forumsettings", "name": "Can add setting", "content_type": 51}, "model": "auth.permission", "pk": 151}, {"fields": {"codename": "change_forumsettings", "name": "Can change setting", "content_type": 51}, "model": "auth.permission", "pk": 152}, {"fields": {"codename": "delete_forumsettings", "name": "Can delete setting", "content_type": 51}, "model": "auth.permission", "pk": 153}, {"fields": {"codename": "add_conference", "name": "Can add conference", "content_type": 52}, "model": "auth.permission", "pk": 154}, {"fields": {"codename": "change_conference", "name": "Can change conference", "content_type": 52}, "model": "auth.permission", "pk": 155}, {"fields": {"codename": "delete_conference", "name": "Can delete conference", "content_type": 52}, "model": "auth.permission", "pk": 156}, {"fields": {"codename": "add_conferencecurrency", "name": "Can add currency", "content_type": 53}, "model": "auth.permission", "pk": 157}, {"fields": {"codename": "change_conferencecurrency", "name": "Can change currency", "content_type": 53}, "model": "auth.permission", "pk": 158}, {"fields": {"codename": "delete_conferencecurrency", "name": "Can delete currency", "content_type": 53}, "model": "auth.permission", "pk": 159}, {"fields": {"codename": "add_conferencepart", "name": "Can add part", "content_type": 54}, "model": "auth.permission", "pk": 160}, {"fields": {"codename": "change_conferencepart", "name": "Can change part", "content_type": 54}, "model": "auth.permission", "pk": 161}, {"fields": {"codename": "delete_conferencepart", "name": "Can delete part", "content_type": 54}, "model": "auth.permission", "pk": 162}, {"fields": {"codename": "add_conferenceattendee", "name": "Can add attendee", "content_type": 55}, "model": "auth.permission", "pk": 163}, {"fields": {"codename": "change_conferenceattendee", "name": "Can change attendee", "content_type": 55}, "model": "auth.permission", "pk": 164}, {"fields": {"codename": "delete_conferenceattendee", "name": "Can delete attendee", "content_type": 55}, "model": "auth.permission", "pk": 165}, {"fields": {"codename": "add_conferencepayment", "name": "Can add payment", "content_type": 56}, "model": "auth.permission", "pk": 166}, {"fields": {"codename": "change_conferencepayment", "name": "Can change payment", "content_type": 56}, "model": "auth.permission", "pk": 167}, {"fields": {"codename": "delete_conferencepayment", "name": "Can delete payment", "content_type": 56}, "model": "auth.permission", "pk": 168}, {"fields": {"website": "", "last_name": "Admin", "uni_end": "2020-11-01", "student_type": 1, "photo": "", "email_reminder_optin": true, "internal_notes": "", "email_public": false, "email_careers_newsletter_AU_optin": true, "course": "Bachelor of Engineering", "tshirt": null, "is_staff": true, "alt_email": "", "trained": false, "student_number": "", "user_permissions": [], "timezone": null, "mobile_marketing_optin": true, "email_othernewsletter_optin": true, "date_joined": "2017-01-07T13:33:46Z", "first_name": "Robogals", "mobile_reminder_optin": true, "email_chapter_optin": true, "course_type": 1, "forum_last_act": "2017-01-07T04:04:57Z", "is_superuser": true, "last_login": "2017-01-07T06:11:37Z", "aliases": [], "email": "admin@example.com", "job_title": "Software Developer", "username": "admin", "bio": "Hello, world!", "union_member": false, "company": "Robogals", "is_active": true, "uni_start": "2017-03-01", "groups": [], "password": "pbkdf2_sha256$15000$Y3GQy1puDPlT$3QWfg7Ovbp+Gc31Z5qQy9kcCxus99NKKoZKLfSA5hqA=", "chapter": 1, "security_check": false, "email_newsletter_optin": true, "dob": null, "gender": 0, "university": 1, "privacy": 20, "name_display": null, "mobile": "61400111222", "dob_public": false, "mobile_verified": true}, "model": "rgprofile.user", "pk": 1}, {"fields": {"website": "", "last_name": "Support", "uni_end": null, "student_type": 0, "photo": "", "email_reminder_optin": true, "internal_notes": "", "email_public": false, "email_careers_newsletter_AU_optin": true, "course": "", "tshirt": null, "is_staff": false, "alt_email": "", "trained": false, "student_number": "", "user_permissions": [], "timezone": null, "mobile_marketing_optin": true, "email_othernewsletter_optin": true, "date_joined": "2017-01-07T05:06:13Z", "first_name": "myRobogals", "mobile_reminder_optin": true, "email_chapter_optin": true, "course_type": 0, "forum_last_act": "2017-01-07T05:06:13Z", "is_superuser": false, "last_login": "2017-01-07T05:06:13Z", "aliases": [], "email": "my@robogals.org", "job_title": "", "username": "edit", "bio": "", "union_member": false, "company": "", "is_active": false, "uni_start": null, "groups": [], "password": "pbkdf2_sha256$15000$4XRhaTzpIvYB$c8IRcqViqPFa595CYCv1dXsVOLyFmP3mwd/VvbJliQQ=", "chapter": 1, "security_check": false, "email_newsletter_optin": true, "dob": null, "gender": 0, "university": null, "privacy": 0, "name_display": null, "mobile": "", "dob_public": false, "mobile_verified": false}, "model": "rgprofile.user", "pk": 4}, {"fields": {"website": "", "last_name": "Ayanami", "uni_end": null, "student_type": 0, "photo": "", "email_reminder_optin": true, "internal_notes": "", "email_public": false, "email_careers_newsletter_AU_optin": true, "course": "", "tshirt": 1, "is_staff": true, "alt_email": "", "trained": false, "student_number": "", "user_permissions": [], "timezone": null, "mobile_marketing_optin": true, "email_othernewsletter_optin": true, "date_joined": "2017-01-07T05:13:30Z", "first_name": "Rei", "mobile_reminder_optin": true, "email_chapter_optin": true, "course_type": 0, "forum_last_act": "2017-01-07T05:13:30Z", "is_superuser": false, "last_login": "2017-01-07T06:10:20Z", "aliases": [], "email": "rei@example.com", "job_title": "", "username": "rei", "bio": "", "union_member": false, "company": "", "is_active": true, "uni_start": null, "groups": [], "password": "pbkdf2_sha256$15000$gTaCjhEPGw4K$eAzOT7E4n+Ri5Zgv3Kp9gF3VhnZp0259RF2L82bjYI0=", "chapter": 3, "security_check": false, "email_newsletter_optin": true, "dob": null, "gender": 2, "university": null, "privacy": 5, "name_display": null, "mobile": "", "dob_public": false, "mobile_verified": false}, "model": "rgprofile.user", "pk": 5}, {"fields": {"website": "", "last_name": "Ikari", "uni_end": null, "student_type": 0, "photo": "", "email_reminder_optin": true, "internal_notes": "", "email_public": false, "email_careers_newsletter_AU_optin": true, "course": "", "tshirt": null, "is_staff": false, "alt_email": "", "trained": false, "student_number": "", "user_permissions": [], "timezone": null, "mobile_marketing_optin": true, "email_othernewsletter_optin": true, "date_joined": "2017-01-07T05:13:55Z", "first_name": "Shinji", "mobile_reminder_optin": true, "email_chapter_optin": true, "course_type": 0, "forum_last_act": "2017-01-07T05:13:55Z", "is_superuser": false, "last_login": "2017-01-07T05:13:55Z", "aliases": [], "email": "shinji@example.com", "job_title": "", "username": "shinji", "bio": "", "union_member": false, "company": "", "is_active": true, "uni_start": null, "groups": [], "password": "pbkdf2_sha256$15000$KnP2bz5z2TkS$9iOrCGgYbsERPAmnBkdTbrLt29hJmGR5e1N+OU0c4Tk=", "chapter": 3, "security_check": false, "email_newsletter_optin": true, "dob": null, "gender": 1, "university": null, "privacy": 5, "name_display": null, "mobile": "", "dob_public": false, "mobile_verified": false}, "model": "rgprofile.user", "pk": 6}, {"fields": {"website": "", "last_name": "Soryu", "uni_end": null, "student_type": 0, "photo": "", "email_reminder_optin": true, "internal_notes": "", "email_public": false, "email_careers_newsletter_AU_optin": false, "course": "", "tshirt": null, "is_staff": true, "alt_email": "", "trained": false, "student_number": "", "user_permissions": [], "timezone": null, "mobile_marketing_optin": true, "email_othernewsletter_optin": true, "date_joined": "2017-01-07T05:14:44Z", "first_name": "Asuka Langley", "mobile_reminder_optin": true, "email_chapter_optin": true, "course_type": 0, "forum_last_act": "2017-01-07T05:14:44Z", "is_superuser": false, "last_login": "2017-01-07T05:53:56Z", "aliases": [], "email": "asuka@example.com", "job_title": "", "username": "asuka", "bio": "", "union_member": false, "company": "", "is_active": true, "uni_start": null, "groups": [], "password": "pbkdf2_sha256$15000$I9gsPYUJkyEf$UTBRh0fhhRHj2wRROhXfTzggMh9cn8xhZsYdz6IDaWc=", "chapter": 6, "security_check": false, "email_newsletter_optin": true, "dob": null, "gender": 2, "university": null, "privacy": 5, "name_display": null, "mobile": "", "dob_public": false, "mobile_verified": false}, "model": "rgprofile.user", "pk": 7}, {"fields": {"website": "", "last_name": "Katsuragi", "uni_end": null, "student_type": 0, "photo": "", "email_reminder_optin": true, "internal_notes": "", "email_public": false, "email_careers_newsletter_AU_optin": true, "course": "", "tshirt": null, "is_staff": true, "alt_email": "", "trained": false, "student_number": "", "user_permissions": [], "timezone": null, "mobile_marketing_optin": true, "email_othernewsletter_optin": true, "date_joined": "2017-01-07T05:18:03Z", "first_name": "Misato", "mobile_reminder_optin": true, "email_chapter_optin": true, "course_type": 0, "forum_last_act": "2017-01-07T05:52:08Z", "is_superuser": false, "last_login": "2017-01-07T05:41:37Z", "aliases": [], "email": "misato@example.com", "job_title": "", "username": "misato", "bio": "", "union_member": false, "company": "", "is_active": true, "uni_start": null, "groups": [], "password": "pbkdf2_sha256$15000$5zPHGRe1Pugz$fwBaOwhUOhGjX7HsYDb175dKiVuYXEx25QETQ1sD/Nw=", "chapter": 4, "security_check": false, "email_newsletter_optin": true, "dob": null, "gender": 2, "university": null, "privacy": 5, "name_display": null, "mobile": "", "dob_public": false, "mobile_verified": false}, "model": "rgprofile.user", "pk": 8}, {"fields": {"website": "", "last_name": "Akagi", "uni_end": null, "student_type": 0, "photo": "", "email_reminder_optin": true, "internal_notes": "", "email_public": false, "email_careers_newsletter_AU_optin": true, "course": "", "tshirt": null, "is_staff": false, "alt_email": "", "trained": false, "student_number": "", "user_permissions": [], "timezone": null, "mobile_marketing_optin": true, "email_othernewsletter_optin": true, "date_joined": "2017-01-07T05:50:38Z", "first_name": "Ritsuko", "mobile_reminder_optin": true, "email_chapter_optin": true, "course_type": 0, "forum_last_act": "2017-01-07T05:50:38Z", "is_superuser": false, "last_login": "2017-01-07T05:50:38Z", "aliases": [], "email": "ritsuko@example.com", "job_title": "", "username": "ritsuko", "bio": "", "union_member": false, "company": "", "is_active": true, "uni_start": null, "groups": [], "password": "pbkdf2_sha256$15000$UInhOPDdQ3BX$gFD7CVsbAekAs7UgtdaC+KSowBSUaaupGIWFuSZq5z0=", "chapter": 4, "security_check": false, "email_newsletter_optin": true, "dob": null, "gender": 2, "university": null, "privacy": 5, "name_display": null, "mobile": "", "dob_public": false, "mobile_verified": false}, "model": "rgprofile.user", "pk": 9}, {"fields": {"chapter": 4, "notes": "", "display_columns": [26, 4, 15], "name": "NERV Staff", "users": [8, 9]}, "model": "rgprofile.userlist", "pk": 1}, {"fields": {"chapter": 3, "status": 1, "creator": 5, "notes": "", "visit_start": "2017-01-06T23:00:00Z", "contact": "", "visit_end": "2017-01-07T02:00:00Z", "meeting_location": "N/A", "contact_email": "", "location": "At the school", "allow_rsvp": 0, "contact_phone": "", "meeting_time": "2017-01-06T22:30:00Z"}, "model": "rgteaching.event", "pk": 1}, {"fields": {"chapter": 3, "status": 0, "creator": 5, "notes": "", "visit_start": "2017-01-10T01:00:00Z", "contact": "", "visit_end": "2017-01-10T03:00:00Z", "meeting_location": "Melbourne Uni tram stop", "contact_email": "", "location": "At the school", "allow_rsvp": 1, "contact_phone": "", "meeting_time": "2017-01-10T00:00:00Z"}, "model": "rgteaching.event", "pk": 2}, {"fields": {"chapter": 4, "status": 1, "creator": 8, "notes": "", "visit_start": "2017-01-07T01:30:00Z", "contact": "", "visit_end": "2017-01-07T03:30:00Z", "meeting_location": "", "contact_email": "", "location": "At the school", "allow_rsvp": 0, "contact_phone": "", "meeting_time": null}, "model": "rgteaching.event", "pk": 6}, {"fields": {"chapter": 6, "status": 1, "creator": 7, "notes": "", "visit_start": "2017-01-08T16:30:00Z", "contact": "Asuka", "visit_end": "2017-01-08T18:00:00Z", "meeting_location": "Outside Science Museum", "contact_email": "", "location": "At the school", "allow_rsvp": 0, "contact_phone": "", "meeting_time": "2017-01-08T15:30:00Z"}, "model": "rgteaching.event", "pk": 7}, {"fields": {"chapter": 6, "status": 1, "creator": 7, "notes": "", "visit_start": "2017-01-07T10:00:00Z", "contact": "", "visit_end": "2017-01-07T12:00:00Z", "meeting_location": "Outside Science Museum", "contact_email": "", "location": "At the school", "allow_rsvp": 1, "contact_phone": "", "meeting_time": "2017-01-07T09:30:00Z"}, "model": "rgteaching.event", "pk": 8}, {"fields": {"chapter": 6, "status": 1, "creator": 7, "notes": "", "visit_start": "2017-01-06T10:00:00Z", "contact": "", "visit_end": "2017-01-06T12:00:00Z", "meeting_location": "Outside Science Museum", "contact_email": "", "location": "At the school", "allow_rsvp": 1, "contact_phone": "", "meeting_time": "2017-01-06T09:30:00Z"}, "model": "rgteaching.event", "pk": 9}, {"fields": {"school": 1, "toprint": "", "tobring": "", "otherprep": "", "yearlvl": "", "numrobots": "", "lessonnum": "", "numstudents": "", "closing_comments": ""}, "model": "rgteaching.schoolvisit", "pk": 1}, {"fields": {"school": 1, "toprint": "", "tobring": "", "otherprep": "", "yearlvl": "", "numrobots": "", "lessonnum": "", "numstudents": "", "closing_comments": ""}, "model": "rgteaching.schoolvisit", "pk": 2}, {"fields": {"school": 2, "toprint": "", "tobring": "", "otherprep": "", "yearlvl": "", "numrobots": "", "lessonnum": "", "numstudents": "", "closing_comments": ""}, "model": "rgteaching.schoolvisit", "pk": 6}, {"fields": {"school": 3, "toprint": "", "tobring": "", "otherprep": "", "yearlvl": "", "numrobots": "", "lessonnum": "", "numstudents": "", "closing_comments": ""}, "model": "rgteaching.schoolvisit", "pk": 7}, {"fields": {"school": 4, "toprint": "", "tobring": "", "otherprep": "", "yearlvl": "", "numrobots": "", "lessonnum": "", "numstudents": "", "closing_comments": ""}, "model": "rgteaching.schoolvisit", "pk": 8}, {"fields": {"school": 4, "toprint": "", "tobring": "", "otherprep": "", "yearlvl": "", "numrobots": "", "lessonnum": "", "numstudents": "", "closing_comments": ""}, "model": "rgteaching.schoolvisit", "pk": 9}, {"fields": {"date": "2017-01-07T05:48:54Z", "message": "Can't wait!", "event": 6, "user": 8}, "model": "rgteaching.eventmessage", "pk": 1}, {"fields": {"hours": 3, "actual_status": 1, "rsvp_status": 0, "event": 1, "user": 5}, "model": "rgteaching.eventattendee", "pk": 1}, {"fields": {"hours": 3, "actual_status": 1, "rsvp_status": 0, "event": 1, "user": 6}, "model": "rgteaching.eventattendee", "pk": 2}, {"fields": {"hours": 2, "actual_status": 1, "rsvp_status": 2, "event": 6, "user": 8}, "model": "rgteaching.eventattendee", "pk": 3}, {"fields": {"hours": 2, "actual_status": 1, "rsvp_status": 1, "event": 7, "user": 7}, "model": "rgteaching.eventattendee", "pk": 4}, {"fields": {"hours": 2, "actual_status": 1, "rsvp_status": 0, "event": 8, "user": 7}, "model": "rgteaching.eventattendee", "pk": 5}, {"fields": {"hours": 2, "actual_status": 1, "rsvp_status": 0, "event": 9, "user": 7}, "model": "rgteaching.eventattendee", "pk": 6}, {"fields": {"body": "Dear Rei,\r\n\r\nThankyou for joining Robogals Melbourne!\r\n\r\nYour username and password for myRobogals can be found below:\r\n\r\nUsername: rei\r\nPassword: abc123\r\nLogin at https://my.robogals.org\r\n\r\nRegards,\r\n\r\nRobogals Melbourne\r\n", "status": 0, "from_name": "Robogals Melbourne", "sender": 4, "upload_files": [], "date": "2017-01-07T05:13:30Z", "html": false, "scheduled": false, "scheduled_date": null, "email_type": 0, "reply_address": "my@robogals.org", "subject": "Welcome to Robogals!", "scheduled_date_type": 1, "from_address": "my@robogals.org"}, "model": "rgmessages.emailmessage", "pk": 1}, {"fields": {"body": "Dear Shinji,\r\n\r\nThankyou for joining Robogals Melbourne!\r\n\r\nYour username and password for myRobogals can be found below:\r\n\r\nUsername: shinji\r\nPassword: abc123\r\nLogin at https://my.robogals.org\r\n\r\nRegards,\r\n\r\nRobogals Melbourne\r\n", "status": 0, "from_name": "Robogals Melbourne", "sender": 4, "upload_files": [], "date": "2017-01-07T05:13:55Z", "html": false, "scheduled": false, "scheduled_date": null, "email_type": 0, "reply_address": "my@robogals.org", "subject": "Welcome to Robogals!", "scheduled_date_type": 1, "from_address": "my@robogals.org"}, "model": "rgmessages.emailmessage", "pk": 2}, {"fields": {"body": "Dear Asuka Langley,\r\n\r\nThankyou for joining Robogals London!\r\n\r\nYour username and password for myRobogals can be found below:\r\n\r\nUsername: asuka\r\nPassword: abc123\r\nLogin at https://my.robogals.org\r\n\r\nRegards,\r\n\r\nRobogals London\r\n", "status": 0, "from_name": "Robogals London", "sender": 4, "upload_files": [], "date": "2017-01-07T05:14:44Z", "html": false, "scheduled": false, "scheduled_date": null, "email_type": 0, "reply_address": "my@robogals.org", "subject": "Welcome to Robogals!", "scheduled_date_type": 1, "from_address": "my@robogals.org"}, "model": "rgmessages.emailmessage", "pk": 3}, {"fields": {"body": "Dear Misato,\r\n\r\nThankyou for joining Robogals Perth!\r\n\r\nYour username and password for myRobogals can be found below:\r\n\r\nUsername: misato\r\nPassword: abc123\r\nLogin at https://my.robogals.org\r\n\r\nRegards,\r\n\r\nRobogals Perth\r\n", "status": 0, "from_name": "Robogals Perth", "sender": 4, "upload_files": [], "date": "2017-01-07T05:18:03Z", "html": false, "scheduled": false, "scheduled_date": null, "email_type": 0, "reply_address": "my@robogals.org", "subject": "Welcome to Robogals!", "scheduled_date_type": 1, "from_address": "my@robogals.org"}, "model": "rgmessages.emailmessage", "pk": 4}, {"fields": {"body": "The workshop for Western High School at 2017-01-07 05:41:45+00:00 has been cancelled, sorry for any inconvenience.", "status": 0, "from_name": "Robogals Perth", "sender": 8, "upload_files": [], "date": "2017-01-07T05:48:12Z", "html": true, "scheduled": false, "scheduled_date": null, "email_type": 0, "reply_address": "misato@example.com", "subject": "Visit to Enter location Cancelled", "scheduled_date_type": 1, "from_address": "misato@example.com"}, "model": "rgmessages.emailmessage", "pk": 5}, {"fields": {"body": "The workshop for Western High School at 2017-01-07 05:40:53+00:00 has been cancelled, sorry for any inconvenience.", "status": 0, "from_name": "Robogals Perth", "sender": 8, "upload_files": [], "date": "2017-01-07T05:48:16Z", "html": true, "scheduled": false, "scheduled_date": null, "email_type": 0, "reply_address": "misato@example.com", "subject": "Visit to Enter location Cancelled", "scheduled_date_type": 1, "from_address": "misato@example.com"}, "model": "rgmessages.emailmessage", "pk": 6}, {"fields": {"body": "The workshop for Western High School at 2017-01-07 05:40:18+00:00 has been cancelled, sorry for any inconvenience.", "status": 0, "from_name": "Robogals Perth", "sender": 8, "upload_files": [], "date": "2017-01-07T05:48:19Z", "html": true, "scheduled": false, "scheduled_date": null, "email_type": 0, "reply_address": "misato@example.com", "subject": "Visit to Enter location Cancelled", "scheduled_date_type": 1, "from_address": "misato@example.com"}, "model": "rgmessages.emailmessage", "pk": 7}, {"fields": {"body": "Hello,\r\n\r\nRobogals London will be conducting a workshop soon:\r\nWhen: January 08, 2017, 04:30 PM to 06:00 PM\r\nLocation: At the school\r\nSchool: London Primary School\r\n\r\nFor more information, and to accept or decline this invitation to volunteer at this workshop, please visit https://my.robogals.org/teaching/7/\r\n\r\nThanks,\r\n\r\nAsuka Langley", "status": 0, "from_name": "Robogals London", "sender": 7, "upload_files": [], "date": "2017-01-07T05:56:08Z", "html": true, "scheduled": false, "scheduled_date": null, "email_type": 0, "reply_address": "asuka@example.com", "subject": "Upcoming Robogals workshop", "scheduled_date_type": 1, "from_address": "asuka@example.com"}, "model": "rgmessages.emailmessage", "pk": 8}, {"fields": {"body": "Dear Rei,\r\n\r\nThankyou for joining Robogals Melbourne!\r\n\r\nYour username and password for myRobogals can be found below:\r\n\r\nUsername: rei\r\nPassword: Vf4PCS\r\nLogin at https://my.robogals.org\r\n\r\nRegards,\r\n\r\nRobogals Melbourne\r\n", "status": 0, "from_name": "Robogals Melbourne", "sender": 4, "upload_files": [], "date": "2017-01-07T06:09:31Z", "html": false, "scheduled": false, "scheduled_date": null, "email_type": 0, "reply_address": "my@robogals.org", "subject": "Welcome to Robogals!", "scheduled_date_type": 1, "from_address": "my@robogals.org"}, "model": "rgmessages.emailmessage", "pk": 9}, {"fields": {"status": 0, "to_address": "rei@example.com", "to_name": "Rei Ayanami", "user": 5, "scheduled_date": "2017-01-07T05:13:30Z", "message": 1}, "model": "rgmessages.emailrecipient", "pk": 1}, {"fields": {"status": 0, "to_address": "shinji@example.com", "to_name": "Shinji Ikari", "user": 6, "scheduled_date": "2017-01-07T05:13:55Z", "message": 2}, "model": "rgmessages.emailrecipient", "pk": 2}, {"fields": {"status": 0, "to_address": "asuka@example.com", "to_name": "Asuka Langley Soryu", "user": 7, "scheduled_date": "2017-01-07T05:14:44Z", "message": 3}, "model": "rgmessages.emailrecipient", "pk": 3}, {"fields": {"status": 0, "to_address": "misato@example.com", "to_name": "Misato Katsuragi", "user": 8, "scheduled_date": "2017-01-07T05:18:03Z", "message": 4}, "model": "rgmessages.emailrecipient", "pk": 4}, {"fields": {"status": 0, "to_address": "asuka@example.com", "to_name": "Asuka Langley Soryu", "user": 7, "scheduled_date": "2017-01-07T05:56:08Z", "message": 8}, "model": "rgmessages.emailrecipient", "pk": 5}, {"fields": {"status": 0, "to_address": "rei@example.com", "to_name": "Rei Ayanami", "user": 5, "scheduled_date": "2017-01-07T06:09:31Z", "message": 9}, "model": "rgmessages.emailrecipient", "pk": 6}, {"fields": {"position_date_end": null, "positionChapter": 1, "user": 1, "position_date_start": "2017-01-07", "positionType": 1}, "model": "rgprofile.position", "pk": 1}, {"fields": {"position_date_end": null, "positionChapter": 6, "user": 7, "position_date_start": "2017-01-07", "positionType": 2}, "model": "rgprofile.position", "pk": 2}, {"fields": {"position_date_end": null, "positionChapter": 4, "user": 8, "position_date_start": "2017-01-07", "positionType": 2}, "model": "rgprofile.position", "pk": 3}, {"fields": {"position_date_end": null, "positionChapter": 3, "user": 5, "position_date_start": "2017-01-07", "positionType": 2}, "model": "rgprofile.position", "pk": 4}, {"fields": {"status_date_end": null, "status_date_start": "2017-01-07", "statusType": 1, "user": 1}, "model": "rgprofile.memberstatus", "pk": 1}, {"fields": {"status_date_end": null, "status_date_start": "2017-01-07", "statusType": 5, "user": 4}, "model": "rgprofile.memberstatus", "pk": 4}, {"fields": {"status_date_end": null, "status_date_start": "2017-01-07", "statusType": 1, "user": 5}, "model": "rgprofile.memberstatus", "pk": 5}, {"fields": {"status_date_end": null, "status_date_start": "2017-01-07", "statusType": 1, "user": 6}, "model": "rgprofile.memberstatus", "pk": 6}, {"fields": {"status_date_end": null, "status_date_start": "2017-01-07", "statusType": 1, "user": 7}, "model": "rgprofile.memberstatus", "pk": 7}, {"fields": {"status_date_end": null, "status_date_start": "2017-01-07", "statusType": 1, "user": 8}, "model": "rgprofile.memberstatus", "pk": 8}, {"fields": {"status_date_end": null, "status_date_start": "2017-01-07", "statusType": 1, "user": 9}, "model": "rgprofile.memberstatus", "pk": 9}, {"fields": {"action_flag": 2, "action_time": "2017-01-07T02:41:11Z", "object_repr": "Robogals Global", "object_id": "1", "change_message": "Changed short, short_en, myrobogals_url, creation_date, location, timezone, goal, goal_start, join_page, address, city, state, postcode, website_url, facebook_url, sms_limit and display_columns.", "user": 1, "content_type": 19}, "model": "admin.logentry", "pk": 1}, {"fields": {"action_flag": 2, "action_time": "2017-01-07T02:42:39Z", "object_repr": "admin", "object_id": "1", "change_message": "Changed username, first_name, last_name, email, email_reminder_optin, email_chapter_optin, mobile_marketing_optin, mobile_reminder_optin, email_newsletter_optin, email_othernewsletter_optin, email_careers_newsletter_AU_optin, privacy and bio.", "user": 1, "content_type": 16}, "model": "admin.logentry", "pk": 2}, {"fields": {"action_flag": 2, "action_time": "2017-01-07T02:43:22Z", "object_repr": "admin", "object_id": "1", "change_message": "Changed mobile and mobile_verified.", "user": 1, "content_type": 16}, "model": "admin.logentry", "pk": 3}, {"fields": {"action_flag": 1, "action_time": "2017-01-07T02:45:45Z", "object_repr": "Robogals Asia Pacific", "object_id": "2", "change_message": "", "user": 1, "content_type": 19}, "model": "admin.logentry", "pk": 4}, {"fields": {"action_flag": 2, "action_time": "2017-01-07T02:47:39Z", "object_repr": "Robogals Asia Pacific", "object_id": "2", "change_message": "No fields changed.", "user": 1, "content_type": 19}, "model": "admin.logentry", "pk": 5}, {"fields": {"action_flag": 1, "action_time": "2017-01-07T02:48:15Z", "object_repr": "University of Melbourne", "object_id": "1", "change_message": "", "user": 1, "content_type": 6}, "model": "admin.logentry", "pk": 6}, {"fields": {"action_flag": 1, "action_time": "2017-01-07T02:50:42Z", "object_repr": "Robogals Melbourne", "object_id": "3", "change_message": "", "user": 1, "content_type": 19}, "model": "admin.logentry", "pk": 7}, {"fields": {"action_flag": 2, "action_time": "2017-01-07T02:51:23Z", "object_repr": "Robogals Melbourne", "object_id": "3", "change_message": "Changed status.", "user": 1, "content_type": 19}, "model": "admin.logentry", "pk": 8}, {"fields": {"action_flag": 2, "action_time": "2017-01-07T03:19:57Z", "object_repr": "Robogals Melbourne", "object_id": "3", "change_message": "Changed country.", "user": 1, "content_type": 19}, "model": "admin.logentry", "pk": 9}, {"fields": {"action_flag": 2, "action_time": "2017-01-07T03:20:11Z", "object_repr": "Robogals Global", "object_id": "1", "change_message": "Changed country.", "user": 1, "content_type": 19}, "model": "admin.logentry", "pk": 10}, {"fields": {"action_flag": 2, "action_time": "2017-01-07T03:20:22Z", "object_repr": "Robogals Asia Pacific", "object_id": "2", "change_message": "Changed country.", "user": 1, "content_type": 19}, "model": "admin.logentry", "pk": 11}, {"fields": {"action_flag": 1, "action_time": "2017-01-07T03:46:51Z", "object_repr": "Robogals Perth", "object_id": "4", "change_message": "", "user": 1, "content_type": 19}, "model": "admin.logentry", "pk": 12}, {"fields": {"action_flag": 1, "action_time": "2017-01-07T03:52:25Z", "object_repr": "Robogals EMEA", "object_id": "5", "change_message": "", "user": 1, "content_type": 19}, "model": "admin.logentry", "pk": 13}, {"fields": {"action_flag": 1, "action_time": "2017-01-07T03:53:54Z", "object_repr": "Robogals London", "object_id": "6", "change_message": "", "user": 1, "content_type": 19}, "model": "admin.logentry", "pk": 14}, {"fields": {"action_flag": 1, "action_time": "2017-01-07T03:56:35Z", "object_repr": "Special Projects", "object_id": "7", "change_message": "", "user": 1, "content_type": 19}, "model": "admin.logentry", "pk": 15}, {"fields": {"action_flag": 1, "action_time": "2017-01-07T03:58:26Z", "object_repr": "Robogals Rural & Regional", "object_id": "8", "change_message": "", "user": 1, "content_type": 19}, "model": "admin.logentry", "pk": 16}, {"fields": {"action_flag": 2, "action_time": "2017-01-07T04:03:38Z", "object_repr": "Robogals Rural & Regional", "object_id": "8", "change_message": "Changed status.", "user": 1, "content_type": 19}, "model": "admin.logentry", "pk": 17}, {"fields": {"action_flag": 1, "action_time": "2017-01-07T04:05:55Z", "object_repr": "CEO", "object_id": "1", "change_message": "", "user": 1, "content_type": 14}, "model": "admin.logentry", "pk": 18}, {"fields": {"action_flag": 1, "action_time": "2017-01-07T04:06:00Z", "object_repr": "President", "object_id": "2", "change_message": "", "user": 1, "content_type": 14}, "model": "admin.logentry", "pk": 19}, {"fields": {"action_flag": 1, "action_time": "2017-01-07T04:06:06Z", "object_repr": "Secretary", "object_id": "3", "change_message": "", "user": 1, "content_type": 14}, "model": "admin.logentry", "pk": 20}, {"fields": {"action_flag": 1, "action_time": "2017-01-07T04:06:18Z", "object_repr": "Schools Manager", "object_id": "4", "change_message": "", "user": 1, "content_type": 14}, "model": "admin.logentry", "pk": 21}, {"fields": {"action_flag": 1, "action_time": "2017-01-07T04:06:22Z", "object_repr": "Training Manager", "object_id": "5", "change_message": "", "user": 1, "content_type": 14}, "model": "admin.logentry", "pk": 22}, {"fields": {"action_flag": 1, "action_time": "2017-01-07T04:06:40Z", "object_repr": "Sponsorship & Partnerships Manager", "object_id": "6", "change_message": "", "user": 1, "content_type": 14}, "model": "admin.logentry", "pk": 23}, {"fields": {"action_flag": 1, "action_time": "2017-01-07T04:06:46Z", "object_repr": "Marketing Manager", "object_id": "7", "change_message": "", "user": 1, "content_type": 14}, "model": "admin.logentry", "pk": 24}, {"fields": {"action_flag": 2, "action_time": "2017-01-07T04:07:01Z", "object_repr": "admin", "object_id": "1", "change_message": "Added position \"CEO, Robogals Global (Jan 2017 - present)\".", "user": 1, "content_type": 16}, "model": "admin.logentry", "pk": 25}, {"fields": {"action_flag": 2, "action_time": "2017-01-07T05:07:05Z", "object_repr": "edit", "object_id": "4", "change_message": "Changed username, first_name and last_name.", "user": 1, "content_type": 16}, "model": "admin.logentry", "pk": 26}, {"fields": {"action_flag": 3, "action_time": "2017-01-07T05:11:41Z", "object_repr": "edit", "object_id": "4", "change_message": "", "user": 1, "content_type": 16}, "model": "admin.logentry", "pk": 32}, {"fields": {"action_flag": 3, "action_time": "2017-01-07T05:11:41Z", "object_repr": "rei", "object_id": "2", "change_message": "", "user": 1, "content_type": 16}, "model": "admin.logentry", "pk": 33}, {"fields": {"action_flag": 3, "action_time": "2017-01-07T05:11:56Z", "object_repr": "rei", "object_id": "2", "change_message": "", "user": 1, "content_type": 16}, "model": "admin.logentry", "pk": 34}, {"fields": {"action_flag": 3, "action_time": "2017-01-07T05:12:01Z", "object_repr": "shinji", "object_id": "3", "change_message": "", "user": 1, "content_type": 16}, "model": "admin.logentry", "pk": 35}, {"fields": {"action_flag": 2, "action_time": "2017-01-07T05:12:59Z", "object_repr": "edit", "object_id": "4", "change_message": "Changed is_active and privacy. Changed statusType for member status \"Other (Jan 2017 - present)\".", "user": 1, "content_type": 16}, "model": "admin.logentry", "pk": 37}, {"fields": {"action_flag": 2, "action_time": "2017-01-07T05:23:06Z", "object_repr": "asuka", "object_id": "7", "change_message": "Changed is_staff. Added position \"President, Robogals London (Jan 2017 - present)\".", "user": 1, "content_type": 16}, "model": "admin.logentry", "pk": 38}, {"fields": {"action_flag": 2, "action_time": "2017-01-07T05:23:35Z", "object_repr": "misato", "object_id": "8", "change_message": "Added position \"President, Robogals Perth (Jan 2017 - present)\".", "user": 1, "content_type": 16}, "model": "admin.logentry", "pk": 39}, {"fields": {"action_flag": 2, "action_time": "2017-01-07T05:23:46Z", "object_repr": "misato", "object_id": "8", "change_message": "Changed is_staff.", "user": 1, "content_type": 16}, "model": "admin.logentry", "pk": 40}, {"fields": {"action_flag": 2, "action_time": "2017-01-07T05:24:10Z", "object_repr": "rei", "object_id": "5", "change_message": "Changed chapter. Added position \"President, Robogals Melbourne (Jan 2017 - present)\".", "user": 1, "content_type": 16}, "model": "admin.logentry", "pk": 41}, {"fields": {"action_flag": 2, "action_time": "2017-01-07T05:24:14Z", "object_repr": "rei", "object_id": "5", "change_message": "Changed is_staff.", "user": 1, "content_type": 16}, "model": "admin.logentry", "pk": 42}, {"fields": {"action_flag": 2, "action_time": "2017-01-07T05:31:54Z", "object_repr": "rei", "object_id": "5", "change_message": "Changed password.", "user": 1, "content_type": 16}, "model": "admin.logentry", "pk": 43}, {"fields": {"action_flag": 2, "action_time": "2017-01-07T06:06:01Z", "object_repr": "Robogals Asia Pacific", "object_id": "2", "change_message": "Changed goal.", "user": 1, "content_type": 19}, "model": "admin.logentry", "pk": 44}, {"fields": {"action_flag": 2, "action_time": "2017-01-07T06:06:05Z", "object_repr": "Robogals EMEA", "object_id": "5", "change_message": "Changed goal.", "user": 1, "content_type": 19}, "model": "admin.logentry", "pk": 45}, {"fields": {"action_flag": 2, "action_time": "2017-01-07T06:06:09Z", "object_repr": "Robogals Global", "object_id": "1", "change_message": "Changed goal.", "user": 1, "content_type": 19}, "model": "admin.logentry", "pk": 46}, {"fields": {"action_flag": 2, "action_time": "2017-01-07T06:06:16Z", "object_repr": "Robogals London", "object_id": "6", "change_message": "Changed goal.", "user": 1, "content_type": 19}, "model": "admin.logentry", "pk": 47}, {"fields": {"action_flag": 2, "action_time": "2017-01-07T06:06:47Z", "object_repr": "Robogals Melbourne", "object_id": "3", "change_message": "Changed goal.", "user": 1, "content_type": 19}, "model": "admin.logentry", "pk": 48}, {"fields": {"action_flag": 2, "action_time": "2017-01-07T06:06:51Z", "object_repr": "Robogals Perth", "object_id": "4", "change_message": "Changed goal, welcome_email_msg and invite_email_msg.", "user": 1, "content_type": 19}, "model": "admin.logentry", "pk": 49}, {"fields": {"action_flag": 1, "action_time": "2017-01-07T06:07:48Z", "object_repr": "S", "object_id": "1", "change_message": "", "user": 1, "content_type": 20}, "model": "admin.logentry", "pk": 50}, {"fields": {"action_flag": 1, "action_time": "2017-01-07T06:08:03Z", "object_repr": "XS", "object_id": "2", "change_message": "", "user": 1, "content_type": 20}, "model": "admin.logentry", "pk": 51}, {"fields": {"action_flag": 1, "action_time": "2017-01-07T06:08:10Z", "object_repr": "M", "object_id": "3", "change_message": "", "user": 1, "content_type": 20}, "model": "admin.logentry", "pk": 52}, {"fields": {"action_flag": 1, "action_time": "2017-01-07T06:08:17Z", "object_repr": "L", "object_id": "4", "change_message": "", "user": 1, "content_type": 20}, "model": "admin.logentry", "pk": 53}, {"fields": {"action_flag": 2, "action_time": "2017-01-07T06:08:21Z", "object_repr": "L", "object_id": "4", "change_message": "Changed order.", "user": 1, "content_type": 20}, "model": "admin.logentry", "pk": 54}, {"fields": {"action_flag": 1, "action_time": "2017-01-07T06:08:31Z", "object_repr": "XL", "object_id": "5", "change_message": "", "user": 1, "content_type": 20}, "model": "admin.logentry", "pk": 55}, {"fields": {"action_flag": 2, "action_time": "2017-01-07T06:08:38Z", "object_repr": "XL", "object_id": "5", "change_message": "Changed chapter and order.", "user": 1, "content_type": 20}, "model": "admin.logentry", "pk": 56}, {"fields": {"action_flag": 2, "action_time": "2017-01-07T06:08:42Z", "object_repr": "L", "object_id": "4", "change_message": "Changed chapter.", "user": 1, "content_type": 20}, "model": "admin.logentry", "pk": 57}, {"fields": {"action_flag": 2, "action_time": "2017-01-07T06:08:45Z", "object_repr": "M", "object_id": "3", "change_message": "Changed chapter.", "user": 1, "content_type": 20}, "model": "admin.logentry", "pk": 58}, {"fields": {"action_flag": 2, "action_time": "2017-01-07T06:08:50Z", "object_repr": "S", "object_id": "1", "change_message": "Changed chapter.", "user": 1, "content_type": 20}, "model": "admin.logentry", "pk": 59}, {"fields": {"action_flag": 2, "action_time": "2017-01-07T06:08:53Z", "object_repr": "XS", "object_id": "2", "change_message": "Changed chapter.", "user": 1, "content_type": 20}, "model": "admin.logentry", "pk": 60}, {"fields": {"action_flag": 2, "action_time": "2017-01-07T06:09:03Z", "object_repr": "Robogals Melbourne", "object_id": "3", "change_message": "Changed tshirt_enable and tshirt_label.", "user": 1, "content_type": 19}, "model": "admin.logentry", "pk": 61}]